-- MySQL dump 10.13  Distrib 8.0.29, for Win64 (x86_64)
--
-- Host: localhost    Database: market
-- ------------------------------------------------------
-- Server version	8.0.29

/*!40101 SET @OLD_CHARACTER_SET_CLIENT=@@CHARACTER_SET_CLIENT */;
/*!40101 SET @OLD_CHARACTER_SET_RESULTS=@@CHARACTER_SET_RESULTS */;
/*!40101 SET @OLD_COLLATION_CONNECTION=@@COLLATION_CONNECTION */;
/*!50503 SET NAMES utf8 */;
/*!40103 SET @OLD_TIME_ZONE=@@TIME_ZONE */;
/*!40103 SET TIME_ZONE='+00:00' */;
/*!40014 SET @OLD_UNIQUE_CHECKS=@@UNIQUE_CHECKS, UNIQUE_CHECKS=0 */;
/*!40014 SET @OLD_FOREIGN_KEY_CHECKS=@@FOREIGN_KEY_CHECKS, FOREIGN_KEY_CHECKS=0 */;
/*!40101 SET @OLD_SQL_MODE=@@SQL_MODE, SQL_MODE='NO_AUTO_VALUE_ON_ZERO' */;
/*!40111 SET @OLD_SQL_NOTES=@@SQL_NOTES, SQL_NOTES=0 */;

--
-- Table structure for table `admin`
--

DROP TABLE IF EXISTS `admin`;
/*!40101 SET @saved_cs_client     = @@character_set_client */;
/*!50503 SET character_set_client = utf8mb4 */;
CREATE TABLE `admin` (
  `key` int NOT NULL AUTO_INCREMENT,
  `id` varchar(45) NOT NULL,
  `password` varchar(45) NOT NULL,
  `regdate` datetime DEFAULT CURRENT_TIMESTAMP,
  PRIMARY KEY (`key`),
  UNIQUE KEY `id_UNIQUE` (`id`)
) ENGINE=InnoDB AUTO_INCREMENT=2 DEFAULT CHARSET=utf8mb3;
/*!40101 SET character_set_client = @saved_cs_client */;

--
-- Dumping data for table `admin`
--

LOCK TABLES `admin` WRITE;
/*!40000 ALTER TABLE `admin` DISABLE KEYS */;
INSERT INTO `admin` VALUES (1,'admin','1234','2022-11-29 09:44:05');
/*!40000 ALTER TABLE `admin` ENABLE KEYS */;
UNLOCK TABLES;

--
-- Table structure for table `cart`
--

DROP TABLE IF EXISTS `cart`;
/*!40101 SET @saved_cs_client     = @@character_set_client */;
/*!50503 SET character_set_client = utf8mb4 */;
CREATE TABLE `cart` (
  `key` int NOT NULL AUTO_INCREMENT,
  `storecode` int NOT NULL,
  `product_code` int NOT NULL,
  `regnumber` varchar(45) NOT NULL,
  `storename` varchar(45) NOT NULL,
  `product_name` varchar(45) NOT NULL,
  `amount` varchar(45) NOT NULL,
  `price` varchar(45) NOT NULL,
  `discount` varchar(45) DEFAULT NULL,
  `discount_price` varchar(45) DEFAULT NULL,
  `regdate` varchar(45) NOT NULL,
  `display` varchar(45) NOT NULL DEFAULT 'y',
  `cookie` varchar(45) NOT NULL,
  PRIMARY KEY (`key`),
  KEY `cart_store_code_fk_idx` (`storecode`),
  KEY `cart_prod_code_fk_idx` (`product_code`),
  CONSTRAINT `cart_prod_code_ref` FOREIGN KEY (`product_code`) REFERENCES `product` (`code`) ON DELETE CASCADE ON UPDATE CASCADE,
  CONSTRAINT `cart_store_code_ref` FOREIGN KEY (`storecode`) REFERENCES `store` (`code`) ON DELETE CASCADE ON UPDATE CASCADE
) ENGINE=InnoDB AUTO_INCREMENT=108 DEFAULT CHARSET=utf8mb3;
/*!40101 SET character_set_client = @saved_cs_client */;

--
-- Dumping data for table `cart`
--

LOCK TABLES `cart` WRITE;
/*!40000 ALTER TABLE `cart` DISABLE KEYS */;
INSERT INTO `cart` VALUES (66,4,5,'01045452222','임해식품','깍두기','2','3000','y','1000','2023-01-25 16:54:31','n','6255b2'),(67,8,6,'01078784512','부자과일','사과','19','1500','y','1300','2023-01-26 17:15:00','n','6255b2'),(68,8,7,'01078784512','부자과일','풋사과','11','2000','n','','2023-01-26 17:14:57','n','6255b2'),(69,8,10,'01078784512','부자과일','배','6','800','y','500','2023-01-26 17:25:57','n','6255b2'),(70,8,8,'01078784512','부자과일','포도','2','2500','n','','2023-01-26 17:14:49','n','6255b2'),(71,8,6,'01078784512','부자과일','사과','15','1500','y','1300','2023-01-26 17:15:00','n','6255b2'),(72,8,8,'01078784512','부자과일','포도','2','2500','n','','2023-01-26 17:14:49','n','6255b2'),(73,1,1,'01023232222','가메수산','국내생선','2','6532','y','5516','2023-01-25 16:47:53','n','6255b2'),(74,8,6,'01078784512','부자과일','사과','10','1500','y','1300','2023-01-26 17:15:00','n','6255b2'),(75,8,7,'01078784512','부자과일','풋사과','8','2000','n','','2023-01-26 17:14:57','n','6255b2'),(76,1,1,'01023232222','가메수산','국내생선','2','6532','y','5516','2023-01-25 16:47:53','n','6255b2'),(77,1,3,'01023232222','가메수산','굴비','1','3212','n',NULL,'2023-01-25 16:48:09','n','6255b2'),(78,1,2,'01023232222','가메수산','고등어','2','5461','y','3122','2023-01-25 16:48:47','n','6255b2'),(79,8,6,'01078784512','부자과일','사과','8','1500','y','1300','2023-01-26 17:15:00','n','6255b2'),(80,4,5,'01045452222','임해식품','깍두기','2','3000','y','1000','2023-01-25 16:54:31','n','6255b2'),(81,4,4,'01045452222','임해식품','김치','1','5000','y','3000','2023-01-25 16:54:33','n','6255b2'),(83,2,13,'01012341234','종합식육점','삼겹살','4','2000','y','1500','2023-01-25 17:22:51','n','6255b2'),(84,2,12,'01012341234','종합식육점','목살','1','1550','y','1325','2023-01-25 16:56:32','n','6255b2'),(85,2,12,'01012341234','종합식육점','목살','1','1550','y','1325','2023-01-25 16:56:58','n','6255b2'),(86,2,13,'01012341234','종합식육점','삼겹살','4','2000','y','1500','2023-01-25 17:22:51','n','6255b2'),(88,2,13,'01012341234','종합식육점','삼겹살','4','2000','y','1500','2023-01-25 17:22:51','n','6255b2'),(89,2,12,'01012341234','종합식육점','목살','1','1550','y','1325','2023-01-25 17:05:32','n','6255b2'),(91,2,13,'01012341234','종합식육점','삼겹살','3','2000','y','1500','2023-01-25 17:22:51','n','6255b2'),(92,2,13,'01012341234','종합식육점','삼겹살','3','2000','y','1500','2023-01-25 17:22:51','n','6255b2'),(93,2,12,'01012341234','종합식육점','목살','1','1550','y','1325','2023-01-25 17:22:01','n','6255b2'),(96,2,13,'01012341234','종합식육점','삼겹살','1','2000','y','1500','2023-01-25 17:27:49','n','6255b2'),(97,2,12,'01012341234','종합식육점','목살','1','1550','y','1325','2023-01-25 17:28:00','n','6255b2'),(98,2,12,'01012341234','종합식육점','목살','1','1550','y','1325','2023-01-25 17:42:13','y','6255b2'),(99,2,13,'01012341234','종합식육점','삼겹살','1','2000','y','1500','2023-01-25 17:42:16','y','6255b2'),(100,8,10,'01078784512','부자과일','배','6','800','y','500','2023-01-26 17:25:57','y','6255b2'),(101,8,7,'01078784512','부자과일','풋사과','6','2000','n','','2023-01-26 17:14:57','y','6255b2'),(102,8,6,'01078784512','부자과일','사과','8','1500','y','1300','2023-01-26 17:15:00','y','6255b2'),(103,8,8,'01078784512','부자과일','포도','2','2500','n','','2023-01-26 17:14:49','y','6255b2'),(104,8,9,'01078784512','부자과일','복숭아','5','2000','y','1800','2023-01-26 17:15:14','y','6255b2'),(105,4,4,'01045452222','임해식품','김치','1','5000','y','3000','2023-02-10 13:56:58','y','b6cc23'),(106,4,5,'01045452222','임해식품','깍두기','1','3000','y','1000','2023-02-10 13:57:02','y','b6cc23'),(107,4,4,'01045452222','임해식품','김치','1','5000','y','3000','2023-02-20 16:14:37','y','578599');
/*!40000 ALTER TABLE `cart` ENABLE KEYS */;
UNLOCK TABLES;

--
-- Table structure for table `category`
--

DROP TABLE IF EXISTS `category`;
/*!40101 SET @saved_cs_client     = @@character_set_client */;
/*!50503 SET character_set_client = utf8mb4 */;
CREATE TABLE `category` (
  `key` int NOT NULL AUTO_INCREMENT,
  `code` int NOT NULL,
  `name` varchar(45) NOT NULL,
  `image` varchar(45) DEFAULT NULL,
  `active` varchar(45) NOT NULL DEFAULT 'y',
  `regdate` datetime DEFAULT CURRENT_TIMESTAMP,
  PRIMARY KEY (`key`),
  UNIQUE KEY `code_UNIQUE` (`code`)
) ENGINE=InnoDB AUTO_INCREMENT=17 DEFAULT CHARSET=utf8mb3;
/*!40101 SET character_set_client = @saved_cs_client */;

--
-- Dumping data for table `category`
--

LOCK TABLES `category` WRITE;
/*!40000 ALTER TABLE `category` DISABLE KEYS */;
INSERT INTO `category` VALUES (1,1,'정육','icon_main_menu_01.png','y','2023-01-06 15:08:36'),(2,2,'수산','icon_main_menu_02.png','y','2022-12-02 10:06:19'),(3,3,'민물','icon_main_menu_03.png','y','2022-12-02 10:06:19'),(4,4,'채소','icon_main_menu_04.png','y','2022-12-02 10:06:19'),(5,5,'과일','icon_main_menu_05.png','y','2022-12-02 10:06:19'),(6,6,'반찬','icon_main_menu_06.png','y','2022-12-02 10:06:19'),(7,7,'식당','icon_main_menu_07.png','y','2022-12-02 10:06:19'),(8,8,'건어물','icon_main_menu_08.png','y','2022-12-02 10:06:19'),(9,9,'기타','icon_main_menu_09.png','y','2022-12-02 10:06:19'),(10,10,'할인중','icon_main_menu_10.png','y','2022-12-02 10:06:19'),(14,11,'테스트','images.png','y','2023-01-06 14:23:49');
/*!40000 ALTER TABLE `category` ENABLE KEYS */;
UNLOCK TABLES;

--
-- Table structure for table `connect`
--

DROP TABLE IF EXISTS `connect`;
/*!40101 SET @saved_cs_client     = @@character_set_client */;
/*!50503 SET character_set_client = utf8mb4 */;
CREATE TABLE `connect` (
  `key` int NOT NULL AUTO_INCREMENT,
  `ip` varchar(45) NOT NULL,
  `platform` varchar(45) NOT NULL,
  `category_code` varchar(45) NOT NULL,
  `category_name` varchar(45) NOT NULL,
  `date` datetime NOT NULL DEFAULT CURRENT_TIMESTAMP,
  PRIMARY KEY (`key`)
) ENGINE=InnoDB AUTO_INCREMENT=564 DEFAULT CHARSET=utf8mb3;
/*!40101 SET character_set_client = @saved_cs_client */;

--
-- Dumping data for table `connect`
--

LOCK TABLES `connect` WRITE;
/*!40000 ALTER TABLE `connect` DISABLE KEYS */;
INSERT INTO `connect` VALUES (1,'211.220.39.38','컴퓨터','2','수산','2023-01-05 12:23:57'),(2,'211.220.39.38','컴퓨터','0','전체','2023-01-05 13:30:45'),(3,'211.220.39.38','컴퓨터','0','전체','2023-01-05 13:30:47'),(4,'211.220.39.38','컴퓨터','0','전체','2023-01-05 13:31:07'),(5,'211.220.39.38','컴퓨터','0','전체','2023-01-05 13:31:09'),(6,'211.220.39.38','컴퓨터','0','전체','2023-01-05 13:31:10'),(7,'211.220.39.38','컴퓨터','0','전체','2023-01-05 13:31:20'),(8,'211.220.39.38','컴퓨터','1','정육','2023-01-05 13:31:47'),(9,'211.220.39.38','컴퓨터','3','민물','2023-01-05 13:31:54'),(10,'211.220.39.38','컴퓨터','0','전체','2023-01-05 13:32:01'),(11,'211.220.39.38','컴퓨터','5','과일','2023-01-05 13:32:07'),(12,'211.220.39.38','컴퓨터','9','기타','2023-01-05 13:35:30'),(13,'211.220.39.38','컴퓨터','2','수산','2023-01-05 17:41:01'),(14,'211.220.39.38','컴퓨터','2','수산','2023-01-06 11:25:13'),(15,'211.220.39.38','컴퓨터','1','정육','2023-01-06 11:25:41'),(16,'211.220.39.38','컴퓨터','1','정육','2023-01-06 11:25:50'),(17,'211.220.39.38','컴퓨터','2','수산','2023-01-06 11:26:35'),(18,'211.220.39.38','컴퓨터','1','정육','2023-01-06 11:26:39'),(19,'211.220.39.38','컴퓨터','3','민물','2023-01-06 11:26:41'),(20,'211.220.39.38','컴퓨터','2','수산','2023-01-06 11:26:43'),(21,'211.220.39.38','컴퓨터','1','정육','2023-01-06 11:26:44'),(22,'211.220.39.38','컴퓨터','2','수산','2023-01-06 17:31:48'),(23,'211.220.39.38','컴퓨터','1','정육','2023-01-06 17:31:51'),(24,'211.220.39.38','컴퓨터','0','전체','2023-01-06 17:31:52'),(25,'211.220.39.38','컴퓨터','2','수산','2023-01-06 17:31:55'),(26,'211.220.39.38','컴퓨터','0','전체','2023-01-06 17:31:57'),(27,'211.220.39.38','컴퓨터','1','정육','2023-01-06 17:31:59'),(28,'211.220.39.38','컴퓨터','2','수산','2023-01-06 17:32:05'),(29,'211.220.39.38','컴퓨터','7','식당','2023-01-06 17:32:10'),(30,'211.220.39.38','컴퓨터','1','정육','2023-01-06 17:32:23'),(31,'211.220.39.38','컴퓨터','0','전체','2023-01-06 17:32:25'),(32,'211.220.39.38','컴퓨터','1','정육','2023-01-06 17:32:27'),(33,'211.220.39.38','컴퓨터','2','수산','2023-01-06 17:32:28'),(34,'211.220.39.38','컴퓨터','3','민물','2023-01-06 17:54:42'),(35,'211.220.39.38','컴퓨터','1','정육','2023-01-06 17:54:44'),(36,'211.220.39.38','컴퓨터','0','전체','2023-01-06 17:54:46'),(37,'211.220.39.38','컴퓨터','2','수산','2023-01-09 09:32:43'),(38,'211.220.39.38','컴퓨터','1','정육','2023-01-09 09:32:45'),(39,'211.220.39.38','컴퓨터','0','전체','2023-01-09 09:32:46'),(40,'211.220.39.38','컴퓨터','1','정육','2023-01-09 09:32:48'),(41,'211.220.39.38','컴퓨터','0','전체','2023-01-09 09:32:49'),(42,'211.220.39.38','컴퓨터','2','수산','2023-01-09 11:33:45'),(43,'211.220.39.38','컴퓨터','1','정육','2023-01-09 11:33:48'),(44,'211.220.39.38','컴퓨터','0','전체','2023-01-09 11:33:50'),(45,'211.220.39.38','컴퓨터','3','민물','2023-01-09 11:33:51'),(46,'211.220.39.38','컴퓨터','2','수산','2023-01-09 11:33:52'),(47,'211.220.39.38','컴퓨터','1','정육','2023-01-09 11:33:53'),(48,'211.220.39.38','컴퓨터','0','전체','2023-01-09 11:33:54'),(49,'211.220.39.38','컴퓨터','2','수산','2023-01-09 15:27:07'),(50,'211.220.39.38','컴퓨터','5','과일','2023-01-10 11:51:43'),(51,'211.220.39.38','컴퓨터','5','과일','2023-01-10 11:52:00'),(52,'211.220.39.38','컴퓨터','5','과일','2023-01-10 12:14:28'),(53,'211.220.39.38','컴퓨터','5','과일','2023-01-10 12:14:33'),(54,'211.220.39.38','컴퓨터','5','과일','2023-01-10 12:15:10'),(55,'211.220.39.38','컴퓨터','5','과일','2023-01-10 12:16:12'),(56,'211.220.39.38','컴퓨터','5','과일','2023-01-10 13:31:42'),(57,'211.220.39.38','컴퓨터','0','전체','2023-01-10 13:31:45'),(58,'211.220.39.38','컴퓨터','1','정육','2023-01-10 13:31:52'),(59,'211.220.39.38','컴퓨터','0','전체','2023-01-10 13:31:53'),(60,'211.220.39.38','컴퓨터','2','수산','2023-01-10 14:01:32'),(61,'211.220.39.38','컴퓨터','0','전체','2023-01-10 14:14:32'),(62,'211.220.39.38','컴퓨터','2','수산','2023-01-10 14:27:23'),(63,'211.220.39.38','컴퓨터','2','수산','2023-01-10 14:27:28'),(64,'211.220.39.38','컴퓨터','2','수산','2023-01-10 14:47:32'),(65,'211.220.39.38','컴퓨터','5','과일','2023-01-10 14:59:28'),(66,'211.220.39.38','컴퓨터','5','과일','2023-01-10 15:00:04'),(67,'211.220.39.38','컴퓨터','1','정육','2023-01-10 15:06:31'),(68,'211.220.39.38','컴퓨터','1','정육','2023-01-10 15:06:36'),(69,'211.220.39.38','컴퓨터','0','전체','2023-01-10 15:06:41'),(70,'211.220.39.38','컴퓨터','2','수산','2023-01-10 16:09:17'),(71,'211.220.39.38','컴퓨터','3','민물','2023-01-10 16:09:20'),(72,'211.220.39.38','컴퓨터','1','정육','2023-01-10 16:09:21'),(73,'211.220.39.38','컴퓨터','0','전체','2023-01-10 16:09:22'),(74,'211.220.39.38','컴퓨터','2','수산','2023-01-11 15:09:09'),(75,'211.220.39.38','컴퓨터','1','정육','2023-01-12 11:33:36'),(76,'211.220.39.38','컴퓨터','2','수산','2023-01-12 12:27:03'),(77,'211.220.39.38','컴퓨터','1','정육','2023-01-12 12:27:05'),(78,'211.220.39.38','컴퓨터','0','전체','2023-01-12 12:27:06'),(79,'192.168.0.1','컴퓨터','2','수산','2023-01-12 16:07:31'),(80,'192.168.0.1','컴퓨터','2','수산','2023-01-12 16:08:26'),(81,'192.168.0.1','컴퓨터','2','수산','2023-01-12 16:08:28'),(82,'192.168.0.1','컴퓨터','1','정육','2023-01-12 16:19:55'),(83,'192.168.0.1','컴퓨터','0','전체','2023-01-12 16:20:21'),(84,'192.168.0.1','컴퓨터','1','정육','2023-01-12 16:20:22'),(85,'192.168.0.1','컴퓨터','0','전체','2023-01-12 16:20:23'),(86,'192.168.0.1','컴퓨터','1','정육','2023-01-12 16:20:24'),(87,'192.168.0.1','컴퓨터','0','전체','2023-01-12 16:20:25'),(88,'192.168.0.1','컴퓨터','2','수산','2023-01-12 16:25:44'),(89,'192.168.0.1','컴퓨터','1','정육','2023-01-12 16:32:22'),(90,'192.168.0.1','컴퓨터','0','전체','2023-01-12 16:32:23'),(91,'192.168.0.1','컴퓨터','1','정육','2023-01-12 16:32:27'),(92,'192.168.0.1','컴퓨터','2','수산','2023-01-13 15:28:05'),(93,'192.168.0.1','컴퓨터','2','수산','2023-01-13 15:29:24'),(94,'192.168.0.1','컴퓨터','2','수산','2023-01-13 15:42:09'),(95,'192.168.0.1','컴퓨터','2','수산','2023-01-13 15:59:17'),(96,'192.168.0.1','컴퓨터','0','전체','2023-01-13 15:59:18'),(97,'192.168.0.1','컴퓨터','6','반찬','2023-01-16 11:12:43'),(98,'192.168.0.1','컴퓨터','1','정육','2023-01-16 11:12:44'),(99,'192.168.0.1','컴퓨터','0','전체','2023-01-16 11:12:45'),(100,'192.168.0.1','컴퓨터','2','수산','2023-01-16 14:16:13'),(101,'192.168.0.1','컴퓨터','2','수산','2023-01-16 14:21:22'),(102,'192.168.0.1','컴퓨터','3','민물','2023-01-16 14:33:50'),(103,'118.235.42.109','모바일','2','수산','2023-01-16 16:03:30'),(104,'118.235.42.109','모바일','1','정육','2023-01-16 16:03:52'),(105,'118.235.42.109','모바일','2','수산','2023-01-16 16:05:18'),(106,'118.235.42.109','모바일','3','민물','2023-01-16 16:05:19'),(107,'118.235.42.109','모바일','1','정육','2023-01-16 16:05:21'),(108,'118.235.42.109','모바일','0','전체','2023-01-16 16:05:23'),(109,'192.168.0.1','컴퓨터','2','수산','2023-01-17 17:19:39'),(110,'192.168.0.1','컴퓨터','1','정육','2023-01-17 17:19:42'),(111,'192.168.0.1','컴퓨터','1','정육','2023-01-17 17:20:01'),(112,'192.168.0.1','컴퓨터','1','정육','2023-01-17 17:34:30'),(113,'192.168.0.1','컴퓨터','1','정육','2023-01-17 17:34:45'),(114,'192.168.0.1','컴퓨터','0','전체','2023-01-17 17:34:47'),(115,'192.168.0.1','컴퓨터','0','전체','2023-01-17 17:34:51'),(116,'192.168.0.1','컴퓨터','0','전체','2023-01-17 17:34:51'),(117,'192.168.0.1','컴퓨터','0','전체','2023-01-17 17:34:52'),(118,'192.168.0.1','컴퓨터','0','전체','2023-01-17 17:35:02'),(119,'192.168.0.1','컴퓨터','0','전체','2023-01-17 17:35:03'),(120,'192.168.0.1','컴퓨터','0','전체','2023-01-17 17:35:03'),(121,'192.168.0.1','컴퓨터','0','전체','2023-01-17 17:35:04'),(122,'192.168.0.1','컴퓨터','0','전체','2023-01-17 17:35:04'),(123,'192.168.0.1','컴퓨터','0','전체','2023-01-17 17:35:05'),(124,'192.168.0.1','컴퓨터','0','전체','2023-01-17 17:35:05'),(125,'192.168.0.1','컴퓨터','0','전체','2023-01-17 17:35:05'),(126,'192.168.0.1','컴퓨터','0','전체','2023-01-17 17:35:06'),(127,'192.168.0.1','컴퓨터','0','전체','2023-01-17 17:35:06'),(128,'192.168.0.1','컴퓨터','0','전체','2023-01-17 17:35:07'),(129,'192.168.0.1','컴퓨터','0','전체','2023-01-17 17:35:07'),(130,'192.168.0.1','컴퓨터','0','전체','2023-01-17 17:35:07'),(131,'192.168.0.1','컴퓨터','0','전체','2023-01-17 17:35:07'),(132,'192.168.0.1','컴퓨터','0','전체','2023-01-17 17:35:08'),(133,'192.168.0.1','컴퓨터','0','전체','2023-01-17 17:35:08'),(134,'192.168.0.1','컴퓨터','0','전체','2023-01-17 17:35:08'),(135,'192.168.0.1','컴퓨터','0','전체','2023-01-17 17:35:09'),(136,'192.168.0.1','컴퓨터','0','전체','2023-01-17 17:35:09'),(137,'192.168.0.1','컴퓨터','0','전체','2023-01-17 17:36:37'),(138,'192.168.0.1','컴퓨터','0','전체','2023-01-17 17:36:38'),(139,'192.168.0.1','컴퓨터','0','전체','2023-01-17 17:36:38'),(140,'192.168.0.1','컴퓨터','0','전체','2023-01-17 17:36:39'),(141,'192.168.0.1','컴퓨터','0','전체','2023-01-17 17:36:40'),(142,'192.168.0.1','컴퓨터','0','전체','2023-01-17 17:36:40'),(143,'192.168.0.1','컴퓨터','0','전체','2023-01-17 17:36:40'),(144,'192.168.0.1','컴퓨터','2','수산','2023-01-18 13:39:46'),(145,'192.168.0.1','컴퓨터','1','정육','2023-01-18 13:39:47'),(146,'192.168.0.1','컴퓨터','2','수산','2023-01-18 13:49:11'),(147,'192.168.0.1','컴퓨터','1','정육','2023-01-18 13:49:13'),(148,'192.168.0.1','컴퓨터','2','수산','2023-01-18 15:16:48'),(149,'192.168.0.1','컴퓨터','1','정육','2023-01-18 15:16:50'),(150,'192.168.0.1','컴퓨터','2','수산','2023-01-18 15:16:55'),(151,'192.168.0.1','컴퓨터','1','정육','2023-01-18 15:16:56'),(152,'192.168.0.1','컴퓨터','0','전체','2023-01-18 15:16:58'),(153,'192.168.0.1','컴퓨터','10','할인중','2023-01-18 17:57:15'),(154,'192.168.0.1','컴퓨터','2','수산','2023-01-19 15:18:38'),(155,'192.168.0.1','컴퓨터','1','정육','2023-01-19 15:18:39'),(156,'192.168.0.1','컴퓨터','0','전체','2023-01-19 15:18:40'),(157,'192.168.0.1','컴퓨터','2','수산','2023-01-19 17:31:16'),(158,'192.168.0.1','컴퓨터','3','민물','2023-01-19 17:31:18'),(159,'192.168.0.1','컴퓨터','1','정육','2023-01-19 17:31:19'),(160,'192.168.0.1','컴퓨터','0','전체','2023-01-19 17:31:20'),(161,'192.168.0.1','컴퓨터','10','할인중','2023-01-19 17:34:05'),(162,'192.168.0.1','컴퓨터','2','수산','2023-01-19 17:34:25'),(163,'192.168.0.1','컴퓨터','2','수산','2023-01-19 17:34:26'),(164,'192.168.0.1','컴퓨터','10','할인중','2023-01-19 17:34:28'),(165,'192.168.0.1','컴퓨터','1','정육','2023-01-25 14:07:34'),(166,'192.168.0.1','컴퓨터','3','민물','2023-01-25 14:08:54'),(167,'192.168.0.1','컴퓨터','2','수산','2023-01-25 14:11:30'),(168,'192.168.0.1','컴퓨터','1','정육','2023-01-25 14:11:32'),(169,'192.168.0.1','컴퓨터','0','전체','2023-01-25 14:11:33'),(170,'192.168.0.1','컴퓨터','1','정육','2023-01-25 14:37:00'),(171,'192.168.0.1','컴퓨터','0','전체','2023-01-25 14:37:02'),(172,'192.168.0.1','컴퓨터','1','정육','2023-01-25 14:41:39'),(173,'192.168.0.1','컴퓨터','3','민물','2023-01-25 14:41:40'),(174,'192.168.0.1','컴퓨터','4','채소','2023-01-25 14:41:41'),(175,'192.168.0.1','컴퓨터','3','민물','2023-01-25 14:41:42'),(176,'192.168.0.1','컴퓨터','2','수산','2023-01-25 14:41:42'),(177,'192.168.0.1','컴퓨터','1','정육','2023-01-25 14:41:43'),(178,'192.168.0.1','컴퓨터','5','과일','2023-01-25 14:41:44'),(179,'192.168.0.1','컴퓨터','3','민물','2023-01-25 14:41:45'),(180,'192.168.0.1','컴퓨터','4','채소','2023-01-25 14:41:46'),(181,'192.168.0.1','컴퓨터','2','수산','2023-01-25 14:41:47'),(182,'192.168.0.1','컴퓨터','1','정육','2023-01-25 14:41:48'),(183,'192.168.0.1','컴퓨터','0','전체','2023-01-25 14:41:48'),(184,'192.168.0.1','컴퓨터','1','정육','2023-01-25 14:42:13'),(185,'192.168.0.1','컴퓨터','3','민물','2023-01-25 14:53:45'),(186,'192.168.0.1','컴퓨터','7','식당','2023-01-25 14:53:50'),(187,'192.168.0.1','컴퓨터','1','정육','2023-01-25 14:54:00'),(188,'192.168.0.1','컴퓨터','1','정육','2023-01-25 14:54:03'),(189,'192.168.0.1','컴퓨터','0','전체','2023-01-25 14:54:04'),(190,'192.168.0.1','컴퓨터','1','정육','2023-01-25 14:54:13'),(191,'192.168.0.1','컴퓨터','0','전체','2023-01-25 14:54:14'),(192,'192.168.0.1','컴퓨터','2','수산','2023-01-25 14:54:31'),(193,'192.168.0.1','컴퓨터','3','민물','2023-01-25 14:54:40'),(194,'192.168.0.1','컴퓨터','4','채소','2023-01-25 14:54:41'),(195,'192.168.0.1','컴퓨터','1','정육','2023-01-25 14:54:49'),(196,'192.168.0.1','컴퓨터','0','전체','2023-01-25 14:54:50'),(197,'192.168.0.1','컴퓨터','1','정육','2023-01-25 14:54:56'),(198,'192.168.0.1','컴퓨터','0','전체','2023-01-25 14:54:57'),(199,'192.168.0.1','컴퓨터','1','정육','2023-01-25 14:55:35'),(200,'192.168.0.1','컴퓨터','5','과일','2023-01-25 14:56:55'),(201,'192.168.0.1','컴퓨터','4','채소','2023-01-25 14:56:57'),(202,'192.168.0.1','컴퓨터','3','민물','2023-01-25 14:56:58'),(203,'192.168.0.1','컴퓨터','2','수산','2023-01-25 14:56:58'),(204,'192.168.0.1','컴퓨터','1','정육','2023-01-25 14:56:59'),(205,'192.168.0.1','컴퓨터','0','전체','2023-01-25 14:57:00'),(206,'192.168.0.1','컴퓨터','4','채소','2023-01-25 14:57:01'),(207,'192.168.0.1','컴퓨터','3','민물','2023-01-25 14:57:02'),(208,'192.168.0.1','컴퓨터','3','민물','2023-01-25 16:20:55'),(209,'192.168.0.1','컴퓨터','3','민물','2023-01-25 16:21:19'),(210,'192.168.0.1','컴퓨터','3','민물','2023-01-25 16:21:28'),(211,'192.168.0.1','컴퓨터','3','민물','2023-01-25 16:21:45'),(212,'192.168.0.1','컴퓨터','3','민물','2023-01-25 16:23:09'),(213,'192.168.0.1','컴퓨터','3','민물','2023-01-25 16:23:51'),(214,'192.168.0.1','컴퓨터','5','과일','2023-01-25 16:48:55'),(215,'192.168.0.1','컴퓨터','2','수산','2023-01-25 16:55:03'),(216,'192.168.0.1','컴퓨터','2','수산','2023-01-25 16:57:17'),(217,'192.168.0.1','컴퓨터','3','민물','2023-01-25 17:43:17'),(218,'192.168.0.1','컴퓨터','0','전체','2023-01-25 17:43:25'),(219,'192.168.0.1','모바일','1','정육','2023-01-30 14:49:13'),(220,'192.168.0.1','모바일','0','전체','2023-01-30 14:49:14'),(221,'192.168.0.1','모바일','2','수산','2023-01-30 14:49:42'),(222,'192.168.0.1','모바일','1','정육','2023-01-30 14:50:10'),(223,'192.168.0.1','모바일','0','전체','2023-01-30 14:50:12'),(224,'192.168.0.1','모바일','2','수산','2023-01-30 14:50:33'),(225,'192.168.0.1','모바일','1','정육','2023-01-30 14:51:18'),(226,'192.168.0.1','모바일','6','반찬','2023-01-30 14:51:26'),(227,'192.168.0.1','모바일','6','반찬','2023-01-30 14:51:28'),(228,'175.214.137.246','모바일','1','정육','2023-01-30 18:00:56'),(229,'175.214.137.246','모바일','2','수산','2023-01-30 18:14:03'),(230,'118.235.42.15','모바일','0','전체','2023-01-30 18:14:14'),(231,'118.235.42.15','모바일','3','민물','2023-01-30 18:40:35'),(232,'118.235.42.15','모바일','0','전체','2023-01-30 18:40:44'),(233,'118.235.42.15','모바일','1','정육','2023-01-30 18:43:53'),(234,'118.235.42.15','모바일','0','전체','2023-01-30 18:43:55'),(235,'175.223.14.213','모바일','1','정육','2023-01-30 20:13:53'),(236,'175.223.14.213','모바일','2','수산','2023-01-30 20:13:59'),(237,'118.235.43.234','모바일','2','수산','2023-01-30 22:27:40'),(238,'117.111.18.196','모바일','1','정육','2023-01-31 09:32:39'),(239,'118.235.43.70','모바일','2','수산','2023-01-31 09:52:17'),(240,'118.235.43.70','모바일','0','전체','2023-01-31 09:56:20'),(241,'211.220.39.38','모바일','2','수산','2023-01-31 10:21:24'),(242,'211.220.39.38','모바일','2','수산','2023-01-31 10:21:42'),(243,'118.235.43.70','모바일','2','수산','2023-01-31 10:48:15'),(244,'118.235.43.70','모바일','2','수산','2023-01-31 10:57:11'),(245,'118.235.43.70','모바일','1','정육','2023-01-31 10:57:29'),(246,'211.220.39.38','컴퓨터','2','수산','2023-01-31 10:59:33'),(247,'118.235.43.70','모바일','2','수산','2023-01-31 11:16:31'),(248,'118.235.43.70','모바일','0','전체','2023-01-31 11:16:36'),(249,'118.235.43.70','모바일','1','정육','2023-01-31 11:17:02'),(250,'118.235.43.70','모바일','2','수산','2023-01-31 11:17:19'),(251,'118.235.43.70','모바일','3','민물','2023-01-31 11:17:28'),(252,'211.220.39.38','모바일','2','수산','2023-01-31 11:25:51'),(253,'45.148.169.239','모바일','2','수산','2023-01-31 11:36:14'),(254,'45.148.169.239','모바일','1','정육','2023-01-31 11:36:34'),(255,'45.148.169.238','모바일','2','수산','2023-01-31 11:37:52'),(256,'211.220.39.38','모바일','2','수산','2023-01-31 17:14:14'),(257,'211.220.39.38','모바일','2','수산','2023-01-31 17:17:03'),(258,'211.220.39.38','모바일','2','수산','2023-01-31 17:17:57'),(259,'211.220.39.38','모바일','2','수산','2023-01-31 17:34:08'),(260,'211.220.39.38','모바일','2','수산','2023-01-31 17:38:20'),(261,'211.220.39.38','모바일','2','수산','2023-01-31 17:41:42'),(262,'211.220.39.38','모바일','2','수산','2023-01-31 17:42:15'),(263,'211.220.39.38','모바일','2','수산','2023-01-31 17:42:27'),(264,'211.220.39.38','모바일','2','수산','2023-01-31 17:46:23'),(265,'118.235.43.115','모바일','2','수산','2023-01-31 18:16:58'),(266,'118.235.43.115','모바일','0','전체','2023-01-31 18:17:07'),(267,'118.235.43.115','모바일','2','수산','2023-01-31 18:41:21'),(268,'118.235.43.115','모바일','0','전체','2023-01-31 18:42:33'),(269,'118.235.43.115','모바일','2','수산','2023-01-31 21:43:23'),(270,'118.235.43.115','모바일','1','정육','2023-02-01 08:31:08'),(271,'118.235.43.115','모바일','0','전체','2023-02-01 08:31:10'),(272,'118.235.43.115','모바일','1','정육','2023-02-01 08:34:38'),(273,'211.220.39.38','컴퓨터','2','수산','2023-02-01 09:42:51'),(274,'211.220.39.38','컴퓨터','0','전체','2023-02-01 09:42:52'),(275,'211.220.39.38','컴퓨터','1','정육','2023-02-01 09:42:55'),(276,'211.220.39.38','컴퓨터','2','수산','2023-02-01 09:42:55'),(277,'211.220.39.38','컴퓨터','3','민물','2023-02-01 09:42:56'),(278,'211.220.39.38','컴퓨터','4','채소','2023-02-01 09:42:57'),(279,'211.220.39.38','컴퓨터','0','전체','2023-02-01 09:42:57'),(280,'118.235.43.115','모바일','1','정육','2023-02-01 09:43:34'),(281,'118.235.43.115','모바일','0','전체','2023-02-01 09:43:36'),(282,'211.220.39.38','모바일','2','수산','2023-02-01 11:43:24'),(283,'118.235.43.115','모바일','3','민물','2023-02-01 11:45:53'),(284,'118.235.43.115','모바일','1','정육','2023-02-01 11:46:21'),(285,'118.235.43.115','모바일','6','반찬','2023-02-01 11:46:34'),(286,'118.235.43.115','모바일','2','수산','2023-02-01 16:19:27'),(287,'118.235.42.146','모바일','2','수산','2023-02-02 09:38:55'),(288,'118.235.42.146','모바일','4','채소','2023-02-02 09:39:08'),(289,'118.235.42.146','모바일','1','정육','2023-02-02 09:39:35'),(290,'118.235.42.146','모바일','0','전체','2023-02-02 09:39:37'),(291,'118.235.42.146','모바일','1','정육','2023-02-02 09:39:50'),(292,'118.235.42.146','모바일','1','정육','2023-02-02 09:39:53'),(293,'118.235.42.146','모바일','1','정육','2023-02-02 09:39:57'),(294,'118.235.42.146','모바일','2','수산','2023-02-02 09:40:24'),(295,'211.220.39.38','모바일','1','정육','2023-02-02 09:50:52'),(296,'211.220.39.38','모바일','3','민물','2023-02-02 09:50:59'),(297,'211.220.39.38','모바일','8','건어물','2023-02-02 09:54:03'),(298,'211.220.39.38','모바일','2','수산','2023-02-02 10:07:56'),(299,'118.235.42.146','모바일','2','수산','2023-02-02 10:10:50'),(300,'118.235.42.146','모바일','2','수산','2023-02-02 10:11:16'),(301,'118.235.42.146','모바일','1','정육','2023-02-02 10:13:38'),(302,'211.220.39.38','모바일','2','수산','2023-02-02 10:24:03'),(303,'211.220.39.38','컴퓨터','2','수산','2023-02-02 10:34:23'),(304,'211.220.39.38','모바일','2','수산','2023-02-02 10:35:14'),(305,'118.235.42.146','모바일','2','수산','2023-02-02 11:14:15'),(306,'118.235.42.146','모바일','2','수산','2023-02-02 12:36:41'),(307,'118.235.42.146','모바일','2','수산','2023-02-02 14:29:58'),(308,'118.235.42.146','모바일','8','건어물','2023-02-02 14:35:26'),(309,'118.235.42.146','모바일','1','정육','2023-02-02 14:35:43'),(310,'211.220.39.38','컴퓨터','3','민물','2023-02-02 14:36:10'),(311,'211.220.39.38','컴퓨터','2','수산','2023-02-02 14:36:14'),(312,'211.220.39.38','컴퓨터','2','수산','2023-02-02 14:36:16'),(313,'211.220.39.38','컴퓨터','7','식당','2023-02-02 14:36:18'),(314,'118.235.42.146','모바일','4','채소','2023-02-02 14:36:32'),(315,'211.220.39.38','컴퓨터','2','수산','2023-02-02 14:36:52'),(316,'211.220.39.38','컴퓨터','2','수산','2023-02-02 14:36:55'),(317,'118.235.42.146','모바일','2','수산','2023-02-02 14:51:29'),(318,'118.235.42.146','모바일','3','민물','2023-02-02 14:51:33'),(319,'118.235.42.146','모바일','4','채소','2023-02-02 14:51:45'),(320,'118.235.42.146','모바일','1','정육','2023-02-02 14:51:49'),(321,'118.235.42.146','모바일','8','건어물','2023-02-02 14:52:21'),(322,'118.235.42.146','모바일','1','정육','2023-02-02 14:52:23'),(323,'118.235.42.146','모바일','0','전체','2023-02-02 14:52:24'),(324,'118.235.42.146','모바일','3','민물','2023-02-02 14:52:39'),(325,'118.235.42.146','모바일','7','식당','2023-02-02 14:52:57'),(326,'118.235.42.146','모바일','1','정육','2023-02-02 14:53:07'),(327,'211.220.39.38','모바일','2','수산','2023-02-02 15:29:30'),(328,'118.235.42.146','모바일','2','수산','2023-02-02 16:04:39'),(329,'118.235.42.146','모바일','2','수산','2023-02-02 17:08:17'),(330,'118.235.42.146','모바일','1','정육','2023-02-02 17:08:28'),(331,'118.235.42.146','모바일','0','전체','2023-02-02 17:08:30'),(332,'118.235.42.146','모바일','1','정육','2023-02-02 18:23:18'),(333,'118.235.42.146','모바일','0','전체','2023-02-02 18:23:20'),(334,'118.235.42.146','모바일','11','테스트','2023-02-02 18:23:42'),(335,'118.235.42.146','모바일','2','수산','2023-02-02 18:47:50'),(336,'118.235.42.146','모바일','2','수산','2023-02-02 18:47:53'),(337,'118.235.42.146','모바일','0','전체','2023-02-02 18:48:23'),(338,'118.235.42.146','모바일','3','민물','2023-02-02 19:15:57'),(339,'118.235.42.146','모바일','1','정육','2023-02-02 19:16:01'),(340,'118.235.42.146','모바일','2','수산','2023-02-02 19:16:05'),(341,'118.235.42.146','모바일','3','민물','2023-02-02 19:16:08'),(342,'118.235.42.146','모바일','8','건어물','2023-02-03 00:48:52'),(343,'118.235.42.146','모바일','1','정육','2023-02-03 00:49:06'),(344,'118.235.42.146','모바일','2','수산','2023-02-03 00:49:23'),(345,'118.235.42.194','모바일','5','과일','2023-02-03 12:05:30'),(346,'118.235.42.194','모바일','0','전체','2023-02-03 12:05:32'),(347,'118.235.42.194','모바일','9','기타','2023-02-03 12:08:05'),(348,'118.235.42.194','모바일','5','과일','2023-02-03 12:08:10'),(349,'118.235.42.194','모바일','1','정육','2023-02-03 20:13:44'),(350,'118.235.42.194','모바일','0','전체','2023-02-03 20:13:46'),(351,'118.235.41.7','모바일','1','정육','2023-02-06 12:48:35'),(352,'118.235.41.7','모바일','0','전체','2023-02-06 12:48:38'),(353,'211.220.39.38','모바일','2','수산','2023-02-06 14:11:54'),(354,'211.220.39.38','모바일','1','정육','2023-02-06 14:12:01'),(355,'211.220.39.38','모바일','0','전체','2023-02-06 14:12:02'),(356,'118.235.41.7','모바일','3','민물','2023-02-06 14:28:40'),(357,'211.220.39.38','모바일','2','수산','2023-02-06 14:58:57'),(358,'211.220.39.38','모바일','1','정육','2023-02-06 14:59:04'),(359,'118.235.41.7','모바일','1','정육','2023-02-06 15:18:56'),(360,'157.52.144.4','모바일','5','과일','2023-02-06 15:25:59'),(361,'157.52.144.4','모바일','0','전체','2023-02-06 15:26:12'),(362,'211.220.39.38','모바일','1','정육','2023-02-06 15:26:26'),(363,'211.220.39.38','모바일','2','수산','2023-02-06 16:19:42'),(364,'211.220.39.38','모바일','2','수산','2023-02-06 16:23:26'),(365,'211.220.39.38','모바일','1','정육','2023-02-06 16:24:36'),(366,'118.235.41.7','모바일','2','수산','2023-02-06 16:42:29'),(367,'118.235.41.7','모바일','2','수산','2023-02-06 16:43:43'),(368,'118.235.41.7','모바일','1','정육','2023-02-06 16:43:45'),(369,'118.235.41.7','모바일','0','전체','2023-02-06 16:43:46'),(370,'118.235.41.7','모바일','2','수산','2023-02-06 17:06:14'),(371,'211.220.39.38','모바일','2','수산','2023-02-06 17:16:29'),(372,'211.220.39.38','모바일','2','수산','2023-02-06 17:23:01'),(373,'211.220.39.38','모바일','1','정육','2023-02-06 17:23:15'),(374,'211.220.39.38','모바일','0','전체','2023-02-06 17:23:28'),(375,'118.235.41.7','모바일','2','수산','2023-02-06 17:30:43'),(376,'118.235.41.7','모바일','2','수산','2023-02-06 17:51:22'),(377,'118.235.41.7','모바일','2','수산','2023-02-06 17:51:50'),(378,'118.235.41.7','모바일','1','정육','2023-02-06 18:05:35'),(379,'118.235.41.7','모바일','1','정육','2023-02-06 18:05:36'),(380,'118.235.41.7','모바일','1','정육','2023-02-06 21:44:42'),(381,'118.235.41.7','모바일','0','전체','2023-02-06 21:44:43'),(382,'118.235.41.7','모바일','1','정육','2023-02-06 21:44:47'),(383,'211.220.39.38','모바일','2','수산','2023-02-07 09:58:34'),(384,'118.235.41.102','모바일','1','정육','2023-02-07 09:58:37'),(385,'118.235.42.13','모바일','2','수산','2023-02-07 16:31:59'),(386,'118.235.42.13','모바일','2','수산','2023-02-07 16:32:05'),(387,'118.235.42.13','모바일','2','수산','2023-02-07 16:32:10'),(388,'185.200.100.178','모바일','2','수산','2023-02-07 16:37:06'),(389,'185.200.100.178','모바일','1','정육','2023-02-07 16:37:11'),(390,'185.200.100.178','모바일','1','정육','2023-02-07 16:37:12'),(391,'185.200.100.178','모바일','1','정육','2023-02-07 16:37:13'),(392,'185.200.100.178','모바일','1','정육','2023-02-07 16:37:14'),(393,'185.200.100.178','모바일','1','정육','2023-02-07 16:37:15'),(394,'185.200.100.178','모바일','1','정육','2023-02-07 16:37:15'),(395,'185.200.100.178','모바일','2','수산','2023-02-07 16:37:22'),(396,'185.200.100.178','모바일','3','민물','2023-02-07 16:37:23'),(397,'185.200.100.178','모바일','3','민물','2023-02-07 16:37:23'),(398,'185.200.100.178','모바일','3','민물','2023-02-07 16:37:24'),(399,'185.200.100.178','모바일','3','민물','2023-02-07 16:37:25'),(400,'185.200.100.178','모바일','3','민물','2023-02-07 16:37:26'),(401,'185.200.100.178','모바일','3','민물','2023-02-07 16:37:27'),(402,'185.200.100.178','모바일','3','민물','2023-02-07 16:37:27'),(403,'118.235.42.13','모바일','1','정육','2023-02-07 16:37:54'),(404,'118.235.42.13','모바일','1','정육','2023-02-07 16:37:55'),(405,'118.235.42.13','모바일','1','정육','2023-02-07 16:37:56'),(406,'118.235.42.13','모바일','1','정육','2023-02-07 16:37:56'),(407,'118.235.42.13','모바일','1','정육','2023-02-07 16:37:56'),(408,'118.235.42.13','모바일','2','수산','2023-02-07 16:37:56'),(409,'118.235.42.13','모바일','2','수산','2023-02-07 16:37:57'),(410,'118.235.42.13','모바일','3','민물','2023-02-07 16:37:57'),(411,'118.235.42.13','모바일','4','채소','2023-02-07 16:37:58'),(412,'118.235.42.13','모바일','5','과일','2023-02-07 16:37:58'),(413,'118.235.42.13','모바일','10','할인중','2023-02-07 16:37:59'),(414,'118.235.42.13','모바일','9','기타','2023-02-07 16:37:59'),(415,'118.235.42.13','모바일','8','건어물','2023-02-07 16:38:00'),(416,'118.235.42.13','모바일','4','채소','2023-02-07 16:38:00'),(417,'118.235.42.13','모바일','3','민물','2023-02-07 16:38:12'),(418,'118.235.42.13','모바일','8','건어물','2023-02-07 16:38:12'),(419,'118.235.42.13','모바일','9','기타','2023-02-07 16:38:13'),(420,'118.235.42.13','모바일','10','할인중','2023-02-07 16:38:13'),(421,'118.235.42.13','모바일','5','과일','2023-02-07 16:38:14'),(422,'118.235.42.13','모바일','4','채소','2023-02-07 16:38:14'),(423,'118.235.42.13','모바일','3','민물','2023-02-07 16:38:14'),(424,'118.235.42.13','모바일','2','수산','2023-02-07 16:38:15'),(425,'118.235.42.13','모바일','1','정육','2023-02-07 16:38:15'),(426,'118.235.42.13','모바일','6','반찬','2023-02-07 16:38:16'),(427,'118.235.42.13','모바일','7','식당','2023-02-07 16:38:16'),(428,'118.235.42.13','모바일','8','건어물','2023-02-07 16:38:16'),(429,'118.235.42.13','모바일','9','기타','2023-02-07 16:38:17'),(430,'118.235.42.13','모바일','10','할인중','2023-02-07 16:38:17'),(431,'23.228.81.11','모바일','3','민물','2023-02-07 16:40:24'),(432,'23.228.81.11','모바일','3','민물','2023-02-07 16:40:24'),(433,'23.228.81.11','모바일','2','수산','2023-02-07 16:40:24'),(434,'23.228.81.11','모바일','2','수산','2023-02-07 16:40:24'),(435,'23.228.81.11','모바일','3','민물','2023-02-07 16:40:24'),(436,'23.228.81.11','모바일','2','수산','2023-02-07 16:40:25'),(437,'23.228.81.11','모바일','2','수산','2023-02-07 16:40:25'),(438,'23.228.81.11','모바일','2','수산','2023-02-07 16:40:25'),(439,'23.228.81.11','모바일','2','수산','2023-02-07 16:40:25'),(440,'118.235.42.13','모바일','2','수산','2023-02-07 16:40:54'),(441,'118.235.42.13','모바일','2','수산','2023-02-07 16:40:55'),(442,'118.235.42.13','모바일','2','수산','2023-02-07 16:40:55'),(443,'118.235.42.13','모바일','2','수산','2023-02-07 16:40:55'),(444,'45.148.169.236','모바일','2','수산','2023-02-07 16:41:27'),(445,'45.148.169.236','모바일','2','수산','2023-02-07 16:41:28'),(446,'45.148.169.236','모바일','2','수산','2023-02-07 16:41:29'),(447,'45.148.169.236','모바일','2','수산','2023-02-07 16:41:29'),(448,'118.235.42.13','모바일','1','정육','2023-02-07 16:41:52'),(449,'118.235.42.13','모바일','1','정육','2023-02-07 16:41:53'),(450,'118.235.42.13','모바일','1','정육','2023-02-07 16:41:53'),(451,'118.235.42.13','모바일','1','정육','2023-02-07 16:41:53'),(452,'118.235.42.13','모바일','1','정육','2023-02-07 16:41:53'),(453,'118.235.42.13','모바일','1','정육','2023-02-07 16:41:53'),(454,'118.235.42.13','모바일','1','정육','2023-02-07 16:41:54'),(455,'118.235.42.13','모바일','2','수산','2023-02-07 16:47:55'),(456,'118.235.42.13','모바일','1','정육','2023-02-07 16:47:57'),(457,'118.235.42.13','모바일','5','과일','2023-02-07 16:48:03'),(458,'118.235.42.13','모바일','4','채소','2023-02-07 16:48:04'),(459,'118.235.42.13','모바일','1','정육','2023-02-07 16:48:12'),(460,'118.235.42.13','모바일','1','정육','2023-02-07 16:48:12'),(461,'118.235.42.13','모바일','1','정육','2023-02-07 16:48:13'),(462,'118.235.42.13','모바일','1','정육','2023-02-07 16:48:13'),(463,'118.235.42.13','모바일','7','식당','2023-02-07 16:48:14'),(464,'118.235.42.13','모바일','8','건어물','2023-02-07 16:48:14'),(465,'118.235.42.13','모바일','9','기타','2023-02-07 16:48:15'),(466,'118.235.42.13','모바일','3','민물','2023-02-07 16:48:19'),(467,'118.235.42.13','모바일','3','민물','2023-02-07 16:48:19'),(468,'118.235.42.13','모바일','4','채소','2023-02-07 16:48:22'),(469,'118.235.42.13','모바일','4','채소','2023-02-07 16:48:23'),(470,'118.235.42.13','모바일','4','채소','2023-02-07 16:48:23'),(471,'118.235.42.13','모바일','4','채소','2023-02-07 16:48:23'),(472,'118.235.42.13','모바일','4','채소','2023-02-07 16:48:24'),(473,'118.235.42.13','모바일','4','채소','2023-02-07 16:48:24'),(474,'118.235.42.13','모바일','4','채소','2023-02-07 16:48:24'),(475,'118.235.42.13','모바일','5','과일','2023-02-07 16:48:25'),(476,'118.235.42.13','모바일','5','과일','2023-02-07 16:48:25'),(477,'118.235.42.13','모바일','5','과일','2023-02-07 16:48:25'),(478,'118.235.42.13','모바일','5','과일','2023-02-07 16:48:25'),(479,'118.235.42.13','모바일','5','과일','2023-02-07 16:48:26'),(480,'118.235.42.13','모바일','5','과일','2023-02-07 16:48:26'),(481,'118.235.42.13','모바일','5','과일','2023-02-07 16:48:27'),(482,'118.235.42.13','모바일','5','과일','2023-02-07 16:48:27'),(483,'118.235.42.13','모바일','5','과일','2023-02-07 16:48:27'),(484,'118.235.42.13','모바일','5','과일','2023-02-07 16:48:27'),(485,'118.235.42.13','모바일','5','과일','2023-02-07 16:48:28'),(486,'118.235.42.13','모바일','5','과일','2023-02-07 16:48:28'),(487,'118.235.42.13','모바일','5','과일','2023-02-07 16:48:28'),(488,'118.235.42.13','모바일','5','과일','2023-02-07 16:48:29'),(489,'118.235.42.13','모바일','5','과일','2023-02-07 16:48:29'),(490,'118.235.42.13','모바일','5','과일','2023-02-07 16:48:29'),(491,'118.235.42.13','모바일','5','과일','2023-02-07 16:48:29'),(492,'118.235.42.13','모바일','5','과일','2023-02-07 16:48:30'),(493,'95.141.37.58','모바일','8','건어물','2023-02-07 16:49:55'),(494,'185.200.100.196','모바일','2','수산','2023-02-07 16:50:57'),(495,'185.200.100.196','모바일','2','수산','2023-02-07 16:50:57'),(496,'185.200.100.196','모바일','2','수산','2023-02-07 16:50:57'),(497,'185.200.100.196','모바일','2','수산','2023-02-07 16:50:57'),(498,'185.200.100.196','모바일','2','수산','2023-02-07 16:50:58'),(499,'118.235.42.13','모바일','2','수산','2023-02-07 16:53:53'),(500,'118.235.42.13','모바일','2','수산','2023-02-07 16:53:56'),(501,'118.235.42.13','모바일','1','정육','2023-02-07 16:54:04'),(502,'118.235.42.13','모바일','1','정육','2023-02-07 16:54:04'),(503,'118.235.42.13','모바일','1','정육','2023-02-07 16:54:04'),(504,'118.235.42.13','모바일','1','정육','2023-02-07 16:54:04'),(505,'118.235.42.13','모바일','1','정육','2023-02-07 16:54:04'),(506,'118.235.42.13','모바일','1','정육','2023-02-07 16:54:05'),(507,'118.235.42.13','모바일','1','정육','2023-02-07 16:54:05'),(508,'118.235.42.13','모바일','1','정육','2023-02-07 16:54:05'),(509,'118.235.42.13','모바일','1','정육','2023-02-07 16:54:06'),(510,'118.235.42.13','모바일','6','반찬','2023-02-07 16:54:06'),(511,'118.235.42.13','모바일','7','식당','2023-02-07 16:54:07'),(512,'118.235.42.13','모바일','8','건어물','2023-02-07 16:54:07'),(513,'118.235.42.13','모바일','8','건어물','2023-02-07 16:54:08'),(514,'118.235.42.13','모바일','9','기타','2023-02-07 16:54:09'),(515,'118.235.42.13','모바일','10','할인중','2023-02-07 16:54:09'),(516,'118.235.42.13','모바일','5','과일','2023-02-07 16:54:10'),(517,'118.235.42.13','모바일','4','채소','2023-02-07 16:54:10'),(518,'118.235.42.13','모바일','8','건어물','2023-02-07 16:54:54'),(519,'118.235.42.13','모바일','3','민물','2023-02-07 16:54:54'),(520,'118.235.42.13','모바일','3','민물','2023-02-07 16:56:07'),(521,'118.235.42.13','모바일','4','채소','2023-02-07 16:56:09'),(522,'118.235.42.13','모바일','5','과일','2023-02-07 16:56:09'),(523,'118.235.42.13','모바일','10','할인중','2023-02-07 16:56:10'),(524,'118.235.42.13','모바일','9','기타','2023-02-07 16:56:10'),(525,'118.235.42.13','모바일','9','기타','2023-02-07 16:56:11'),(526,'118.235.42.13','모바일','9','기타','2023-02-07 16:56:12'),(527,'118.235.42.13','모바일','9','기타','2023-02-07 16:56:12'),(528,'118.235.42.13','모바일','9','기타','2023-02-07 16:56:13'),(529,'118.235.42.13','모바일','9','기타','2023-02-07 16:56:16'),(530,'118.235.42.13','모바일','9','기타','2023-02-07 16:56:17'),(531,'118.235.42.13','모바일','9','기타','2023-02-07 16:56:17'),(532,'118.235.42.13','모바일','9','기타','2023-02-07 16:56:17'),(533,'118.235.42.13','모바일','9','기타','2023-02-07 16:56:17'),(534,'118.235.42.13','모바일','3','민물','2023-02-07 16:57:16'),(535,'118.235.42.13','모바일','2','수산','2023-02-07 17:11:47'),(536,'118.235.42.13','모바일','2','수산','2023-02-07 17:12:56'),(537,'118.235.42.13','모바일','1','정육','2023-02-07 17:13:19'),(538,'118.235.42.13','모바일','0','전체','2023-02-07 17:13:22'),(539,'118.235.42.13','모바일','2','수산','2023-02-07 17:25:32'),(540,'118.235.42.13','모바일','1','정육','2023-02-07 17:44:39'),(541,'118.235.42.13','모바일','1','정육','2023-02-07 18:04:58'),(542,'118.235.42.13','모바일','0','전체','2023-02-07 18:05:00'),(543,'118.235.42.13','모바일','2','수산','2023-02-07 18:38:56'),(544,'118.235.42.13','모바일','2','수산','2023-02-07 19:07:15'),(545,'118.235.42.13','모바일','2','수산','2023-02-07 19:07:18'),(546,'118.235.42.13','모바일','0','전체','2023-02-07 19:07:55'),(547,'112.173.124.222','모바일','2','수산','2023-02-08 00:06:59'),(548,'211.220.39.38','모바일','7','식당','2023-02-08 10:16:13'),(549,'211.220.39.38','모바일','7','식당','2023-02-08 10:16:13'),(550,'211.220.39.38','모바일','10','할인중','2023-02-08 10:16:54'),(551,'211.220.39.38','모바일','2','수산','2023-02-08 10:42:14'),(552,'211.220.39.38','모바일','8','건어물','2023-02-08 10:46:31'),(553,'211.220.39.38','모바일','7','식당','2023-02-08 10:46:31'),(554,'211.220.39.38','모바일','1','정육','2023-02-08 11:47:42'),(555,'211.220.39.38','모바일','1','정육','2023-02-08 11:51:02'),(556,'211.220.39.38','모바일','0','전체','2023-02-08 11:51:06'),(557,'211.220.39.38','모바일','2','수산','2023-02-08 11:52:01'),(558,'211.220.39.38','모바일','2','수산','2023-02-08 12:16:58'),(559,'211.220.39.38','모바일','5','과일','2023-02-08 12:17:02'),(560,'211.220.39.38','모바일','2','수산','2023-02-09 16:25:33'),(561,'118.235.43.101','모바일','2','수산','2023-02-13 19:09:30'),(562,'118.235.43.101','모바일','1','정육','2023-02-13 19:09:32'),(563,'112.173.124.222','모바일','1','정육','2023-02-15 09:57:48');
/*!40000 ALTER TABLE `connect` ENABLE KEYS */;
UNLOCK TABLES;

--
-- Table structure for table `inquiry`
--

DROP TABLE IF EXISTS `inquiry`;
/*!40101 SET @saved_cs_client     = @@character_set_client */;
/*!50503 SET character_set_client = utf8mb4 */;
CREATE TABLE `inquiry` (
  `key` int NOT NULL AUTO_INCREMENT,
  `num` int NOT NULL,
  `title` varchar(100) NOT NULL,
  `writer` varchar(45) NOT NULL,
  `content` varchar(500) NOT NULL,
  `regdate` datetime NOT NULL DEFAULT CURRENT_TIMESTAMP,
  `reply` varchar(45) NOT NULL DEFAULT 'n',
  PRIMARY KEY (`key`),
  UNIQUE KEY `num_UNIQUE` (`num`)
) ENGINE=InnoDB AUTO_INCREMENT=9 DEFAULT CHARSET=utf8mb3;
/*!40101 SET character_set_client = @saved_cs_client */;

--
-- Dumping data for table `inquiry`
--

LOCK TABLES `inquiry` WRITE;
/*!40000 ALTER TABLE `inquiry` DISABLE KEYS */;
INSERT INTO `inquiry` VALUES (3,1,'설명서','김꿀꿀','설명서에 대한 문의글','2022-12-15 14:40:13','y'),(8,3,'1111','김꿀꿀','1212212121212','2023-01-25 14:26:23','y');
/*!40000 ALTER TABLE `inquiry` ENABLE KEYS */;
UNLOCK TABLES;

--
-- Table structure for table `inquiry_file`
--

DROP TABLE IF EXISTS `inquiry_file`;
/*!40101 SET @saved_cs_client     = @@character_set_client */;
/*!50503 SET character_set_client = utf8mb4 */;
CREATE TABLE `inquiry_file` (
  `key` int NOT NULL AUTO_INCREMENT,
  `num` int NOT NULL,
  `savefolder` varchar(45) NOT NULL,
  `savefile` varchar(45) NOT NULL,
  `file_type` varchar(45) DEFAULT NULL,
  PRIMARY KEY (`key`),
  KEY `inquiry_num_fk_idx` (`num`),
  CONSTRAINT `inquiry_num_fk` FOREIGN KEY (`num`) REFERENCES `inquiry` (`num`) ON DELETE CASCADE ON UPDATE CASCADE
) ENGINE=InnoDB AUTO_INCREMENT=5 DEFAULT CHARSET=utf8mb3;
/*!40101 SET character_set_client = @saved_cs_client */;

--
-- Dumping data for table `inquiry_file`
--

LOCK TABLES `inquiry_file` WRITE;
/*!40000 ALTER TABLE `inquiry_file` DISABLE KEYS */;
INSERT INTO `inquiry_file` VALUES (2,1,'./uploads/','ë§ì°ì¤ ì¤ëªì.png','image/png'),(4,3,'./uploads/','470917_126221_3055.jpg','image/jpeg');
/*!40000 ALTER TABLE `inquiry_file` ENABLE KEYS */;
UNLOCK TABLES;

--
-- Table structure for table `inquiry_reply`
--

DROP TABLE IF EXISTS `inquiry_reply`;
/*!40101 SET @saved_cs_client     = @@character_set_client */;
/*!50503 SET character_set_client = utf8mb4 */;
CREATE TABLE `inquiry_reply` (
  `key` int NOT NULL AUTO_INCREMENT,
  `num` int NOT NULL,
  `writer` varchar(45) NOT NULL,
  `content` varchar(45) NOT NULL,
  `regdate` datetime NOT NULL DEFAULT CURRENT_TIMESTAMP,
  PRIMARY KEY (`key`),
  KEY `inquiry_num_fk2_idx` (`num`),
  CONSTRAINT `inquiry_num_fk2` FOREIGN KEY (`num`) REFERENCES `inquiry` (`num`) ON DELETE CASCADE ON UPDATE CASCADE
) ENGINE=InnoDB AUTO_INCREMENT=5 DEFAULT CHARSET=utf8mb3;
/*!40101 SET character_set_client = @saved_cs_client */;

--
-- Dumping data for table `inquiry_reply`
--

LOCK TABLES `inquiry_reply` WRITE;
/*!40000 ALTER TABLE `inquiry_reply` DISABLE KEYS */;
INSERT INTO `inquiry_reply` VALUES (3,1,'admin','문의글에 대한 답변','2022-12-15 14:42:19'),(4,3,'admin','22222222','2023-01-25 14:27:31');
/*!40000 ALTER TABLE `inquiry_reply` ENABLE KEYS */;
UNLOCK TABLES;

--
-- Table structure for table `link`
--

DROP TABLE IF EXISTS `link`;
/*!40101 SET @saved_cs_client     = @@character_set_client */;
/*!50503 SET character_set_client = utf8mb4 */;
CREATE TABLE `link` (
  `key` int NOT NULL AUTO_INCREMENT,
  `code` varchar(45) NOT NULL,
  `encode_png` varchar(5000) DEFAULT NULL,
  `store_regnumber` varchar(45) DEFAULT NULL,
  `storename` varchar(45) DEFAULT NULL,
  `active` varchar(45) NOT NULL DEFAULT 'n',
  PRIMARY KEY (`key`),
  UNIQUE KEY `uniq_link_code` (`code`),
  KEY `store_link_code_idx` (`code`)
) ENGINE=InnoDB AUTO_INCREMENT=19 DEFAULT CHARSET=utf8mb3;
/*!40101 SET character_set_client = @saved_cs_client */;

--
-- Dumping data for table `link`
--

LOCK TABLES `link` WRITE;
/*!40000 ALTER TABLE `link` DISABLE KEYS */;
INSERT INTO `link` VALUES (1,'28a37w','iVBORw0KGgoAAAANSUhEUgAAAJQAAACUCAYAAAB1PADUAAAAAklEQVR4AewaftIAAAT9SURBVO3BQYocSRAAQfek//9lXx3jVFB0ziAtYWZ/sNYlh7UuOqx10WGtiw5rXXRY66LDWhcd1rrosNZFh7UuOqx10WGtiw5rXXRY66LDWhcd1rrow5dUflPFE5Wp4onKVDGpTBVPVJ5UTCpTxaTymyq+cVjrosNaFx3WuujDZRU3qTxReaLyhspU8UbFpDKpfKPiJpWbDmtddFjrosNaF334YSpvVLxR8YbKk4onKlPFpDJVTCo3qbxR8ZMOa110WOuiw1oXffifUZkqnlRMKlPFVPGGypOK/5PDWhcd1rrosNZFH/5xKm9UTCrfUHlS8URlqviXHda66LDWRYe1Lvrwwyp+UsWk8kTlScWk8qRiUnmiclPF3+Sw1kWHtS46rHXRh8tUfpPKVDGpTBWTyhsVk8pUMalMFZPKGyp/s8NaFx3Wuuiw1kX2B/9jKk8q3lCZKt5QeVLxLzusddFhrYsOa1304UsqU8WkMlVMKlPFpDJVfKPiGxWTylTxm1SmiicqU8VNh7UuOqx10WGtiz78sIpJ5Y2KJypPKp6oPKmYVN5QmSqeqHxDZaqYKiaVqeIbh7UuOqx10WGtiz78MJU3VJ5UPKl4ovKkYlJ5UjGpPFF5o2JSeVIxqfymw1oXHda66LDWRfYHP0jlScWkMlV8Q2WqeKLyjYpJ5UnFpPKk4onKVDGpTBU3Hda66LDWRYe1LrI/+ILKVDGpTBWTyk0Vb6hMFZPKk4pvqDypeKIyVTxReVLxjcNaFx3Wuuiw1kUffljFpDJVTCpTxU0qU8U3VKaKSWWqmComlScqU8WkMlVMFZPKTYe1LjqsddFhrYs+fKnijYo3VN6omFSmiknlScWkMlV8Q2WqeFLxpGJS+U2HtS46rHXRYa2L7A++oPKk4onKVPFEZaqYVKaKSWWqeEPlb1IxqbxRcdNhrYsOa110WOuiD1+qeKLyDZWpYlKZKiaVqeInVUwqTyomlZsqJpVJZar4xmGtiw5rXXRY66IPv6zijYonFU8qJpU3Kv5mKlPFk4pJ5abDWhcd1rrosNZFH76kMlVMFZPKVDGpPKl4Q+VJxROVmyreqJhUpopJZaqYVH7SYa2LDmtddFjrIvuDi1RuqphU3qh4Q+U3VTxReaNiUnlScdNhrYsOa110WOuiD19SmSomlTcqJpWpYlJ5Q2WqmComlTcq3lD5SRW/6bDWRYe1LjqsddGHL1U8qfhGxRsVfzOVJxVvqLyh8qTiG4e1LjqsddFhrYs+fEnlN1VMFZPKVPGGylTxRGVSmSqmiknlicpU8URlqvhNh7UuOqx10WGtiz5cVnGTyhsVb6hMFU9UpopJZVKZKt6oeKNiUnlScdNhrYsOa110WOuiDz9M5Y2KN1S+UXFTxROVJyrfUJkqJpVJZar4xmGtiw5rXXRY66IP/7iKJypTxROVqeKmikllqphUpopJ5RsVNx3Wuuiw1kWHtS768I9TmSreUHmjYlKZKp6oTBXfqHijYlKZKr5xWOuiw1oXHda66MMPq/hJFZPKGxW/qWJSmSqmikllqphUpopJZaq46bDWRYe1LjqsddGHy1R+k8qTiicqU8Wk8g2Vb6hMFZPKVPGGylTxjcNaFx3Wuuiw1kX2B2tdcljrosNaFx3Wuuiw1kWHtS46rHXRYa2LDmtddFjrosNaFx3Wuuiw1kWHtS46rHXRYa2L/gPLH2MwML5QkQAAAABJRU5ErkJggg==','01023232222','가메수산','y'),(2,'89a87C','iVBORw0KGgoAAAANSUhEUgAAAJQAAACUCAYAAAB1PADUAAAAAklEQVR4AewaftIAAATdSURBVO3BQY4cSRIEQdNA/f/Lun30UwCJ9OohuSaCP1K15KRq0UnVopOqRSdVi06qFp1ULTqpWnRSteikatFJ1aKTqkUnVYtOqhadVC06qVr0yUtAfpOaCciNmgnIpGYCcqNmArJJzQTkN6l546Rq0UnVopOqRZ8sU7MJyI2aGyCbgExqJiCTmgnIpOYJNZuAbDqpWnRSteikatEnXwbkCTVvALlRMwGZ1ExAJjU3aiYg3wTkCTXfdFK16KRq0UnVok/+ckBu1ExAJjU3am6APKHmX3ZSteikatFJ1aJP/jFqJiA3QCY1T6iZgExqJiA3av5mJ1WLTqoWnVQt+uTL1PyX1NwA2aRmAnKj5g01f5KTqkUnVYtOqhZ9sgzInwTIpOYJIJOaCcik5kbNBGRScwPkT3ZSteikatFJ1aJPXlLzLwEyqZmAPKHmDTV/k5OqRSdVi06qFn3yEpBJzRNAJjUTkE1A3lDzTUA2qbkBMql546Rq0UnVopOqRZ+8pGYCMqmZgExqbtRMQCY1T6i5ATIBmdRMQG7UPKFmAjKpuQEyAflNJ1WLTqoWnVQtwh9ZBOQNNROQSc0NkEnNNwGZ1NwAmdT8l4BMat44qVp0UrXopGrRJ8vUTEAmNROQCcik5gbIpGYCMqmZgExqJiBvAJnU3ACZ1GwC8k0nVYtOqhadVC365CUgk5pJzRNqJiA3am7UTEAmNROQGzUTkBs1E5AngExqJiA3am7UbDqpWnRSteikatEnL6n5JjU3QG7UPKHmDSCTmknNBGRSswnIDZBJzRsnVYtOqhadVC36ZBmQGzU3QG7UPAHkCSA3aiY1E5An1ExAJjUTkBs1TwDZdFK16KRq0UnVok9eAnKjZgJyo+YNNROQGyA3aiYgk5obIJOaCcgbam6A/KaTqkUnVYtOqhZ9skzNBGRScwPkRs2k5k+iZgJyo2YCsknNBGRSs+mkatFJ1aKTqkX4Iy8AuVGzCcikZgIyqbkB8oSaGyCTmgnIjZoJyKTmCSBPqHnjpGrRSdWik6pF+CO/CMikZgLyhppvAvKEmhsgk5ongDyhZgIyqXnjpGrRSdWik6pFn3wZkEnNE2qeAHKj5gkgk5obIBOQSc2k5gkgbwD5ppOqRSdVi06qFuGPvADkRs0E5A01E5BJzRNA3lDzBJDfpOYGyKTmjZOqRSdVi06qFn3ykpon1HwTkDfUPAFkk5ongExqJiCTmm86qVp0UrXopGrRJy8B+U1qnlBzA2QC8oaaCcikZgJyA2RScwPkv3RSteikatFJ1aJPlqnZBORGzQRkk5oJyA2QGyBPqNkE5JtOqhadVC06qVr0yZcBeULNE0BugNyomYC8oeYJIBOQN9TcAJnUbDqpWnRSteikatEnfzk1E5AngExqJiCTmgnIBORGzaRmAvKEmgnIjZpvOqladFK16KRq0Sf/Z9S8AeRGzQRkArIJyKRmAjIBuVHzxknVopOqRSdViz75MjV/MzVPAJnUTEBu1ExAbtTcqJmAfNNJ1aKTqkUnVYs+WQbkNwGZ1ExAboDcqJmATGomNROQSc0E5EbNDZAbNTdqNp1ULTqpWnRStQh/pGrJSdWik6pFJ1WLTqoWnVQtOqladFK16KRq0UnVopOqRSdVi06qFp1ULTqpWnRSteh/3UI7STVkj18AAAAASUVORK5CYII=','01012341234','종합식육점','y'),(3,'13B2z','iVBORw0KGgoAAAANSUhEUgAAAJQAAACUCAYAAAB1PADUAAAAAklEQVR4AewaftIAAATYSURBVO3BQY4bSRAEwfAC//9l3znmqYBGJ0crIczwR6qWnFQtOqladFK16KRq0UnVopOqRSdVi06qFp1ULTqpWnRSteikatFJ1aKTqkUnVYs+eQnIb1IzAXlDzRNAbtRMQG7U3AD5TWreOKladFK16KRq0SfL1GwCcqNmAjKpeQLIjZoJyATkm9RsArLppGrRSdWik6pFn3wZkCfUPAFkUnMDZFIzqZmATEBu1DwBZFLzBJAn1HzTSdWik6pFJ1WLPvnLqZmATGomNW+oeQLIpGZS8y85qVp0UrXopGrRJ/8YNROQTUAmNTdqJiA3av5mJ1WLTqoWnVQt+uTL1HwTkBs1m4C8oWYC8oaa/5OTqkUnVYtOqhZ9sgzIn6RmAjKpmYBMaiYgk5oJyKRmAjKpeQPI/9lJ1aKTqkUnVYs+eUnNn6TmNwG5ATKpeUPN3+SkatFJ1aKTqkWfvARkUjMBmdQ8AeRGzY2aGzUTkBs1E5DfBGRScwNkUjMBmdS8cVK16KRq0UnVok/+MCA3ap4AMqmZgGxSMwGZgNyouQEyqZmATGomNROQbzqpWnRSteikahH+yBcBeULNBGRS8wSQSc0EZFJzA+RGzQRkUjMBmdQ8AeQJNROQSc0bJ1WLTqoWnVQt+uSXqZmA3KiZgDyhZgIyqZmATGomNTdAnlBzA+RGzRtqNp1ULTqpWnRSteiTXwbkBsgTam6ATGreAPKEmgnIjZpJzQRkAnKj5gbIpOaNk6pFJ1WLTqoW4Y+8AGRScwPkCTUTkBs1E5BJzTcBeULNbwJyo+aNk6pFJ1WLTqoWffKSmm8C8oaaGyBPqJmAvAHkRs0EZFIzAblRMwHZdFK16KRq0UnVIvyRRUA2qZmATGomIDdqngDyhJoJyKRmAjKpmYBMap4AMqn5ppOqRSdVi06qFn3yEpAn1DwBZFIzAblRcwPkCTU3QJ5Q801qboBMat44qVp0UrXopGrRJy+pmYBMaiYgN2omNU+omYD8y4DcqJmAfNNJ1aKTqkUnVYs+eQnIG2pugExqJjVvqHkDyBNAJjU3am7UPKFmArLppGrRSdWik6pF+CN/MSCTmgnIpGYCcqPmBsikZgIyqbkBcqNmAvKEmm86qVp0UrXopGrRJy8BeULNDZBNaiYg3wRkUjMBeQPIE2omIJOaTSdVi06qFp1ULcIf+YsBuVHzm4BMam6ATGqeAHKj5gbIpOaNk6pFJ1WLTqoWffISkN+k5kbNDZBJzQTkRs0EZFJzA+QJIJOaGzV/0knVopOqRSdViz5ZpmYTkBs1N0BugExqJiA3am6AvKHmCSA3aiY1m06qFp1ULTqpWvTJlwF5Qs03qZmATEBugExqJiCTmhsgE5A31DwBZFLzxknVopOqRSdViz75x6m5UXMDZFIzAXkCyP+Jmk0nVYtOqhadVC365C8HZFJzA2RSMwGZ1GxScwPkCTUTkEnNBORGzRsnVYtOqhadVC365MvUfJOaCciNmhs1b6i5AfKEmifU3Kj5ppOqRSdVi06qFn2yDMhvAnKj5gkgN2pugExqJjUTkBsgb6i5ATKpeeOkatFJ1aKTqkX4I1VLTqoWnVQtOqladFK16KRq0UnVopOqRSdVi06qFp1ULTqpWnRSteikatFJ1aKTqkX/ASiuSCHR7jlWAAAAAElFTkSuQmCC','01045452222','임해식품','y'),(4,'56i52e','iVBORw0KGgoAAAANSUhEUgAAAJQAAACUCAYAAAB1PADUAAAAAklEQVR4AewaftIAAATWSURBVO3BQY7EyBEEwfAC//9ll455KoBg9mhXCDP8r1QtOaladFK16KRq0UnVopOqRSdVi06qFp1ULTqpWnRSteikatFJ1aKTqkUnVYtOqhY9+QjIX1IzAZnU3AD5Qs0EZJOaCchfUvPFSdWik6pFJ1WLnixTswnIjZoJyI2aGyA3QCY1E5BJzQRkUvOGmk1ANp1ULTqpWnRStejJjwF5Q80vAZnUTGomIJOaGzUTkF8C8oaaXzqpWnRSteikatGTfzkgv6TmBsgbav6fnVQtOqladFK16Mn/GTUTkEnNBGRS84aaCcikZgJyo+bf7KRq0UnVopOqRU9+TM1fAjKpuVGzSc0E5EbNF2r+SU6qFp1ULTqpWvRkGZD/JTUTkEnNBGRSMwGZ1ExAJjU3aiYgk5obIP9kJ1WLTqoWnVQtevKRmv8nQCY1E5A31Hyh5t/kpGrRSdWik6pF+F/5AMik5g0gk5oJyC+pmYBMan4JyC+puQEyqfnipGrRSdWik6pFT5YBuVEzqblRMwH5S0AmNROQGzVvqJmATGpugExA/tJJ1aKTqkUnVYueLFMzAZmATGomIDdq3gDyhpobIJOaN4BMam7UvKHmDSCbTqoWnVQtOqla9OTH1ExAJiCTmjeAfAFkUjMBuQEyqZmATGpugExqNgH5pZOqRSdVi06qFj35SM0NkBs1N0AmNTdqJiCTmgnIBGSTmgnIG0AmNROQGzU3ajadVC06qVp0UrXoyUdAJjWTmgnIDZBJzY2aCcgXar4AMqmZ1ExAJjWbgNwAmdR8cVK16KRq0UnVoifLgNyomYDcAJnUvKHmDSA3aiYgX6iZgExqJiA3at4AsumkatFJ1aKTqkVPPlLzBpAbNV+ouQHyhpoJyKRmAjIBmdRMQL5QcwPkL51ULTqpWnRStejJR0AmNW+omYDcqJmAfKFmAvKFmgnIjZoJyCY1E5BJzaaTqkUnVYtOqhY9+TEgN0Bu1LyhZgLyBZBJzQTkRs0E5EbNBGRS8waQGyCTmi9OqhadVC06qVr05CM1b6h5A8ikZlIzAblRMwGZ1NwAmdRMQG7UTEBu1NwAeUPNBGTTSdWik6pFJ1WLnvyYmgnIpOZGzQRkUvMGkDeAfAFkUjOpeQPIF0B+6aRq0UnVopOqRU8+AvKGmgnIpGYC8oWaN4B8oeYGyF9ScwNk00nVopOqRSdVi558pOYLNTdqboBMat4AMql5A8gmNW8AmdRMQCY1v3RSteikatFJ1aInHwH5S2p+CcgXaiYgk5oJyA2QSc0NkP+lk6pFJ1WLTqoWPVmmZhOQGzUTkBs1k5oJyKTmBsgE5AbIG2o2Afmlk6pFJ1WLTqoWPfkxIG+oeQPIXwJyo+YNIBOQL9TcAJnUbDqpWnRSteikatGTfzk1E5A3gNwAmdTcALlRM6mZgLyhZgJyo+aXTqoWnVQtOqla9KT+FJBNQCY1E5AJyI2aL06qFp1ULTqpWvTkx9T8kwCZ1NwAmYBMajapmYDcqLlRMwH5pZOqRSdVi06qFj1ZBuQvAblRMwGZgExqvlDzBpAbNTdAbtTcqNl0UrXopGrRSdUi/K9ULTmpWnRSteikatFJ1aKTqkUnVYtOqhadVC06qVp0UrXopGrRSdWik6pFJ1WLTqoW/QeJuClksL86eAAAAABJRU5ErkJggg==','01078784512','부자과일','y'),(5,'31e46t',NULL,'01048751234','민물','y'),(6,'21M71d',NULL,NULL,NULL,'n'),(7,'41F94H',NULL,NULL,NULL,'n'),(8,'13X62z',NULL,NULL,NULL,'n'),(9,'81G58R',NULL,NULL,NULL,'n'),(10,'20u63v',NULL,NULL,NULL,'n'),(11,'8I80x',NULL,NULL,NULL,'n'),(12,'28t48M',NULL,NULL,NULL,'n'),(13,'76U2Z',NULL,NULL,NULL,'n'),(14,'14M69K',NULL,NULL,NULL,'n'),(15,'15n67A',NULL,NULL,NULL,'n'),(16,'12Y58A',NULL,NULL,NULL,'n'),(17,'11v22H',NULL,NULL,NULL,'n'),(18,'99x90y',NULL,NULL,NULL,'n');
/*!40000 ALTER TABLE `link` ENABLE KEYS */;
UNLOCK TABLES;

--
-- Table structure for table `notice`
--

DROP TABLE IF EXISTS `notice`;
/*!40101 SET @saved_cs_client     = @@character_set_client */;
/*!50503 SET character_set_client = utf8mb4 */;
CREATE TABLE `notice` (
  `key` int NOT NULL AUTO_INCREMENT,
  `num` varchar(45) NOT NULL,
  `title` varchar(100) NOT NULL,
  `writer` varchar(45) NOT NULL,
  `content` varchar(500) NOT NULL,
  `link1` varchar(45) DEFAULT NULL,
  `link2` varchar(45) DEFAULT NULL,
  `hit` int NOT NULL DEFAULT '0',
  `regdate` datetime DEFAULT CURRENT_TIMESTAMP,
  PRIMARY KEY (`key`),
  UNIQUE KEY `num_UNIQUE` (`num`),
  KEY `admin_id_ref_idx` (`writer`),
  CONSTRAINT `admin_id_ref` FOREIGN KEY (`writer`) REFERENCES `admin` (`id`)
) ENGINE=InnoDB AUTO_INCREMENT=37 DEFAULT CHARSET=utf8mb3;
/*!40101 SET character_set_client = @saved_cs_client */;

--
-- Dumping data for table `notice`
--

LOCK TABLES `notice` WRITE;
/*!40000 ALTER TABLE `notice` DISABLE KEYS */;
INSERT INTO `notice` VALUES (21,'1','asd','admin','asd','','',1,'2023-01-17 10:09:43'),(22,'2','12','admin','12','','',2,'2023-01-17 10:10:41'),(23,'3','33','admin','33','','',51,'2023-01-17 10:10:51'),(35,'4','AS','admin','ㄴㅇㄹ','','',0,'2023-02-15 14:42:41'),(36,'5','ㅑ호ㅑ','admin','ㅑㅓ','','',1,'2023-02-15 14:44:57');
/*!40000 ALTER TABLE `notice` ENABLE KEYS */;
UNLOCK TABLES;

--
-- Table structure for table `notice_file`
--

DROP TABLE IF EXISTS `notice_file`;
/*!40101 SET @saved_cs_client     = @@character_set_client */;
/*!50503 SET character_set_client = utf8mb4 */;
CREATE TABLE `notice_file` (
  `key` int NOT NULL AUTO_INCREMENT,
  `num` varchar(45) NOT NULL,
  `savefolder` varchar(45) NOT NULL,
  `savefile` varchar(45) NOT NULL,
  `file_type` varchar(45) DEFAULT NULL,
  PRIMARY KEY (`key`),
  KEY `notice_num_fk_idx` (`num`),
  CONSTRAINT `notice_num_fk` FOREIGN KEY (`num`) REFERENCES `notice` (`num`) ON DELETE CASCADE ON UPDATE CASCADE
) ENGINE=InnoDB AUTO_INCREMENT=9 DEFAULT CHARSET=utf8mb3;
/*!40101 SET character_set_client = @saved_cs_client */;

--
-- Dumping data for table `notice_file`
--

LOCK TABLES `notice_file` WRITE;
/*!40000 ALTER TABLE `notice_file` DISABLE KEYS */;
INSERT INTO `notice_file` VALUES (6,'3','./uploads/','1024.png','image/png');
/*!40000 ALTER TABLE `notice_file` ENABLE KEYS */;
UNLOCK TABLES;

--
-- Table structure for table `order`
--

DROP TABLE IF EXISTS `order`;
/*!40101 SET @saved_cs_client     = @@character_set_client */;
/*!50503 SET character_set_client = utf8mb4 */;
CREATE TABLE `order` (
  `orderid` varchar(45) NOT NULL,
  `summary` varchar(45) NOT NULL,
  `order_name` varchar(45) NOT NULL,
  `password` varchar(45) NOT NULL,
  `order_phone` varchar(45) NOT NULL,
  `order_tel` varchar(45) DEFAULT NULL,
  `order_postcode` varchar(45) NOT NULL,
  `order_address` varchar(45) NOT NULL,
  `order_address_detail` varchar(45) NOT NULL,
  `email` varchar(45) NOT NULL,
  `receive_name` varchar(45) NOT NULL,
  `receive_phone` varchar(45) NOT NULL,
  `receive_postcode` varchar(45) NOT NULL,
  `receive_address` varchar(45) NOT NULL,
  `receive_address_detail` varchar(45) NOT NULL,
  `message` varchar(45) DEFAULT NULL,
  `pay` varchar(45) NOT NULL DEFAULT 'n',
  `orderdate` datetime NOT NULL DEFAULT CURRENT_TIMESTAMP,
  PRIMARY KEY (`orderid`)
) ENGINE=InnoDB DEFAULT CHARSET=utf8mb3;
/*!40101 SET character_set_client = @saved_cs_client */;

--
-- Dumping data for table `order`
--

LOCK TABLES `order` WRITE;
/*!40000 ALTER TABLE `order` DISABLE KEYS */;
INSERT INTO `order` VALUES ('202211210881367','국내생선 외 2건','3','3','3','3','18568','경기 화성시 우정읍 3.1만세로 1 (조암리)','3','3','3','3','18568','경기 화성시 우정읍 3.1만세로 1 (조암리)','3','','y','2022-11-21 13:50:38'),('202211211255166','국내생선 외 2건','2','2','2','2','61954','광주 서구 2순환로 2275 (치평동, 유덕I.C보조요금소)','2','2','2','2','61954','광주 서구 2순환로 2275 (치평동, 유덕I.C보조요금소)','2','','n','2022-11-21 13:51:34'),('202211217965354','국내생선 외 2건','3','3','3','3','41498','대구 북구 3공단로 7 (노원동3가)','3','3','3','3','41498','대구 북구 3공단로 7 (노원동3가)','3','','y','2022-11-21 12:22:43'),('202212133043159','국내생선 외 2건','오랜만','12','12','12','61900','광주 서구 2순환로 2330 (덕흥동)','23호','3','오랜만','12','61900','광주 서구 2순환로 2330 (덕흥동)','23호','','n','2022-12-13 17:34:54'),('20221250871432','국내생선 외 2건','d','d','d','d','04778','서울 성동구 아차산로 2-1 (성수동1가, 구두수선대)','d','2','d','d','04778','서울 성동구 아차산로 2-1 (성수동1가, 구두수선대)','d','d','n','2022-12-05 16:27:27'),('20221251185992','국내생선 외 2건','1','1','1','1','28456','충북 청주시 흥덕구 1순환로 384 (신봉동)','1','1','1','1','28456','충북 청주시 흥덕구 1순환로 384 (신봉동)','1','','n','2022-12-05 16:28:42'),('20221251475696','국내생선 외 2건','2','2','2','2','62316','광주 광산구 2순환로 2474 (신가동)','2','2','2','2','62316','광주 광산구 2순환로 2474 (신가동)','2','','n','2022-12-05 16:31:01'),('20221254893488','국내생선 외 2건','1','1','1','1','61447','광주 동구 2순환로 575 (지산동)','2','2','1','1','61447','광주 동구 2순환로 575 (지산동)','2','','n','2022-12-05 16:29:06'),('20221256297168','국내생선 외 2건','d','2','2','2','62316','광주 광산구 2순환로 2476 (신가동)','2','2','d','2','62316','광주 광산구 2순환로 2476 (신가동)','2','','n','2022-12-05 16:30:31'),('20221271070931','삼겹살 외 1건','아혼','22','22','22','34672','대전 동구 판교1길 3 (판암동)','12','22','아혼','22','34672','대전 동구 판교1길 3 (판암동)','12','','n','2022-12-07 10:24:13'),('20221271614807','삼겹살 외 1건','아혼','23','23','23','41095','대구 동구 금강로39길 81 (대림동)','12동','12','아혼','23','41095','대구 동구 금강로39길 81 (대림동)','12동','','n','2022-12-07 10:23:19'),('20231101019410','한후 샌드위치 외 5건','땡땡이','1234','1234','1234','47281','부산 부산진구 가야대로 734 (부전동, 부산글로벌빌리지)','401호','1234','땡땡이','1234','47281','부산 부산진구 가야대로 734 (부전동, 부산글로벌빌리지)','401호','','n','2023-01-10 15:52:25'),('20231105268784','한후 샌드위치 외 5건','땡땡이','1234','1234','1234','47281','부산 부산진구 가야대로 734 (부전동, 부산글로벌빌리지)','401호','1234','땡땡이','1234','47281','부산 부산진구 가야대로 734 (부전동, 부산글로벌빌리지)','401호','','n','2023-01-10 15:51:39'),('20231121865296','깍두기 외 3건','테스트','23','23','23','05669','서울 송파구 가락로23길 3 (송파동, 센추리빌)','23','23','테스트','23','05669','서울 송파구 가락로23길 3 (송파동, 센추리빌)','23','','n','2023-01-12 12:04:21'),('20231122136769','깍두기 외 3건','안녕','12','12','12','03437','서울 은평구 가좌로12길 12 (신사동, 형진아파트)','12','12','안녕','12','03437','서울 은평구 가좌로12길 12 (신사동, 형진아파트)','12','','n','2023-01-12 11:42:31'),('20231123047708','깍두기 외 3건','테스트2','23','23','23','31798','충남 당진시 대호지면 4.4만세로 23 (조금리, 조금초등학교)','23','23','테스트2','23','31798','충남 당진시 대호지면 4.4만세로 23 (조금리, 조금초등학교)','23','','n','2023-01-12 12:14:27'),('20231127764647','깍두기 외 3건','23','23','23','23','06143','서울 강남구 봉은사로44길 1 (역삼동)','4','4','23','23','06143','서울 강남구 봉은사로44길 1 (역삼동)','4','','y','2023-01-12 12:15:59'),('20232209549559','김치 외 0건','12','12','12','12','01012','서울 강북구 4.19로12길 5','12','12','12','12','01012','서울 강북구 4.19로12길 5','12','','n','2023-02-20 16:14:53');
/*!40000 ALTER TABLE `order` ENABLE KEYS */;
UNLOCK TABLES;

--
-- Table structure for table `order_product`
--

DROP TABLE IF EXISTS `order_product`;
/*!40101 SET @saved_cs_client     = @@character_set_client */;
/*!50503 SET character_set_client = utf8mb4 */;
CREATE TABLE `order_product` (
  `key` int NOT NULL AUTO_INCREMENT,
  `orderid` varchar(45) NOT NULL,
  `product_code` int NOT NULL,
  `product_name` varchar(45) NOT NULL,
  `product_amount` varchar(45) NOT NULL,
  `storecode` int NOT NULL,
  `regnumber` varchar(45) NOT NULL,
  `storename` varchar(45) NOT NULL,
  `price` varchar(45) NOT NULL,
  `discount` varchar(45) NOT NULL,
  `discount_price` varchar(45) DEFAULT NULL,
  `pay` varchar(45) NOT NULL DEFAULT 'n',
  `status` varchar(45) NOT NULL DEFAULT '주문',
  PRIMARY KEY (`key`),
  KEY `order_orderid_fk_idx` (`orderid`),
  CONSTRAINT `order_orderid_fk` FOREIGN KEY (`orderid`) REFERENCES `order` (`orderid`) ON DELETE CASCADE ON UPDATE CASCADE
) ENGINE=InnoDB AUTO_INCREMENT=213 DEFAULT CHARSET=utf8mb3;
/*!40101 SET character_set_client = @saved_cs_client */;

--
-- Dumping data for table `order_product`
--

LOCK TABLES `order_product` WRITE;
/*!40000 ALTER TABLE `order_product` DISABLE KEYS */;
INSERT INTO `order_product` VALUES (154,'202211217965354',2,'국내생선','2',1,'01023232222','가메수산','6532','y','5516','y','입금'),(155,'202211217965354',4,'굴비','1',1,'01023232222','가메수산','3212','n',NULL,'y','입금'),(156,'202211217965354',3,'고등어','1',1,'01023232222','가메수산','5461','y','3122','y','입금'),(157,'202211210881367',2,'국내생선','1',1,'01023232222','가메수산','6532','y','5516','y','입금'),(158,'202211210881367',3,'고등어','1',1,'01023232222','가메수산','5461','y','3122','y','입금'),(159,'202211210881367',4,'굴비','1',1,'01023232222','가메수산','3212','n',NULL,'y','입금'),(160,'202211211255166',2,'국내생선','1',1,'01023232222','가메수산','6532','y','5516','n','주문'),(161,'202211211255166',3,'고등어','1',1,'01023232222','가메수산','5461','y','3122','n','주문'),(162,'202211211255166',4,'굴비','1',1,'01023232222','가메수산','3212','n',NULL,'n','주문'),(163,'20221250871432',2,'국내생선','1',1,'01023232222','가메수산','6532','y','5516','n','주문'),(164,'20221250871432',3,'고등어','1',1,'01023232222','가메수산','5461','y','3122','n','주문'),(165,'20221250871432',4,'굴비','1',1,'01023232222','가메수산','3212','n',NULL,'n','주문'),(166,'20221251185992',2,'국내생선','1',1,'01023232222','가메수산','6532','y','5516','n','주문'),(167,'20221251185992',3,'고등어','1',1,'01023232222','가메수산','5461','y','3122','n','주문'),(168,'20221251185992',4,'굴비','1',1,'01023232222','가메수산','3212','n',NULL,'n','주문'),(169,'20221254893488',2,'국내생선','1',1,'01023232222','가메수산','6532','y','5516','n','주문'),(170,'20221254893488',3,'고등어','1',1,'01023232222','가메수산','5461','y','3122','n','주문'),(171,'20221254893488',4,'굴비','1',1,'01023232222','가메수산','3212','n',NULL,'n','주문'),(172,'20221256297168',2,'국내생선','1',1,'01023232222','가메수산','6532','y','5516','n','주문'),(173,'20221256297168',3,'고등어','1',1,'01023232222','가메수산','5461','y','3122','n','주문'),(174,'20221256297168',4,'굴비','1',1,'01023232222','가메수산','3212','n',NULL,'n','주문'),(175,'20221251475696',2,'국내생선','1',1,'01023232222','가메수산','6532','y','5516','n','주문'),(176,'20221251475696',3,'고등어','1',1,'01023232222','가메수산','5461','y','3122','n','주문'),(177,'20221251475696',4,'굴비','1',1,'01023232222','가메수산','3212','n',NULL,'n','주문'),(178,'20221271614807',5,'삼겹살','1',2,'01023232222','종합식육점','2000','n',NULL,'n','주문'),(179,'20221271614807',1,'한후 샌드위치','1',2,'01012341234','종합식육점','3000','n',NULL,'n','주문'),(180,'20221271070931',5,'삼겹살','1',2,'01012341234','종합식육점','2000','n',NULL,'n','주문'),(181,'20221271070931',1,'한후 샌드위치','1',2,'01012341234','종합식육점','3000','n',NULL,'n','주문'),(182,'202212133043159',2,'국내생선','1',1,'01023232222','가메수산','6532','y','5516','n','주문'),(183,'202212133043159',4,'굴비','1',1,'01023232222','가메수산','3212','n',NULL,'n','주문'),(184,'202212133043159',8,'깍두기','1',4,'01045452222','임해식품','3000','y','1000','n','주문'),(185,'20231105268784',1,'한후 샌드위치','1',2,'01012341234','종합식육점','3000','n','','n','주문'),(186,'20231101019410',1,'한후 샌드위치','1',2,'01012341234','종합식육점','3000','n','','n','주문'),(187,'20231101019410',2,'국내생선','1',1,'01023232222','가메수산','6532','y','5516','n','주문'),(188,'20231101019410',4,'굴비','1',1,'01023232222','가메수산','3212','n','','n','주문'),(189,'20231101019410',7,'깍두기','1',4,'01045452222','임해식품','3000','y','1000','n','주문'),(190,'20231101019410',8,'사과','1',8,'01078784512','부자과일','1500','y','1300','n','주문'),(191,'20231101019410',9,'풋사과','1',8,'01078784512','부자과일','2000','n','','n','주문'),(192,'20231122136769',7,'깍두기','1',4,'01045452222','임해식품','3000','y','1000','n','주문'),(193,'20231122136769',8,'사과','2',8,'01078784512','부자과일','1500','y','1300','n','주문'),(194,'20231122136769',9,'풋사과','2',8,'01078784512','부자과일','2000','n','','n','주문'),(195,'20231122136769',12,'배','1',8,'01078784512','부자과일','800','y','500','n','주문'),(200,'20231121865296',7,'깍두기','1',4,'01045452222','임해식품','3000','y','1000','n','주문'),(201,'20231121865296',8,'사과','2',8,'01078784512','부자과일','1500','y','1300','n','주문'),(202,'20231121865296',9,'풋사과','2',8,'01078784512','부자과일','2000','n','','n','주문'),(203,'20231121865296',12,'배','1',8,'01078784512','부자과일','800','y','500','n','주문'),(204,'20231123047708',7,'깍두기','1',4,'01045452222','임해식품','3000','y','1000','n','주문'),(205,'20231123047708',8,'사과','2',8,'01078784512','부자과일','1500','y','1300','n','주문'),(206,'20231123047708',9,'풋사과','2',8,'01078784512','부자과일','2000','n','','n','주문'),(207,'20231123047708',12,'배','1',8,'01078784512','부자과일','800','y','500','n','주문'),(208,'20231127764647',7,'깍두기','1',4,'01045452222','임해식품','3000','y','1000','y','입금'),(209,'20231127764647',8,'사과','2',8,'01078784512','부자과일','1500','y','1300','y','입금'),(210,'20231127764647',9,'풋사과','2',8,'01078784512','부자과일','2000','n','','y','입금'),(211,'20231127764647',12,'배','1',8,'01078784512','부자과일','800','y','500','y','입금'),(212,'20232209549559',4,'김치','1',4,'01045452222','임해식품','5000','y','3000','n','주문');
/*!40000 ALTER TABLE `order_product` ENABLE KEYS */;
UNLOCK TABLES;

--
-- Table structure for table `pay`
--

DROP TABLE IF EXISTS `pay`;
/*!40101 SET @saved_cs_client     = @@character_set_client */;
/*!50503 SET character_set_client = utf8mb4 */;
CREATE TABLE `pay` (
  `orderid` varchar(45) NOT NULL,
  `paymentkey` varchar(500) NOT NULL,
  `price` varchar(45) NOT NULL,
  `pg_provider` varchar(45) NOT NULL,
  `emb_pg_provider` varchar(45) DEFAULT NULL,
  `paydate` datetime DEFAULT CURRENT_TIMESTAMP,
  PRIMARY KEY (`orderid`),
  CONSTRAINT `pay_orderid_fk` FOREIGN KEY (`orderid`) REFERENCES `order` (`orderid`) ON DELETE CASCADE ON UPDATE CASCADE
) ENGINE=InnoDB DEFAULT CHARSET=utf8mb3;
/*!40101 SET character_set_client = @saved_cs_client */;

--
-- Dumping data for table `pay`
--

LOCK TABLES `pay` WRITE;
/*!40000 ALTER TABLE `pay` DISABLE KEYS */;
INSERT INTO `pay` VALUES ('202211210881367','imp_349238496906','11850','tosspay',NULL,'2022-11-21 13:51:10'),('202211217965354','imp_926964170399','11850','tosspay',NULL,'2022-11-21 12:23:09'),('20231127764647','imp_611360117778','8100','tosspay',NULL,'2023-01-12 12:16:28');
/*!40000 ALTER TABLE `pay` ENABLE KEYS */;
UNLOCK TABLES;

--
-- Table structure for table `product`
--

DROP TABLE IF EXISTS `product`;
/*!40101 SET @saved_cs_client     = @@character_set_client */;
/*!50503 SET character_set_client = utf8mb4 */;
CREATE TABLE `product` (
  `key` int NOT NULL AUTO_INCREMENT,
  `code` int NOT NULL,
  `storecode` int NOT NULL,
  `category_code` int NOT NULL,
  `regnumber` varchar(45) NOT NULL,
  `storename` varchar(45) NOT NULL,
  `name` varchar(45) NOT NULL,
  `amount` varchar(45) NOT NULL,
  `price` varchar(45) NOT NULL,
  `discount` varchar(45) NOT NULL,
  `discount_price` varchar(45) DEFAULT NULL,
  `recommend` varchar(45) DEFAULT NULL,
  `origin` varchar(45) DEFAULT NULL,
  `regdate` datetime NOT NULL DEFAULT CURRENT_TIMESTAMP,
  `selling` varchar(45) NOT NULL DEFAULT 'y',
  `display` varchar(45) NOT NULL DEFAULT 'y',
  PRIMARY KEY (`key`),
  UNIQUE KEY `code_UNIQUE` (`code`),
  KEY `prod_store_code_refer_idx` (`storecode`),
  KEY `prod_cate_code_ref_idx` (`category_code`),
  CONSTRAINT `prod_cate_code_ref` FOREIGN KEY (`category_code`) REFERENCES `category` (`code`),
  CONSTRAINT `prod_store_code_ref` FOREIGN KEY (`storecode`) REFERENCES `store` (`code`) ON DELETE CASCADE ON UPDATE CASCADE
) ENGINE=InnoDB AUTO_INCREMENT=118 DEFAULT CHARSET=utf8mb3;
/*!40101 SET character_set_client = @saved_cs_client */;

--
-- Dumping data for table `product`
--

LOCK TABLES `product` WRITE;
/*!40000 ALTER TABLE `product` DISABLE KEYS */;
INSERT INTO `product` VALUES (77,1,1,2,'01023232222','가메수산','국내생선','1','6532','y','5516',NULL,'국내산','2022-10-21 00:00:00','y','y'),(78,2,1,2,'01023232222','가메수산','고등어','1','5461','y','3122','on','미국산','2022-10-21 00:00:00','y','y'),(79,3,1,2,'01023232222','가메수산','굴비','1','3212','n',NULL,NULL,'중국산','2022-10-21 00:00:00','y','y'),(100,4,4,6,'01045452222','임해식품','김치','1','5000','y','3000','on','국내산 배추','2022-12-12 11:51:42','y','y'),(101,5,4,6,'01045452222','임해식품','깍두기','1','3000','y','1000',NULL,'국내산 무','2022-12-12 11:52:27','y','y'),(103,6,8,5,'01078784512','부자과일','사과','1','1500','y','1300','on','산지직송','2023-01-10 11:51:13','y','y'),(104,7,8,5,'01078784512','부자과일','풋사과','1','2000','n','',NULL,'산지직송','2023-01-10 11:51:31','y','y'),(105,8,8,5,'01078784512','부자과일','포도','1','2500','n','','on','국내산','2023-01-10 11:53:43','y','y'),(106,9,8,5,'01078784512','부자과일','복숭아','1','2000','y','1800',NULL,'산지직송','2023-01-10 11:54:59','y','y'),(107,10,8,5,'01078784512','부자과일','배','1','800','y','500',NULL,'산지직송','2023-01-10 11:55:17','y','y'),(108,11,6,7,'01045454545','근사식당','된장찌개','1','8000','n','','on','','2023-01-10 15:24:38','y','y'),(110,12,2,1,'01012341234','종합식육점','목살','1','1550','y','1325',NULL,'','2023-01-12 11:31:04','y','y'),(114,13,2,1,'01012341234','종합식육점','삼겹살','1','2000','y','1500','on','국내산','2023-01-18 16:44:30','y','y');
/*!40000 ALTER TABLE `product` ENABLE KEYS */;
UNLOCK TABLES;

--
-- Table structure for table `product_image`
--

DROP TABLE IF EXISTS `product_image`;
/*!40101 SET @saved_cs_client     = @@character_set_client */;
/*!50503 SET character_set_client = utf8mb4 */;
CREATE TABLE `product_image` (
  `key` int NOT NULL AUTO_INCREMENT,
  `product_code` int NOT NULL,
  `storecode` int NOT NULL,
  `savefolder` varchar(500) NOT NULL,
  `savefile` varchar(500) DEFAULT NULL,
  `filetype` varchar(45) DEFAULT NULL,
  PRIMARY KEY (`key`),
  UNIQUE KEY `productcode_UNIQUE` (`product_code`),
  KEY `store_code_fk_idx` (`storecode`),
  CONSTRAINT `product_code_fk` FOREIGN KEY (`product_code`) REFERENCES `product` (`code`) ON DELETE CASCADE ON UPDATE CASCADE,
  CONSTRAINT `store_code_fk` FOREIGN KEY (`storecode`) REFERENCES `store` (`code`)
) ENGINE=InnoDB AUTO_INCREMENT=63 DEFAULT CHARSET=utf8mb3;
/*!40101 SET character_set_client = @saved_cs_client */;

--
-- Dumping data for table `product_image`
--

LOCK TABLES `product_image` WRITE;
/*!40000 ALTER TABLE `product_image` DISABLE KEYS */;
INSERT INTO `product_image` VALUES (42,1,1,'./uploads/','18dcc049-6625-463d-bb91-ba7423892b0a.jpg',NULL),(43,2,1,'./uploads/','05771783_1_960.jpg',NULL),(44,3,1,'./uploads/','61a8e2f615eb66e12b42cee36ead0bd1.jpg',NULL),(52,4,4,'./uploads/','6b6e035658bac.png',NULL),(53,5,4,'./uploads/','11b74cb2bf7230aab90f60d1230cf6fd.jpg',NULL),(54,6,8,'./uploads/','20211221150846L.jpg',NULL),(55,7,8,'./uploads/','470917_126221_3055.jpg',NULL),(56,8,8,'./uploads/','í¬ë-ê»ì§ì¨ì¤ê¸°-oumj05clhuw1wah8xhaps3qyi41xdirgbn99xebsow.jpg',NULL),(57,9,8,'./uploads/','74e64ae570d1571eb60344afdfd05a70.jpg',NULL),(58,10,8,'./uploads/','233598173_B.jpg',NULL),(59,11,6,'./uploads/','best4.png',NULL),(60,12,2,'./uploads/','LO1655147851_1655147852_1.jpg',NULL),(61,13,2,'./uploads/','3d88e02a319b48997600e0185d9e6c30.jpg',NULL);
/*!40000 ALTER TABLE `product_image` ENABLE KEYS */;
UNLOCK TABLES;

--
-- Table structure for table `search`
--

DROP TABLE IF EXISTS `search`;
/*!40101 SET @saved_cs_client     = @@character_set_client */;
/*!50503 SET character_set_client = utf8mb4 */;
CREATE TABLE `search` (
  `key` int NOT NULL AUTO_INCREMENT,
  `ip` varchar(45) NOT NULL,
  `platform` varchar(45) NOT NULL,
  `word` varchar(45) NOT NULL,
  `date` datetime NOT NULL DEFAULT CURRENT_TIMESTAMP,
  PRIMARY KEY (`key`)
) ENGINE=InnoDB AUTO_INCREMENT=26 DEFAULT CHARSET=utf8mb3;
/*!40101 SET character_set_client = @saved_cs_client */;

--
-- Dumping data for table `search`
--

LOCK TABLES `search` WRITE;
/*!40000 ALTER TABLE `search` DISABLE KEYS */;
INSERT INTO `search` VALUES (1,'211.220.39.38','컴퓨터','고기','2023-01-05 11:49:12'),(2,'211.220.39.38','컴퓨터','깍두기','2023-01-05 12:00:25'),(3,'211.220.39.38','컴퓨터','김치','2023-01-05 12:00:33'),(4,'211.220.39.38','컴퓨터','한후','2023-01-05 13:35:42'),(5,'211.220.39.38','컴퓨터','고기','2023-01-05 15:31:00'),(6,'211.220.39.38','컴퓨터','사과','2023-01-10 16:10:03'),(7,'192.168.0.1','컴퓨터','사','2023-01-25 10:34:33'),(8,'192.168.0.1','컴퓨터','정육','2023-01-25 14:52:11'),(9,'192.168.0.1','컴퓨터','사과','2023-01-25 14:52:16'),(10,'192.168.0.1','컴퓨터','사과','2023-01-25 14:52:48'),(11,'192.168.0.1','컴퓨터','사과','2023-01-25 14:52:55'),(12,'192.168.0.1','컴퓨터','사과','2023-01-25 14:53:14'),(13,'192.168.0.1','컴퓨터','사과','2023-01-25 14:53:28'),(14,'192.168.0.1','컴퓨터','배','2023-01-25 14:53:38'),(15,'192.168.0.1','컴퓨터','사과','2023-01-25 14:54:25'),(16,'192.168.0.1','컴퓨터','사과','2023-01-25 16:22:24'),(17,'192.168.0.1','컴퓨터','사과','2023-01-25 16:22:29'),(18,'192.168.0.1','컴퓨터','사과','2023-01-25 16:23:20'),(19,'192.168.0.1','컴퓨터','사과','2023-01-25 16:24:16'),(20,'192.168.0.1','컴퓨터','선','2023-01-25 16:30:50'),(21,'192.168.0.1','컴퓨터','사과','2023-01-25 16:32:38'),(22,'192.168.0.1','컴퓨터','사과','2023-01-25 16:40:05'),(23,'192.168.0.1','컴퓨터','사과','2023-01-25 16:41:08'),(24,'118.235.42.15','모바일','생선','2023-01-30 18:39:49'),(25,'118.235.42.13','모바일','ㅕㅕ','2023-02-07 16:48:21');
/*!40000 ALTER TABLE `search` ENABLE KEYS */;
UNLOCK TABLES;

--
-- Table structure for table `store`
--

DROP TABLE IF EXISTS `store`;
/*!40101 SET @saved_cs_client     = @@character_set_client */;
/*!50503 SET character_set_client = utf8mb4 */;
CREATE TABLE `store` (
  `key` int NOT NULL AUTO_INCREMENT,
  `code` int NOT NULL,
  `category_code` int NOT NULL,
  `link_code` varchar(45) DEFAULT NULL,
  `regnumber` varchar(45) NOT NULL,
  `name` varchar(45) NOT NULL,
  `tel` varchar(45) NOT NULL,
  `owner` varchar(45) NOT NULL,
  `birthday` varchar(45) DEFAULT NULL,
  `postcode` varchar(45) NOT NULL,
  `address` varchar(45) NOT NULL,
  `address_detail` varchar(45) NOT NULL,
  `phone` varchar(45) DEFAULT NULL,
  `explan` varchar(45) DEFAULT NULL,
  `introduce` varchar(500) DEFAULT NULL,
  `open` varchar(45) DEFAULT NULL,
  `close` varchar(45) DEFAULT NULL,
  `pause` varchar(45) DEFAULT NULL,
  `resume` varchar(45) DEFAULT NULL,
  `holiday` varchar(45) DEFAULT NULL,
  `latitude` varchar(45) DEFAULT NULL,
  `longitude` varchar(45) DEFAULT NULL,
  `active` varchar(45) DEFAULT 'y',
  PRIMARY KEY (`key`),
  UNIQUE KEY `code_UNIQUE` (`code`),
  UNIQUE KEY `regnumber_UNIQUE` (`regnumber`),
  UNIQUE KEY `link_code_UNIQUE` (`link_code`),
  KEY `store_cate_code_ref_idx` (`category_code`),
  CONSTRAINT `link_code_ref` FOREIGN KEY (`link_code`) REFERENCES `link` (`code`) ON DELETE SET NULL ON UPDATE SET NULL,
  CONSTRAINT `store_cate_code_ref` FOREIGN KEY (`category_code`) REFERENCES `category` (`code`) ON DELETE CASCADE ON UPDATE CASCADE
) ENGINE=InnoDB AUTO_INCREMENT=23 DEFAULT CHARSET=utf8mb3;
/*!40101 SET character_set_client = @saved_cs_client */;

--
-- Dumping data for table `store`
--

LOCK TABLES `store` WRITE;
/*!40000 ALTER TABLE `store` DISABLE KEYS */;
INSERT INTO `store` VALUES (1,1,2,'28a37w','01023232222','가메수산','051-555-5555','김해삼',NULL,'47252','부산 부산진구 부전동 345-38','','01033333333','좋은 물고기','아주 좋아요','0시','24시','14시','18시',NULL,'35.1621438','129.0603482','y'),(2,2,1,'89a87C','01012341234','종합식육점','010-1234-1234','김꿀꿀',NULL,'47251','부산 부산진구 부전동 325-10','','01012341234','','','9시','18시','12시','17시','매주 월요일','35.1619711','129.0604107','y'),(3,3,5,NULL,'01011112222','협신상회','051-542-8875','김과일',NULL,'47252','부산 부산진구 부전동 347-52','','01011112222',NULL,NULL,'9시','15시','13시','14시',NULL,'35.1622675','129.059396','y'),(11,4,6,'13B2z','01045452222','임해식품','0517751277','김반찬',NULL,'47252','부산 부산진구 부전동 344-116','','01045452222','sad','sadasd',NULL,NULL,NULL,NULL,NULL,'35.1630058','129.0602145','y'),(18,5,8,NULL,'01012341235','구덕상회','01012341235','김구덕',NULL,'47252','부산 부산진구 부전동 345-31','23호','01012341235','잡화','ㅎㅎ',NULL,NULL,NULL,NULL,NULL,'35.1626165','129.0599998','y'),(19,6,7,NULL,'01045454545','근사식당','01045454545','김식당','','47253','부산 부산진구 부전로158번길 36-4 (부전동)','','01045454545','한그릇 맛있는 집','',NULL,NULL,NULL,NULL,NULL,'35.1611069','129.0591471','y'),(20,7,8,NULL,'01043434545','광주땅콩','01043434545','김땅콩','','47252','부산 부산진구 부전동 347-60','','01043434545',NULL,NULL,NULL,NULL,NULL,NULL,NULL,'35.1619882','129.0595943','y'),(21,8,5,'56i52e','01078784512','부자과일','01078784512','김과일','','47252','부산 부산진구 부전동 345-30','','01078784512','달달한 과일','',NULL,NULL,NULL,NULL,NULL,'35.16288470000001','129.0598441','y'),(22,9,3,'31e46t','01048751234','민물','1234','김민물','','47261','부산 부산진구 가야대로 지하 719','12호','01048751234',NULL,NULL,'','','','',NULL,'35.1574359013428','129.050428497747','y');
/*!40000 ALTER TABLE `store` ENABLE KEYS */;
UNLOCK TABLES;

--
-- Table structure for table `store_admin`
--

DROP TABLE IF EXISTS `store_admin`;
/*!40101 SET @saved_cs_client     = @@character_set_client */;
/*!50503 SET character_set_client = utf8mb4 */;
CREATE TABLE `store_admin` (
  `key` int NOT NULL AUTO_INCREMENT,
  `regnumber` varchar(45) NOT NULL,
  `password` varchar(45) NOT NULL,
  PRIMARY KEY (`key`),
  UNIQUE KEY `storeregnumber_UNIQUE` (`regnumber`),
  KEY `store_regnumber_fk_idx` (`regnumber`),
  CONSTRAINT `store_regnumber_fk` FOREIGN KEY (`regnumber`) REFERENCES `store` (`regnumber`) ON DELETE CASCADE ON UPDATE CASCADE
) ENGINE=InnoDB AUTO_INCREMENT=9 DEFAULT CHARSET=utf8mb3;
/*!40101 SET character_set_client = @saved_cs_client */;

--
-- Dumping data for table `store_admin`
--

LOCK TABLES `store_admin` WRITE;
/*!40000 ALTER TABLE `store_admin` DISABLE KEYS */;
INSERT INTO `store_admin` VALUES (1,'01012341234','12'),(2,'01023232222','2222'),(3,'01045452222','2222'),(4,'01012341235','1235'),(5,'01045454545','4545'),(6,'01043434545','4545'),(7,'01078784512','4512'),(8,'01048751234','1234');
/*!40000 ALTER TABLE `store_admin` ENABLE KEYS */;
UNLOCK TABLES;

--
-- Table structure for table `store_contact`
--

DROP TABLE IF EXISTS `store_contact`;
/*!40101 SET @saved_cs_client     = @@character_set_client */;
/*!50503 SET character_set_client = utf8mb4 */;
CREATE TABLE `store_contact` (
  `key` int NOT NULL AUTO_INCREMENT,
  `regnumber` varchar(45) NOT NULL,
  `encode_png` varchar(20000) NOT NULL,
  `regdate` datetime NOT NULL DEFAULT CURRENT_TIMESTAMP,
  PRIMARY KEY (`key`),
  KEY `store_regnumber_fk2_idx` (`regnumber`),
  CONSTRAINT `store_reg_ref` FOREIGN KEY (`regnumber`) REFERENCES `store` (`regnumber`)
) ENGINE=InnoDB AUTO_INCREMENT=7 DEFAULT CHARSET=utf8mb3;
/*!40101 SET character_set_client = @saved_cs_client */;

--
-- Dumping data for table `store_contact`
--

LOCK TABLES `store_contact` WRITE;
/*!40000 ALTER TABLE `store_contact` DISABLE KEYS */;
INSERT INTO `store_contact` VALUES (1,'01045452222','iVBORw0KGgoAAAANSUhEUgAAAtAAAAEsCAYAAADq74RjAAAAAXNSR0IArs4c6QAAHqVJREFUeF7t3U2sbWdZB/A/fg00CiUpgkYpmPiJ0gZDFBKhTBAH0hKLUYhtI4EIIbQYwEgMdGIEFQoJRTHSNgY0JUgrA5lRogGNQFujRo2RlgkqA9roABJDzRPW1u3mnN699tlnn+fd67eSBnrv+nje37N6z/+uvOtdj4uNAAECBAgQIECAAIGtBR639Z52JECAAAECBAgQIEAgArSbgAABAgQIECBAgMAMAQF6BpZdCRAgQIAAAQIECAjQ7gECBAgQIECAAAECMwQE6BlYdiVAgAABAgQIECAgQLsHCBAgQIAAAQIECMwQEKBnYNmVAAECBAgQIECAgADtHiBAgAABAgQIECAwQ0CAnoFlVwIECBAgQIAAAQICtHuAAAECBAgQIECAwAwBAXoGll0JECBAgAABAgQICNDuAQIECBAgQIAAAQIzBAToGVh2JUCAAAECBAgQICBAuwcIECBAgAABAgQIzBAQoGdg2ZUAAQIECBAgQICAAO0eIECAAAECBAgQIDBDQICegWVXAgQIECBAgAABAgK0e4AAAQIECBAgQIDADAEBegaWXQkQIECAAAECBAgI0O4BAgQIECBAgAABAjMEBOgZWHYlQIAAAQIECBAgIEC7BwgQIECAAAECBAjMEBCgZ2DZlQABAgQIECBAgIAA7R4gQIAAAQIECBAgMENAgJ6BZVcCBAgQIECAAAECArR7gAABAgQIECBAgMAMAQF6BpZdCRAgQIAAAQIECAjQ7gECBAgQIECAAAECMwQE6BlYdiVAgAABAgQIECAgQLsHCBAgQIAAAQIECMwQEKBnYNmVAAECBAgQIECAgADtHiBAgAABAgQIECAwQ0CAnoFlVwIECBAgQIAAAQICtHuAAAECBAgQIECAwAwBAXoGll0JECBAgAABAgQICNDuAQIECBAgQIAAAQIzBAToGVh2JUCAAAECBAgQICBAuwcIECBAgAABAgQIzBAQoGdg2ZUAAQIECBAgQICAAO0eIECAAAECBAgQIDBDQICegWVXAgQIECBAgAABAgK0e4AAAQIECBAgQIDADAEBegaWXQkQIECAAAECBAgI0O4BAgQIECBAgAABAjMEBOgZWHYlQIAAAQIECBAgIEC7BwgQIECAAAECBAjMEBCgZ2DZlQABAgQIECBAgIAA7R4gQIAAAQIECBAgMENAgJ6BZVcCBAgQIECAAAECArR7gAABAgQIECBAgMAMAQF6BpZdCRAgQIAAAQIECAjQ7gECBAgQIECAAAECMwQE6BlYdiVAgAABAgQIECAgQLsHCBAgQIAAAQIECMwQEKBnYNmVAAECBAgQIECAgADtHiBAgAABAgQIECAwQ0CAnoFlVwIECBAgQIAAAQICtHuAAAECBAgQIECAwAwBAXoGll0JECBAgAABAgQICNDuAQIECBAgQIAAAQIzBAToGVh2JUCAAAECBAgQICBAuwcIECBAgAABAgQIzBAQoGdg2ZUAAQIECBAgQICAAO0eIECAAAECBAgQIDBDQICegWVXAgQIECBAgAABAgK0e4AAAQIECBAgQIDADAEBegaWXQkQIECAAAECBAgI0O4BAgQIECBAgAABAjMEBOgZWHYlQIAAAQIECBAgIEC7BwjsLvADSZ6S5Iok35LkxUm+NcktSb4pyb8keXD30zuSAAECBAgQ6CggQHfsipq6CrwlyVunUPzVJE/fotC/TfKNST6U5PYkn9/iGLsQIECAAAECjQUE6MbNUVo7gUf3UNF7k3w0yZ/v4VyjnWL1F5D6S0g9pbcRIECAAIEhBQToIdum6AsSWH8CvT41o6Zw1D9ztk8l+acpSC5lmsf6X0D82TPnbrEvAQIECLQS8EOsVTsUM7jAS5P8yjSGJyb5sS3HU09kv5zkM0keSPLFLY8bbbeawnLDVPSTjnico/VFvQQIECAwU0CAnglmdwIzBL43yfcnecb0guG3J3nWFsffn+TuJB+YXkTc4pAhdvmtJG8SoIfolSIJECBA4DEEBGi3B4HDC1yXpML1y5NceYnL35HkxsOXeC5XfFuSN05n/uUk7z+XqzgpAQIECBA4ZwEB+pyBnZ7AFgIvmqZ71NPpWtlj8yn1vUmu3uI83XdZzSGvOo9lTN3N1UeAAAEC5yAgQJ8DqlMSOKNABerfTfJDa+epZfBqjvXIW81/rnnQAvTIXVQ7AQIECESAdhMQ6Ctw38YUj9uSvKZvuZes7JVJfn9tLy8SXpLMDgQIECDQUUCA7tgVNRH4P4H3JHn1Gsjrk7xzUKDnJ/n4Wu3+/Bm0kcomQIDA0gX8AFv6HWD8IwjclaRePKzts0mek+QrIxS+UePbk7xh7ddeluSDA45DyQQIECCwcAEBeuE3gOEPIfCSJB9eq7ReKKyX8Ebb3pHk5rWi62uEtQa2jQABAgQIDCUgQA/VLsUuWOA/klw+jf8Pk7xiQIubNqafCNADNlHJBAgQIBAvEboJCAwisDkXesS//K6vwlHsAvQgN58yCRAgQOD/C4z4Q1gPCSxRoOYK/8LawGvqQwXQkbbNAH3n2qe9RxqHWgkQIEBg4QIC9MJvAMMfSuDTax9ZqU99XztU9clmgL4nyTWDjUG5BAgQIEDAFA73AIGBBGoJuFoKrrYvJql1lEfaNpex+8TaeEYah1oJECBAYOECnkAv/AYw/KEE1gN0FT7af78C9FC3m2IJECBA4DSB0X4A6ySBJQsI0EvuvrETIECAQBsBAbpNKxRC4JICo0/huDJJfZ58tT2w8anySwLYgQABAgQIdBAQoDt0QQ0EthP4ryTfNu16W5LXbHdYm72ekORLa9U8mORpbapTCAECBAgQ2FJAgN4Sym4ELlhgc/7wm5P85gXXtMvlH1076OEkl+1yEscQIECAAIGLFBCgL1LftQlsL3D72prJn0ny49sf2mrP9QD9UJIrWlWnGAIECBAgsIWAAL0Fkl0INBBYn/884kdUVoT11Pnx078I0A1uLCUQIECAwHwBAXq+mSMIHFpgc/rGS5N86NBF7Ol6Ne/5qdO5rAO9J1SnIUCAAIHDCgjQh/V2NQJzBS5P8p4k100HfjbJc5J8Ze6Jmux/b5LnCdBNuqEMAgQIENhJQIDeic1BBA4m8OopQK8u+Kok7zvY1fd/ofUA7VPe+/d1RgIECBA4gIAAfQBklyBwBoH1uc8VPq8+w7k6HLoeoG9JUvO5bQQIECBAYCgBAXqodil2YQI3JKnVN1bbzUluHdxgPUAfw3gGb4fyCRAgQGAXAQF6FzXHEDh/ge9M8m9rlzmGp881nPUAXU/T699tBAgQIEBgKAEBeqh2KXZBAr+XpOY71/avSb7vSMZ+d5IXT2O5Ksn9RzIuwyBAgACBBQkI0AtqtqEOI/CiJB9MUp++rm3kdZ830e9Icv30i/78GeaWVCgBAgQIrAv4AeZ+INBL4IlJ6unzatm6YwrPJf2xJC9M8u9JntyLXjUECBAgQGA7AQF6Oyd7ETiUwF1r4bmueWz/jf5lkucm+eskP3EoVNchQIAAAQL7FDi2H877tHEuAocWeMvGsm4vT/KBQxdxztdbzYF+V5KbzvlaTk+AAAECBM5FQIA+F1YnJTBboKZs1NPn1VZzhW+cfZb+B6xW4bAGdP9eqZAAAQIEThEQoN0aBC5eYPPJ87EsWXeS7MNJHp/EGtAXf9+pgAABAgR2FBCgd4RzGIE9Cjy6dq4/SvJLezx3t1OtxlpP1+spu40AAQIECAwnIEAP1zIFH6HAu5O8dvqoyOif6n6s9lyR5HPTDj6icoQ3siERIEBgKQIC9FI6bZzdBZ6/gK/yCdDd70L1ESBAgMBWAgL0Vkx2IkBgDwL1l4SPT+d5WpIH93BOpyBAgAABAgcXEKAPTu6CBBYrcE2Sj0yj92fPYm8DAydAgMD4An6Ijd9DIyAwisANSW4XoEdplzoJECBA4DQBAdq9QYDAoQTqs+S1ZF8tZXfZoS7qOgQIECBAYN8CAvS+RZ2PAIHTBG5N8rokn0hS86FtBAgQIEBgSAEBesi2KZrAkAKrrxDek6TmQ9sIECBAgMCQAgL0kG1TNIEhBe5P8swk70py05AjUDQBAgQIEEgiQLsNCBA4lMDqM963JKn50DYCBAgQIDCkgAA9ZNsUTWA4gSck+dJU9bVJ7h5uBAomQIAAAQKTgADtViBA4BACPqJyCGXXIECAAIGDCAjQB2F2EQKLF7AG9OJvAQAECBA4HgEB+nh6aSQEOgus1oC2hF3nLqmNAAECBLYSEKC3YrITAQJnFFgtYXdnknoabSNAgAABAsMKCNDDtk7hBIYSWK3AcXOS+qCKjQABAgQIDCsgQA/bOoUTGEZgfQWOq5LUetA2AgQIECAwrIAAPWzrFE5gGIH66uBHpmr9mTNM2xRKgAABAqcJ+GHm3iBA4LwFvEB43sLOT4AAAQIHFRCgD8rtYgQWKbB6gdAXCBfZfoMmQIDA8QkI0MfXUyMi0E1g9QLh1UkqTNsIECBAgMDQAgL00O1TPIH2Alck+dxU5WVJKkzbCBAgQIDA0AIC9NDtUzyB9gI/n+RPknwhyXe1r1aBBAgQIEBgCwEBegskuxAgsLPA6gXCtyX5tZ3P4kACBAgQINBIQIBu1AylEDhCgQeTPDXJtUnuPsLxGRIBAgQILFBAgF5g0w2ZwIEE1j+g8rQkFaZtBAgQIEBgeAEBevgWGgCBtgKrD6g8lKReJrQRIECAAIGjEBCgj6KNBkGgpcAdSa5PcmeSG1pWqCgCBAgQILCDgAC9A5pDCBDYSmA1//nGJBWmbQQIECBA4CgEBOijaKNBEGgncGWS+6aqrP/crj0KIkCAAIGzCAjQZ9FzLAECpwmspm/ck6TmQtsIECBAgMDRCAjQR9NKAyHQRqBW36ivD9b/mr7Rpi0KIUCAAIF9CQjQ+5J0HgIEVgL1wuDtSR6ZVt/w+W73BgECBAgclYAAfVTtNBgCOws8f1qn+WeSXDed5ZNJ3rzDGVcvD1p9Ywc8hxAgQIBAfwEBun+PVEhgnwKXTwF5FZJrfebvTvLNp1zkU0nuSnLrlkWsnj7X7j6esiWa3QgQIEBgLAEBeqx+qZbAXIEKys9KcnWSZ889eG3/9yV5b5L7L3EOT5/PgOxQAgQIEBhDQIAeo0+qJLCtQC0f985p55qWMWf7TJL/nA6o89RLgOtbheM3JvnQKSf19HmOtn0JECBAYFgBAXrY1imcwP8K/HCSFyZ52fS0+bFo3prkC0meMn0hcLVvTeW4d+PAtySp/de3mtLx6yfsW/vU0+lnJrF0nZuTAAECBI5aQIA+6vYa3JEL1FPiCrkvSPIdJ4z1i0nen6ReBvzn6SXBL880qWvcluQn1477aJKfPeE8j06/dtUWUz1mlmF3AgQIECDQR0CA7tMLlRDYVqDmNf/iKR8oqbnKFZj/Jsk/bHvCS+xXU0F+Z+Pp9tuTvGntuI8nqf3+LsmP7um6TkOAAAECBFoKCNAt26KogQVW0x5q6sMtex7HTUl+LslzTzhvXa/mJu8rNG9e4lenEL3+66s/P2oKyd9Pv+HPlD033ekIECBAoJ+AH3b9eqKisQVW0xhqFPv676tW0ainvaul59aF6onzqw5E9umNp9D1suLrk7wjyc3TFJFaus5GgAABAgSOWmBfP+CPGsngCMwQqE9Y1wt5tWLFWcNkvej3yhNe5Kty6olvPeH+2NrKGTPK3HnX9b8g1EkuS/Kl6Wy1Qsdv73xmBxIgQIAAgUEEBOhBGqXMYQRWc4FrRYtae3nX7bGeOteT33dPIX3X8+963ObKHBWY3zCd7EfOcQrJrvU6jgABAgQI7F1AgN47qRMuXOCsAbrmE79neiHvJMrzmFs9p2Xraz3Xcf+Y5AeT3JHkxjknsi8BAgQIEBhVQIAetXPq7iqw6xzomvZRT3PrJcGTtnpB8G1J6mMnF7ltBuhVLS99jA+sXGS9rk2AAAECBPYuIEDvndQJFy6wS4C+Ncn1J3z5r2M4rRcZ79rocYX7CtA2AgQIECCwCAEBehFtNsgDCdRT5HqJcLXVS4T1MuFp2zXTZ7fruJO2WuHivlO++negIX3dZWqt55qmsr55+nxR3XBdAgQIELgQAQH6Qthd9EgF6uMmH1gbW31a+4MnjLUCc72MV9MhTtpqXvHLG0zXOKm2+oDK6qXB+v3Tvkp4pC02LAIECBAgsL91alkSIPC1UFwv+a22k174q4+hvG5a6m7T7IEk9fu1gsdFb5cnqU+Br7YK9K9N8uyNwmr955qCYiNAgAABAosR8AR6Ma020AMIbAbon0ryF9N1r5yma9QUiM3tkSl410oWDx+gzktdor46WB9uqRB90vbVJN8w/cZFrwpyqbH4fQIECBAgsHcBAXrvpE64YIEPJ3nJ2vhrqkbNg64XBE+brnHP9HsdgvOq9NVSfCe1cvV0fPUXgfqgyzMW3HNDJ0CAAIEFCgjQC2y6IZ+bwOZX+uoFwtNeEHxomq5x97lVs/uJKxzX0/TV9t9JPpvkr5J8ZFqjev1FwidtTPfY/cqOJECAAAECAwgI0AM0SYlDCJy0OsVJhdd0jZozvD5XeogBrhW5uZRdfXGxw7zt0RzVS4AAAQKDCgjQgzZO2S0FPp/ke06pbBWca57zYy1t13JgG0Vt/mVBgB6ha2okQIAAgb0JCNB7o3QiAvmDJK9Yc6jQXFM0Vv8cC5EAfSydNA4CBAgQ2ElAgN6JzUEEThX46SRPT/LJJPcfqdO1Sf50GpuXCI+0yYZFgAABAqcLCNDuDgIE5gp8Ikkt0VfbbUleM/cE9idAgAABAiMLCNAjd0/tBA4vUOtZ1+fFV9uLk/zZ4ctwRQIECBAgcHECAvTF2bsygREFarWN502F1xrW14w4CDUTIECAAIGzCAjQZ9FzLIFlCVRYrnWgV9tVRzzPe1mdNVoCBAgQmCUgQM/isjOBxQo8YZq6sfowzJ2P8XXFxSIZOAECBAgsQ0CAXkafjZLAWQVqKb6a77zaLkvS6fPjZx2f4wkQIECAwNYCAvTWVHYksFiB+mri+qe9axm7jp8gX2yDDJwAAQIEDisgQB/W29UIjCawGZ5N3Ritg+olQIAAgb0LCNB7J3VCAkchUHOeX5ekAvRqeyBJfYXQ1I2jaLFBECBAgMCuAgL0rnKOI3DcAptznuvjKbUKh/B83H03OgIECBDYQkCA3gLJLgQWJFCrbNRSdfXBlNVm2saCbgBDJUCAAIFLCwjQlzayB4GlCFRovn0tPD8yTeG4dSkAxkmAAAECBLYREKC3UbIPgeMXqLnNFZ5X6zw/NE3ZuP/4h26EBAgQIEBgnoAAPc/L3gSOUaDC8x8nefI0uPpE9w3mOx9jq42JAAECBPYhIEDvQ9E5CIwrUEH5nUlq1Y16QfCWJKZsjNtPlRMgQIDAAQQE6AMguwSBpgI3TR9IqfBcUzYqTN/btFZlESBAgACBNgICdJtWKITAQQXqKXOt81xbre9cYVp4PmgLXIwAAQIERhUQoEftnLoJ7C5wR5Lrp8O9LLi7oyMJECBAYKECAvRCG2/YixSoqRq1xnO9NLh68uzLgou8FQyaAAECBM4iIECfRc+xBMYRqDWeKzyvlqmrLwvWnOcHxxmCSgkQIECAQA8BAbpHH1RB4LwE6qlzzXV+69oFapm6+iy3jQABAgQIENhBQIDeAc0hBAYRqJBcS9StnjpX2Tdbpm6Q7imTAAECBNoKCNBtW6MwAjsL1LzmCs41bWO11ZSNWmnDlwV3ZnUgAQIECBD4moAA7U4gcDwCFZx/I8kL1oZUq2xUcL77eIZpJAQIECBA4GIFBOiL9Xd1AmcVqDnOtSRdvRC4/sS51nautZ5ryTobAQIECBAgsEcBAXqPmE5F4EACFZqfN4XmzZcBa6pGvTDooygHaobLECBAgMDyBATo5fXciMcTqKkZT52eMNdT5tU6zquRPDIF5grO5jiP118VEyBAgMBgAgL0YA1T7tEL1IoZ9XS5QnL9/82wvA5Q0zRqikb98/DRyxggAQIECBBoIiBAN2mEMhYvUNMy7ttYcm4TpaZn1BPm+qemaPgIyuJvGwAECBAgcBECAvRFqLsmga8XqKfNn5t+uVbO2AzKwrK7hgABAgQINBEQoJs0QhkE1p4+C8tuBwIECBAg0FhAgG7cHKURIECAAAECBAj0ExCg+/VERQQIECBAgAABAo0FBOjGzVEaAQIECBAgQIBAPwEBul9PVESAAAECBAgQINBYQIBu3BylESBAgAABAgQI9BMQoPv1REUECBAgQIAAAQKNBQToxs1RGgECBAgQIECAQD8BAbpfT1REgAABAgQIECDQWECAbtwcpREgQIAAAQIECPQTEKD79URFBAgQIECAAAECjQUE6MbNURoBAgQIECBAgEA/AQG6X09URIAAAQIECBAg0FhAgG7cHKURIECAAAECBAj0ExCg+/VERQQIECBAgAABAo0FBOjGzVEaAQIECBAgQIBAPwEBul9PVESAAAECBAgQINBYQIBu3BylESBAgAABAgQI9BMQoPv1REUECBAgQIAAAQKNBQToxs1RGgECBAgQIECAQD8BAbpfT1REgAABAgQIECDQWECAbtwcpREgQIAAAQIECPQTEKD79URFBAgQIECAAAECjQUE6MbNURoBAgQIECBAgEA/AQG6X09URIAAAQIECBAg0FhAgG7cHKURIECAAAECBAj0ExCg+/VERQQIECBAgAABAo0FBOjGzVEaAQIECBAgQIBAPwEBul9PVESAAAECBAgQINBYQIBu3BylESBAgAABAgQI9BMQoPv1REUECBAgQIAAAQKNBQToxs1RGgECBAgQIECAQD8BAbpfT1REgAABAgQIECDQWECAbtwcpREgQIAAAQIECPQTEKD79URFBAgQIECAAAECjQUE6MbNURoBAgQIECBAgEA/AQG6X09URIAAAQIECBAg0FhAgG7cHKURIECAAAECBAj0ExCg+/VERQQIECBAgAABAo0FBOjGzVEaAQIECBAgQIBAPwEBul9PVESAAAECBAgQINBYQIBu3BylESBAgAABAgQI9BMQoPv1REUECBAgQIAAAQKNBQToxs1RGgECBAgQIECAQD8BAbpfT1REgAABAgQIECDQWECAbtwcpREgQIAAAQIECPQTEKD79URFBAgQIECAAAECjQUE6MbNURoBAgQIECBAgEA/AQG6X09URIAAAQIECBAg0FhAgG7cHKURIECAAAECBAj0ExCg+/VERQQIECBAgAABAo0FBOjGzVEaAQIECBAgQIBAPwEBul9PVESAAAECBAgQINBYQIBu3BylESBAgAABAgQI9BMQoPv1REUECBAgQIAAAQKNBQToxs1RGgECBAgQIECAQD8BAbpfT1REgAABAgQIECDQWECAbtwcpREgQIAAAQIECPQTEKD79URFBAgQIECAAAECjQUE6MbNURoBAgQIECBAgEA/AQG6X09URIAAAQIECBAg0FhAgG7cHKURIECAAAECBAj0ExCg+/VERQQIECBAgAABAo0FBOjGzVEaAQIECBAgQIBAPwEBul9PVESAAAECBAgQINBYQIBu3BylESBAgAABAgQI9BMQoPv1REUECBAgQIAAAQKNBQToxs1RGgECBAgQIECAQD8BAbpfT1REgAABAgQIECDQWECAbtwcpREgQIAAAQIECPQTEKD79URFBAgQIECAAAECjQUE6MbNURoBAgQIECBAgEA/AQG6X09URIAAAQIECBAg0FhAgG7cHKURIECAAAECBAj0ExCg+/VERQQIECBAgAABAo0FBOjGzVEaAQIECBAgQIBAPwEBul9PVESAAAECBAgQINBYQIBu3BylESBAgAABAgQI9BMQoPv1REUECBAgQIAAAQKNBQToxs1RGgECBAgQIECAQD8BAbpfT1REgAABAgQIECDQWECAbtwcpREgQIAAAQIECPQTEKD79URFBAgQIECAAAECjQUE6MbNURoBAgQIECBAgEA/AQG6X09URIAAAQIECBAg0FhAgG7cHKURIECAAAECBAj0ExCg+/VERQQIECBAgAABAo0FBOjGzVEaAQIECBAgQIBAPwEBul9PVESAAAECBAgQINBYQIBu3BylESBAgAABAgQI9BMQoPv1REUECBAgQIAAAQKNBQToxs1RGgECBAgQIECAQD8BAbpfT1REgAABAgQIECDQWECAbtwcpREgQIAAAQIECPQTEKD79URFBAgQIECAAAECjQUE6MbNURoBAgQIECBAgEA/AQG6X09URIAAAQIECBAg0FhAgG7cHKURIECAAAECBAj0ExCg+/VERQQIECBAgAABAo0FBOjGzVEaAQIECBAgQIBAPwEBul9PVESAAAECBAgQINBYQIBu3BylESBAgAABAgQI9BMQoPv1REUECBAgQIAAAQKNBQToxs1RGgECBAgQIECAQD+B/wHgquM8kyVH3wAAAABJRU5ErkJggg==','2023-01-13 12:16:53'),(2,'01012341235','iVBORw0KGgoAAAANSUhEUgAAAtAAAAEsCAYAAADq74RjAAAAAXNSR0IArs4c6QAAIABJREFUeF7t3XnMLmdZB+AfCYYoRQrSAgIBlC0WKVASCpqUBnEJSOkfELGYtrIJCi2QCJIYINGwuJSiRSBoW8UgraFtJKBJlZIQKLGFNmEHKQ07RWhBEeIfNTfOK9PX75zvm+9d5n1mrklO2nM6y/1c95ye35k888ztYiNAgAABAgQIECBA4MACtzvwnnYkQIAAAQIECBAgQCACtJuAAAECBAgQIECAwAABAXoAll0JECBAgAABAgQICNDuAQIECBAgQIAAAQIDBAToAVh2JUCAAAECBAgQICBAuwcIECBAgAABAgQIDBAQoAdg2ZUAAQIECBAgQICAAO0eIECAAAECBAgQIDBAQIAegGVXAgQIECBAgAABAgK0e4AAAQIECBAgQIDAAAEBegCWXQkQIECAAAECBAgI0O4BAgQIECBAgAABAgMEBOgBWHYlQIAAAQIECBAgIEC7BwgQIECAAAECBAgMEBCgB2DZlQABAgQIECBAgIAA7R4gQIAAAQIECBAgMEBAgB6AZVcCBAgQIECAAAECArR7gAABAgQIECBAgMAAAQF6AJZdCRAgQIAAAQIECAjQ7gECBAgQIECAAAECAwQE6AFYdiVAgAABAgQIECAgQLsHCBAgQIAAAQIECAwQEKAHYNmVAAECBAgQIECAgADtHiBAgAABAgQIECAwQECAHoBlVwIECBAgQIAAAQICtHuAAAECBAgQIECAwAABAXoAll0JECBAgAABAgQICNDuAQIECBAgQIAAAQIDBAToAVh2JUCAAAECBAgQICBAuwcIECBAgAABAgQIDBAQoAdg2ZUAAQIECBAgQICAAO0eIECAAAECBAgQIDBAQIAegGVXAgQIECBAgAABAgK0e4AAAQIECBAgQIDAAAEBegCWXQkQIECAAAECBAgI0O4BAgQIECBAgAABAgMEBOgBWHYlQIAAAQIECBAgIEC7BwgQIECAAAECBAgMEBCgB2DZlQABAgQIECBAgIAA7R4gQIAAAQIECBAgMEBAgB6AZVcCBAgQIECAAAECArR7gAABAgQIECBAgMAAAQF6AJZdCRAgQIAAAQIECAjQ7gECBAgQIECAAAECAwQE6AFYdiVAgAABAgQIECAgQLsHCBAgQIAAAQIECAwQEKAHYNmVAAECBAgQIECAgADtHiBAgAABAgQIECAwQECAHoBlVwIECBAgQIAAAQICtHuAAAECBAgQIECAwAABAXoAll0JECBAgAABAgQICNDuAQIECBAgQIAAAQIDBAToAVh2JUCAAAECBAgQICBAuwcIECBAgAABAgQIDBAQoAdg2ZUAAQIECBAgQICAAO0eIECAAAECBAgQIDBAQIAegGVXAgQIECBAgAABAgK0e4AAAQIECBAgQIDAAAEBegCWXQkQIECAAAECBAgI0O4BAgQIECBAgAABAgMEBOgBWHYlQIAAAQIECBAgIEC7BwgQIECAAAECBAgMEBCgB2DZlQABAgQIECBAgIAA7R4gQIAAAQIECBAgMEBAgB6AZVcCBAgQIECAAAECArR7gAABAgQIECBAgMAAAQF6AJZdCRAgQIAAAQIECAjQ7gECBAgQIECAAAECAwQE6AFYdiVAgAABAgQIECAgQLsHCBAgQIAAAQIECAwQEKAHYNmVAAECBAgQIECAgADtHiBAgAABAgQIECAwQECAHoBlVwIECBAgQIAAAQICtHuAAAECBAgQIECAwAABAXoAll0JECBAgAABAgQICNDuAQIECBAgQIAAAQIDBAToAVh2JUCAAAECBAgQICBAuwcIECBAgAABAgQIDBAQoAdg2ZUAAQIECBAgQICAAO0eIECAAAECBAgQIDBAQIAegGVXAgQIECBAgAABAgK0e4AAAQIECBAgQIDAAAEBegCWXQkQ2FfglUnOSXJxknP33dsOBAgQIECgQQEBusGmKZnAjgocm+RbXW03JrnfjtapLAIECBAgsJKAAL0Sn4MJEOgJnJXkwu7n9QS6fm4jQIAAAQKTExCgJ9dSAyIwmsDlSU7rrn56kvq5jQABAgQITE5AgJ5cSw2IwCgCNV3jhu7KtySp6Rw2AgQIECAwSQEBepJtNSgCWxeoFwbP665q+sbW+V2QAAECBLYpIEBvU9u1CExX4LokJ3bDOzXJVdMdqpERIECAwNwFBOi53wHGT2B1gYcn+Uh3GqtvrO7pDAQIECCw4wIC9I43SHkEGhC4KMmZXZ3nW/+5gY4pkQABAgRWEhCgV+JzMAECSW5OcudO4v5JPk+FAAECBAhMWUCAnnJ3jY3A5gX6az9fn6Smc9gIECBAgMCkBQToSbd3FoN7RZL6fHT9+F6Sm5L8S5I7JPnULATGHWS9LHhKV8KLkrx+3HJcnQABAgQIbF5AgN68sStsVuDWo5z+2iQ/0U0pqGkF3+1Wh3h/kq9stqxZnL2/9nMN2PSNWbTdIAkQIEBAgHYPtC6weAI9dBwVoL+f5IwkHxh6sP1/IFBPm8/pLEzfcFMQIECAwGwEBOjZtHoWA31ckgclOSnJCUnulaSeku63XZrkw0nemOTb++3sv/+fQD3Vv2/3M9M33BgECBAgMBsBAXo2rZ7tQH8myfFJntr9OO4oEjV/+oIk7/MhkH3vl/7Lg7Wz6Rv7ktmBAAECBKYiIEBPpZPGcVCBCtJnJ/mVoxzwwSQvF6KPSnp5ktO6PXw85aB3n/0IECBAYBICAvQk2mgQhxB4bJI/TFLTPvbavpjkxUlqeofttgLLLw/6eIo7hAABAgRmJSBAz6rdBruHQIXB+orer3Zzp5d3qeXxXkXuNgLnJjmv9yunJ6kn0jYCBAgQIDALAQF6Fm02yAMK1PSOS5b2ra/s1WoTQvQPYWp97XpZc7Hdpfsa4QGZ7UaAAAECBNoWEKDb7p/qNyPw3j2mdtQHQ07dzOWaOmt9afAjvYo/neTBTY1AsQQIECBAYEUBAXpFQIdPVuA5SX5vaRm8DyV52cxfLuyv/VzNf0eSX5vsXWBgBAgQIEBgDwEB2m1B4OgCVyeppfDu1O32tSQvmPHLhf21n4vkEUmucxMRIECAAIE5CQjQc+q2sR5WoL52WOseLz7K8s0kb5jhvOjl1TcsX3fYO8pxBAgQINC0gADddPsUv0WBmvtba0PXi4aL7eQkNa1jLtvy6hsXd3+xmMv4jZMAAQIECPxAQIB2IxA4uECtGf3n3WfC66iazlBf4JvLVlM1TuwNtl6qrJcrbQQIECBAYFYCAvSs2m2waxCoNaMv6p1nLutEL0/fuCXJsWvwdAoCBAgQINCcgADdXMsUvAMC/WXuPpfk55N8ZQfq2mQJpm9sUte5CRAgQKApAQG6qXYpdkcEalWOj83sKXR9afC03ph9fXBHbkZlECBAgMD2BQTo7Zu74jQE3pyk1opebCck+fg0hvb/RlFTNb619Kv+3zHRZhsWAQIECOwv4A/B/Y3sQWAvgZOSXDOTp9BPSXJZb6xXJKlfsxEgQIAAgVkKCNCzbLtBr0ngvCQ1N7i2Dyd5bJLvr+ncu3SaemmyXp5cbGcvvUi5S7WqhQABAgQIbFxAgN44sQtMWODBST7ZG9+jklw7wfHenOTOvXHV0n21hJ+NAAECBAjMUkCAnmXbDXqNAh/trQv9zCR/tcZz78Kpau3rWnVksV2fpD4qYyNAgAABArMVEKBn23oDX5NAvUhYLxTWdmmSp63pvLtymtcnOadXzIuS1K/9aJIzktwlyb/6oMqutEsdBAgQILANAQF6G8quMWWBJyX5h26AVyZ5wsQGu/z1wUckqV97WJJ6Gl3bs5O8dWLjNhwCBAgQIHBEAQHazUFgNYG7Jvn37hS1NvRDVzvdTh29/PXBG5PUr9X2hiQv6P7dmtA71TbFECBAgMCmBQToTQs7/xwEbu0Nckq/p85KcmFvbOf3Vh25JMlTk9yUpF6mXF4neg59N0YCBAgQmKnAlP6wn2kLDXsHBCpkVtis7fguVO5AWSuXsPz1wVO7uc417/lTSY7rvsg4pafuK6M5AQECBAhMX0CAnn6PjXDzAq9J8tLuMvUSYb1MOIWtv3zdLUnqi4S19Z9MvynJ86YwWGMgQIAAAQIHFRCgDyplPwJHFuh/1rteIqyXCVvfaqm6j/QGcXHvKXsta1fL29X2yiSvan2w6idAgAABAkMEBOghWvYlsLfA85NcMLFAWcH4Fb3hLl4UvNvSFJUTknzcjUGAAAECBOYkIEDPqdvGuimB/moVb0ny3E1daIvnvSrJKb3r1bznmtJRobrCdW1TW3Vki7wuRYAAAQItCwjQLXdP7bsiUC/TfX1iobK/ssgVSZ7Sje/qJI/u/v23k7xxV5qgDgIECBAgsC0BAXpb0q4zdYFrkpzUrVJRq1W0vC1/vvvsJBcl6X91scbn/x8td1ntBAgQIHBoAX8AHprOgQRuIzCltaCXP99d0zeOSfKF3oi9POg3AAECBAjMVkCAnm3rDXyNAv0ntjV3uPUn0P35z+/rVtzoz32uZfrOSfKVNRo6FQECBAgQaEZAgG6mVQrdYYH+Z62nsA50/2n6i7qPpry7868vDp6R5D073A+lESBAgACBjQoI0BvldfIZCNwrydu6p7RfTHKfxsdcLwte1hvD/ZO8rvtsd/1yLdf3O42PUfkECBAgQGAlAQF6JT4HE8hfJPmtzuHlSV7duEl//vP1ST7dC881NP/PaLzByidAgACB1QX8Ybi6oTPMV6DWf66v9dUnrr+a5DFJPt84x3VJTuzGcHlv+br6pSlMT2m8PconQIAAgV0QEKB3oQtqaFWglnY7syu+5grX09vWt/785/5YrLrRemfVT4AAAQJrExCg10bpRDMT6K+8cWOSehrd8vawJG9OcvLSIL6c5NwktfKGjQABAgQIEDCf0T1A4FACNWXjvUke3h19epKa7nCQrT62cm2SX0/ywCQfT3JT78AHJblnt8+7er9eXzvs73eQax1tn7sl+Ub3ae6f7D6Ssrz/O5O8ZALTUla1cjwBAgQIELiNgCfQbggCwwVqOkOti1xb/zPXizMt1kyu+dCLOdH1xHqV7T+T3DHJlUluv/TEu67xI0n+u7te/byeiH+3+1HXflR37PHdfhXkj7R9L8kjk3xilYIdS4AAAQIEpiogQE+1s8a1KYHlz1zXV/puXrrYkeYRb6qmdZz3S0lqSb7aLk5y1jpO6hwECBAgQGCKAgL0FLtqTJsUqKe79+0ucKQXBzf5BLqC7me6dacPMs768Ek9ma4nz3/cHfAf3T9/rHtCXfOb67/XtJTahkxJOUgN9iFAgAABApMSEKAn1U6D2bBAzXM+rbvG4hPXQy+5zjnQixcXK9TXee+0NIWjpn3UdpC504v1n2/pluUbOi77EyBAgACB2QgI0LNptYGuKFBTGi7szlGrbtRUjtbXfO6TXJXklCTnd6turMjlcAIECBAgMF0BAXq6vTWy9Qksf956alMcalWRmupR2yOS1MdUbAQIECBAgMARBARotwaBowvUUnU1N7hCZm2vSlKrcExpW7wYedhpKVOyMBYCBAgQILCvgAC9L5EdZixQwfKyXnie6uoUi2X5pvZkfca3rqETIECAwCYFBOhN6jp3ywL15LnC8+JFvb3We255fP3aa/5zjXNq87qn0h/jIECAAIEdExCgd6whytkJgeVpG1MOzxWa35rks0l+eSf0FUGAAAECBHZcQIDe8QYpb+sCy0+epzptYwG7mP98apJ6Em0jQIAAAQIE9hEQoN0iBH4oUGGylqpbTNuY4guDy/3+0ySPT3KOAO23AgECBAgQOJiAAH0wJ3tNU2DxxcB6ia6mafTnPB/pK4NTkrhrkncmuTLJH0xpYMZCgAABAgQ2KSBAb1LXuXdd4NY9Cqwv8dW6z3OYzlB/gXhhkpckuWjXm6U+AgQIECCwKwIC9K50Qh1jCFSAfHGSH+9d/GtJntc9jR6jpm1es9a3rukq99/mRV2LAAECBAi0LiBAt95B9a8isPzCYP9c1yb5Tje14Z9XuciOHvvUJJck+aMkv7ujNSqLAAECBAjspIAAvZNtUdQWBOrJa70wWC8OfjXJPY5yzQ8lOXkLNW3zEhckeX4Sq29sU921CBAgQGASAgL0JNpoEAMFKjTX9I36Z32++qwkv5nk949ynloj+Z8GXmdXd39yb+3nx+5qkeoiQIAAAQK7KiBA72pn1LUpgQrNpySplTfqRcH6fPXN3cV+Iclrkpy0x8Wn9KT2td20jZr/fd6moJ2XAAECBAhMVUCAnmpn2xzXHZLcO8m/bbD8mvdb838rQNfT571W23h091W+ejr70G6ucC1rN5XtE0lun+SBUxmQcRAgQIAAgW0KCNDb1HatownUU9+3JHlk98/nronrmCQPS3JmkjOS3DHJpUneOJOl6pYZn9lN36i/QNSHYmwECBAgQIDAQAEBeiCY3TcisFgRon/yVe/NWmGjvq73xCTH9U5cUxZq6sJct8UT+ClNSZlrL42bAAECBEYSWDWkjFS2y05IYK/wvErIrY+g1NPm+md/+3z3sZA5P3WtlUfe1aHU9JRvT+g+MhQCBAgQILA1AQF6a9QutCRQYa6eBL+g9+tf7qZvDA25da4KzbWaRv17f6uQ+I5uusKXZt6Fml/+hSQfTGL1jZnfDIZPgAABAocXEKAPb+fIwwvUShi1BnE9fV5sNS/5siRvH3DaOs8iOC8fdmP3ouDlvVU2Bpx6krvWlwfLrF6crCkcNgIECBAgQOAQAgL0IdAcsrLA27oX+hYnGhLo6gnzaUnO3eNpc53viiSvn+kLgvs15qNJTkji9/1+Uv47AQIECBA4ioA/SN0e2xSop5/PWgrPFyU5+wBFHGlucx1aT5vrPPWj5jrb9hYQoN0ZBAgQIEBgDQIC9BoQneLAAtcsfaSknhQfbX3lxUoaFZ6P3eMq9bS5QnNN07AdXaD8agpHbTV9Y/HxGG4ECBAgQIDAQAEBeiCY3Q8tcEE373lxgiOtQ1yhebGKxvILgXXs9b2nzULgsHbcmuTaJI8adpi9CRAgQIAAgb6AAO1+2IZArY5xYe9Cy3Oe9wvN9aS5jqknzaZoHK5j9ZeRG7pDH5LkU4c7jaMIECBAgAABAdo9sA2B9yf5ue5CtdrG07rVIH6pW3ruHktF3NKF5QrMFZw9aV69SzX/vD+FY69PmK9+FWcgQIAAAQIzEBCgZ9DkkYfYD26LUm5K8p0kP9X9QgXmCnSLH9eNXPMUL99/Al1TOGoqh40AAQIECBA4hIAAfQg0hwwW+GqSuy8dtQjLFeQWX8cbfGIHDBKoOdC1HZ+k/hJjI0CAAAECBA4hIEAfAs0hhxKoOdCXJPkvazQfym/Vg05P8s4uOD84ybdWPaHjCRAgQIDAXAUE6Ll23rjnJlAvYj65m09+l7kN3ngJECBAgMA6BQTodWo6F4HdFVhM36gK/b7f3T6pjAABAgQaEPAHaQNNUiKBFQWOS/L17hxHWn97xUs4nAABAgQIzEdAgJ5Pr410vgKvSFLBubYnJnn3fCmMnAABAgQIrC4gQK9u6AwEdlWgPt9dL2/Wp9Br+3K3HreP0exqx9RFgAABAk0ICNBNtEmRBAYL7LX+9l8medbgMzmAAAECBAgQuI2AAO2GIDAtgXrqfE5vysZidJ9L8nifQp9Ws42GAAECBMYREKDHcXdVApsQqK8NXpbk4Xuc/AlJrtzERZ2TAAECBAjMTUCAnlvHjXeqAjXPueY71xPo/nZ9kprOcfNUB25cBAgQIEBg2wIC9LbFXY/AegXqqfN5vRcF+2e/OMlZ672csxEgQIAAAQICtHuAQLsC5yapJeqWnzrXiM5OclG7Q1M5AQIECBDYXQEBend7ozICRxKo6RoVnPea6/y+7qmzpercPwQIECBAYEMCAvSGYJ2WwAYEKjDXdI2a07y83ZLk9XusvrGBMpySAAECBAjMW0CAnnf/jb4NgQrO9cR58UGU5apf1U3X8NS5jX6qkgABAgQaFxCgG2+g8ictUC8I1prO9fGTY5ZGemMXmuupsxU2Jn0bGBwBAgQI7JqAAL1rHVEPgf990nzmEZ4417J0r0xyOSgCBAgQIEBgHAEBehx3VyWwLFDTNBahuZ4897ea3/yPSV6T5Dp0BAgQIECAwLgCAvS4/q4+b4F60nxa91LgcmgumcWLgaZpzPs+MXoCBAgQ2DEBAXrHGqKcyQvUk+aa11zhea/1mwugpmlUaK5pGuY3T/6WMEACBAgQaE1AgG6tY+ptUaCC8ind3OW91m6uMV2R5KouNFtNo8Uuq5kAAQIEZiMgQM+m1QY6kkAtP/eMJA9Yun6tolFPmOtHBWcbAQIECBAg0IiAAN1Io5TZlMDdkzwpyVuXqq45zRWYa3qGlwGbaqliCRAgQIDADwUEaHcDgfUK1BPnWmauv9UT5grM9cETc5rX6+1sBAgQIEBg6wIC9NbJXXCiAk9OcnqSs3rj+0CSv0vyZxMds2ERIECAAIFZCgjQs2y7Qa9Z4AVJ3tA7Zz1xrp9ftubrbPJ0T09ynySf9pGWTTI7NwECBAhMQUCAnkIXjWEsgZrnfN7SC4I1faOmarS01RrUN3QFX5Tk7JaKVysBAgQIENi2gAC9bXHXm4LA45L87NJT50uTvDzJZxsd4K1d3a9N8rJGx6BsAgQIECCwFQEBeivMLjIhgXpJ8DeS/HRvTPXEtp7ctrwtAvTrkry05YGonQABAgQIbFpAgN60sPNPRaDmCD+n++x2jel7Sa5O8uyGnzr3e7MI0M9N8papNM04CBAgQIDAJgQE6E2oOueUBH4xyblJfqU3qPck+VCDc52P1JfF0nu1xN4jkvgS4pTuYGMhQIAAgbULCNBrJ3XCCQnstaZzzXN++4RCZo3xWUnu3S2398IJ9c9QCBAgQIDARgQE6I2wOukEBC5cWtO5Vtt4R/fkeQLD+8EQHpPk3UmOTXJlkvOTvGsqgzMOAgQIECCwKQEBelOyztuywPKT56clqVU2prTdJcmbkzy1G1SLy+9NqR/GQoAAAQINCQjQDTVLqVsRqPBcc57rqWxtUw2W9ZXEegL9zW45vtbWrt7KzeAiBAgQIEBgLwEB2n1B4LYC1yQ5aeLh+ZLek+cpPl13TxMgQIAAgY0KCNAb5XXyxgRqfee/7tU8xd8f7+0txeejKY3doMolQIAAgd0QmGJA2A1ZVbQo8JneZ7mfkeRvWxzEUWpeTNuoXWqt51rz2UaAAAECBAgMFBCgB4LZfdICNyS5X2+EUwjR90lycpI3JblrN7b6amJ9PdFGgAABAgQIHEJAgD4EmkMmK3Btkkcuje6mJH/SLV93VWMjr2Xpzkxy567uLyZ58QRXFGmsLcolQIAAgdYFBOjWO6j+dQo8IElN4zjIVmG6vth3cZK7JamgfePIH1iplUNeneQhvXnOi7H8Tbe6SK26YSNAgAABAgRWEBCgV8Bz6GQFan3k56wwugrW/R/1iezrktySpP59nZ/KflySE7vA/JSlmj+W5Ookr0ny2RXG41ACBAgQIECgJyBAux0I7C1QwbQ+MvL8DQNVsK6tgvXtux9f7a1DfbTLV417bR9N8vdJaq5zPRW3ESBAgAABAmsUEKDXiOlUkxQ4rnu6W1/ue3o3wkVwrSfJ/ZcOxwS4vgvMl6/5CfeYY3JtAgQIECCwkwIC9E62RVENCdwzyfeTPKwL0xWoFz8e3nuBb78hVQA+Jsk3knyyewJdc5rryfTiq4j9cyymhdQT7Pqxzmkh+9XqvxMgQIAAgVkLCNCzbr/Bb0lgEaiXL1fBt4KwjQABAgQIEGhIQIBuqFlKJUCAAAECBAgQGF9AgB6/ByogQIAAAQIECBBoSECAbqhZSiVAgAABAgQIEBhfQIAevwcqIECAAAECBAgQaEhAgG6oWUolQIAAAQIECBAYX0CAHr8HKiBAgAABAgQIEGhIQIBuqFlKJUCAAAECBAgQGF9AgB6/ByogQIAAAQIECBBoSECAbqhZSiVAgAABAgQIEBhfQIAevwcqIECAAAECBAgQaEhAgG6oWUolQIAAAQIECBAYX0CAHr8HKiBAgAABAgQIEGhIQIBuqFlKJUCAAAECBAgQGF9AgB6/ByogQIAAAQIECBBoSECAbqhZSiVAgAABAgQIEBhfQIAevwcqIECAAAECBAgQaEhAgG6oWUolQIAAAQIECBAYX0CAHr8HKiBAgAABAgQIEGhIQIBuqFlKJUCAAAECBAgQGF9AgB6/ByogQIAAAQIECBBoSECAbqhZSiVAgAABAgQIEBhfQIAevwcqIECAAAECBAgQaEhAgG6oWUolQIAAAQIECBAYX0CAHr8HKiBAgAABAgQIEGhIQIBuqFlKJUCAAAECBAgQGF9AgB6/ByogQIAAAQIECBBoSECAbqhZSiVAgAABAgQIEBhfQIAevwcqIECAAAECBAgQaEhAgG6oWUolQIAAAQIECBAYX0CAHr8HKiBAgAABAgQIEGhIQIBuqFlKJUCAAAECBAgQGF9AgB6/ByogQIAAAQIECBBoSECAbqhZSiVAgAABAgQIEBhfQIAevwcqIECAAAECBAgQaEhAgG6oWUolQIAAAQIECBAYX0CAHr8HKiBAgAABAgQIEGhIQIBuqFlKJUCAAAECBAgQGF9AgB6/ByogQIAAAQIECBBoSECAbqhZSiVAgAABAgQIEBhfQIAevwcqIECAAAECBAgQaEhAgG6oWUolQIAAAQIECBAYX0CAHr8HKiBAgAABAgQIEGhIQIBuqFlKJUCAAAECBAgQGF9AgB6/ByogQIAAAQIECBBoSECAbqhZSiVAgAABAgQIEBhfQIAevwcqIECAAAECBAgQaEhAgG6oWUolQIAAAQIECBAYX0CAHr8HKiBAgAABAgQIEGhIQIBuqFlKJUCAAAECBAgQGF9AgB6/Byqk3nb3AAACVElEQVQgQIAAAQIECBBoSECAbqhZSiVAgAABAgQIEBhfQIAevwcqIECAAAECBAgQaEhAgG6oWUolQIAAAQIECBAYX0CAHr8HKiBAgAABAgQIEGhIQIBuqFlKJUCAAAECBAgQGF9AgB6/ByogQIAAAQIECBBoSECAbqhZSiVAgAABAgQIEBhfQIAevwcqIECAAAECBAgQaEhAgG6oWUolQIAAAQIECBAYX0CAHr8HKiBAgAABAgQIEGhIQIBuqFlKJUCAAAECBAgQGF9AgB6/ByogQIAAAQIECBBoSECAbqhZSiVAgAABAgQIEBhfQIAevwcqIECAAAECBAgQaEhAgG6oWUolQIAAAQIECBAYX0CAHr8HKiBAgAABAgQIEGhIQIBuqFlKJUCAAAECBAgQGF9AgB6/ByogQIAAAQIECBBoSECAbqhZSiVAgAABAgQIEBhfQIAevwcqIECAAAECBAgQaEhAgG6oWUolQIAAAQIECBAYX0CAHr8HKiBAgAABAgQIEGhIQIBuqFlKJUCAAAECBAgQGF9AgB6/ByogQIAAAQIECBBoSECAbqhZSiVAgAABAgQIEBhfQIAevwcqIECAAAECBAgQaEhAgG6oWUolQIAAAQIECBAYX0CAHr8HKiBAgAABAgQIEGhIQIBuqFlKJUCAAAECBAgQGF9AgB6/ByogQIAAAQIECBBoSECAbqhZSiVAgAABAgQIEBhfQIAevwcqIECAAAECBAgQaEhAgG6oWUolQIAAAQIECBAYX0CAHr8HKiBAgAABAgQIEGhI4H8Aw3WnS/H2BfoAAAAASUVORK5CYII=','2023-01-13 12:16:53'),(3,'01045454545','iVBORw0KGgoAAAANSUhEUgAAAtAAAAEsCAYAAADq74RjAAAAAXNSR0IArs4c6QAAIABJREFUeF7t3X/sf1VdB/CnWz+WU5GmleUEVpmFTlBXy63QP0ytCDGlNllAFm5YA+zH6p+EttpSU2jhhlsCpasgB/6oqdmQP5y6VCB/tDYLWItabIr9XNlGe+l9b9c3X/i+z+fz/nHvPY+7Mb8/zj33nMc5+/Dkeu45j4mLAAECBAgQIECAAIGNBR6zcUkFCRAgQIAAAQIECBCIAG0SECBAgAABAgQIEGgQEKAbsBQlQIAAAQIECBAgIECbAwQIECBAgAABAgQaBAToBixFCRAgQIAAAQIECAjQ5gABAgQIECBAgACBBgEBugFLUQIECBAgQIAAAQICtDlAgAABAgQIECBAoEFAgG7AUpQAAQIECBAgQICAAG0OECBAgAABAgQIEGgQEKAbsBQlQIAAAQIECBAgIECbAwQIECBAgAABAgQaBAToBixFCRAgQIAAAQIECAjQ5gABAgQIECBAgACBBgEBugFLUQIECBAgQIAAAQICtDlAgAABAgQIECBAoEFAgG7AUpQAAQIECBAgQICAAG0OECBAgAABAgQIEGgQEKAbsBQlQIAAAQIECBAgIECbAwQIECBAgAABAgQaBAToBixFCRAgQIAAAQIECAjQ5gABAgQIECBAgACBBgEBugFLUQIECBAgQIAAAQICtDlAgAABAgQIECBAoEFAgG7AUpQAAQIECBAgQICAAG0OECBAgAABAgQIEGgQEKAbsBQlQIAAAQIECBAgIECbAwQIECBAgAABAgQaBAToBixFCRAgQIAAAQIECAjQ5gABAgQIECBAgACBBgEBugFLUQIECBAgQIAAAQICtDlAgAABAgQIECBAoEFAgG7AUpQAAQIECBAgQICAAG0OECBAgAABAgQIEGgQEKAbsBQlQIAAAQIECBAgIECbAwQIECBAgAABAgQaBAToBixFCRAgQIAAAQIECAjQ5gABAgQIECBAgACBBgEBugFLUQIECBAgQIAAAQICtDlAgAABAgQIECBAoEFAgG7AUpQAAQIECBAgQICAAG0OECBAgAABAgQIEGgQEKAbsBQlQIAAAQIECBAgIECbAwQIECBAgAABAgQaBAToBixFCRAgQIAAAQIECAjQ5gABAgQIECBAgACBBgEBugFLUQIECBAgQIAAAQICtDlAgAABAgQIECBAoEFAgG7AUpQAAQIECBAgQICAAG0OECBAgAABAgQIEGgQEKAbsBQlQIAAAQIECBAgIECbAwQIECBAgAABAgQaBAToBixFCRAgQIAAAQIECAjQ5gABAgQIECBAgACBBgEBugFLUQIECBAgQIAAAQICtDlAgAABAgQIECBAoEFAgG7AUpQAAQIECBAgQICAAG0OECBAgAABAgQIEGgQEKAbsBQlQIAAAQIECBAgIECbAwQIECBAgAABAgQaBAToBixFCRAgQIAAAQIECAjQ5gABAgQIECBAgACBBgEBugFLUQIECBAgQIAAAQICtDlAgAABAgQIECBAoEFAgG7AUpQAAQIECBAgQICAAG0OECBAgAABAgQIEGgQEKAbsBQlQIAAAQIECBAgIECbAwQIECBAgAABAgQaBAToBixFCRAgQIAAAQIECAjQ5gABAgQIECBAgACBBgEBugFLUQIECBAgQIAAAQICtDlAgAABAgQIECBAoEFAgG7AUpQAAQIECBAgQICAAG0OECBAgAABAgQIEGgQEKAbsBQlQIAAAQIECBAgIECbAwQIECBAgAABAgQaBAToBixFCRAgQIAAAQIECAjQ5gABAgQIECBAgACBBgEBugFLUQIECAwCr09yNQ0CBAgQ6FNAgO5z3PWaAIGjC3wmyZlJPpvkmUevxp0ECBAgMFcBAXquI6fdBAgcSuD2JC8YHv4tSR44VEM8lwABAgQOIyBAH8bdUwkQmK/ADUkuHpp/YZJ3zrcrWk6AAAECRxEQoI+i5h4CBHoWeGmSvxgAPpzkhT1j6DsBAgR6FBCgexx1fSZA4DgCT0hyT5JvHio5I8m9x6nQvQQIECAwLwEBel7jpbUECExD4Loklw1NuTHJJdNollYQIECAwD4EBOh9KHsGAQJLE6g10LUWuq76iLA+JnQRIECAQCcCAnQnA62bXQs8ceh9/e/pw68f2kCkfj7U0oQHh7Kr/93g1o2LVJvOGraEqze61b4Kp/Ws65P82sY17bdg7QN91eiRtQ661kO7CBAgQKADAQG6g0HWxVkKVKiscHnaECpX4XcVhldBuH6/+rP1jv53km/aUe8r4P7v8Oa1QvajteOoTaj2P/aoN+/4vt9O8uujZ7wpya/s+JmqJ0CAAIGJCAjQExkIzVi0wJOGAzdWH5r9aJLPJXnaEBC/Z+h9heYKxqtwvE2ULw2VPdLb5HEIXw/kpySp++t/61rVVQH6yUnuGwL06u+P0u46lOTfkvzdaIu4qmeqP6P+NMkFo47enOSnjtJx9xAgQIDA/ASm+i+n+UlqMYGvClT4/OEkz0/yfUnO3QFMBdZVGF8tsahgXP/cNTxv/Pc7aMLWqlwt4Vgtf6jff3FU+1R/Rl2T5PJRO69NcsXWVFREgAABApMWmOq/nCaNpnEERgJ1It3Tk3zvsJZ3dULdUZFW4bgC8Cocr/63wvEu1iEfta27uK/evtcWcatrqj+jaueNiwToXUwBdRIgQGD6AlP9l9P05bSwZ4HHJ3lOkj9J8m1HhHhvkr9P8k9JPjGEZXsJf/WI7Doqu676j4ldLGc54pB9zW0C9DYU1UGAAIGZCgjQMx04zT6YQL11rP+rvtYrt1wfSfLXSd5tt4ZHZXtZkluHEncfwbllTI5Tdj1AX722K8dx6nYvAQIECExcQICe+ABp3mQEXpnkDQ1vRD+U5FPDmuQKgvXRoOvkAuO1xTetfVB48rv3V+K2JOeNHidA78/ekwgQIHBwAQH64EOgATMQqCUFj7a2uT6A+7/h47f6df0jMB9tYMvunOHWKYfScTuruVNu69FGwl0ECBAg8IgCArTJQeDkAqsAXWuUP5jk/iT1dvTrkjzVkoyTA25YYn0HjrNHu4psWMXeinkDvTdqDyJAgMD0BATo6Y2JFk1ToE6eq7eMrt0JjI/HnvIHhCWw/gb6yiS1/MRFgAABAh0ICNAdDLIuEpiJQG3T9+yhrVPfV9kSjplMKs0kQIDALgQE6F2oqpMAgVaB2tXkztFNU16+4Q106+gqT4AAgYUJCNALG1DdITBTgfGa4qkv3yji8dvy+v0lSWprOxcBAgQIdCAgQHcwyLpIYOIC62+f5xBGBeiJTyrNI0CAwC4FBOhd6qqbAIFNBNbfPlegnvqR5QL0JiOrDAECBBYqIEAvdGB1i8BMBNbfPs9lP+Xa0vC0kfH5Seo/BFwECBAg0IGAAN3BIOsigQkLvD/Ji4f2fWk4urvC6dQvAXrqI6R9BAgQ2KGAAL1DXFUTIPCoAqcnuWdU4l1JXjETs1picsqorS90oM5MRk4zCRAgsAUBAXoLiKogQOBIArVrxUWjO89IMoe3z9Xkh9Z6LEAfaQq4iQABAvMUEKDnOW5aTWDuAutrn9+d5GUz6pQAPaPB0lQCBAhsW0CA3rao+ggQ2ERg/SS/Ob19PtEb6Lm1f5MxUoYAAQIEHkFAgDY1CBDYt0C9ab519NCbkly870Yc83nrb6BPncHWe8fsstsJECBAYCUgQJsLBAjsU+CJw5Hd9QFhXXPaeWPstB6g/Szd5yzyLAIECBxYwA/9Aw+AxxPoTGB8aEp1/dokV8zQQICe4aBpMgECBLYlIEBvS1I9BAicTKCWadwwKnTfsO/z1E8dXO/X+vZ71Y/VG/WTGfh7AgQIEFiAgAC9gEHUBQIzEHhBkttH7aylG7UWuj4mnNu1voPIHUmqfy4CBAgQ6ERAgO5koHWTwAEF1tc9V1OuTHLNAdt0nEcL0MfRcy8BAgQWICBAL2AQdYHAhAUqPNeOG+M3tFcnuWrCbT5Z09bfps91HffJ+unvCRAgQOARBARoU4MAgV0KVFB+/egBcw/P1ZX1AL2EPu1yDqibAAECixMQoBc3pDpEYDICS31Tu76P9SVJ6lhyFwECBAh0IiBAdzLQuklgzwJPTvLpJN86PLcOS6nt6ua248aJ2NZ3E3nhTD+G3POU8DgCBAgsR0CAXs5Y6gmBKQlcn+TSoUHvHnbcmFL7jtOW+g+Bt4wqcArhcTTdS4AAgRkKCNAzHDRNJjBxgVrzvPpI8D1Jzpt4e1ubt76u28/RVkHlCRAgMHMBP/hnPoCaT2BiAq9K8o6hTfcn+Y6JtW8bzRkH6LuHw2C2Ua86CBAgQGAmAgL0TAZKMwnMRGB8xPW5Sd43k3a3NLP2r758uGFpy1NaHJQlQIBAtwICdLdDr+MEti5wXZLLhlovSHLL1p8wjQprx42LhqbYwm4aY6IVBAgQ2KuAAL1Xbg8jsFiB8brntyV5zWJ7+tXjx88Z+nd+ktsW3FddI0CAAIETCAjQpgUBAscVeGWSm4dK7k1yxnErnPj94wB9dpK7Jt5ezSNAgACBLQsI0FsGVR2BzgTWD0t5fpKPLtygAvOzhz76GbrwwdY9AgQInEjAD3/zggCBowqMl21UHb0cKFJv2U9Lcl+S04+K5z4CBAgQmK+AAD3fsdNyAocU+MUkvzdqwJI/Glx3rtMUT0liB45DzkDPJkCAwAEFBOgD4ns0gRkKPC7Jbya5cmh77fVcHw3WbhS9XKut+uzA0cuI6ycBAgTWBARoU4IAgRaBW0fHcn82yeuSfLClggWUXQVoO3AsYDB1gQABAkcREKCPouYeAv0J1Hrn2m3jzKHrH0/y00lqPXBPV615vmfocC9rvnsaX30lQIDARgIC9EZMChHoVqBC8+qfFUKtd66t3B7oUGUcoP387HAC6DIBAgRKwL8AzAMCBNYFnpLk0iS1RV39s7rqbfOPJflcx2SrbfvswNHxJNB1AgQICNDmAAECK4F60/ziJK8+AclVSX43yX90zrUK0Hbg6Hwi6D4BAn0LCNB9j7/eEyiBlyZ56yPsaXzjsMNGb2udH2lmvCrJ7w8m15g+BAgQINCngADd57jrNYGxwPhAlFrXfEuStyf5JKaHCVyR5C1J7MBhchAgQKBjAQG648HXdQKDQH0YVyH6jiE8/yeZRxSot86Xd3TqoqlAgAABAicQEKBNCwIECGwuULuPnOMD7M3BlCRAgMASBQToJY6qPhEgsCuBWgtex3ifuqsHqJcAAQIEpi8gQE9/jLSQAIHpCNQphHcnOWs6TdISAgQIENi3gAC9b3HPI0BgrgIVmu9MYgu7uY6gdhMgQGBLAgL0liBVQ4DA4gVeluTWJNcmqd04XAQIECDQqYAA3enA6zYBAs0Cqx04LklS+2O7CBAgQKBTAQG604HXbQIEmgVWO3CckcTBMs18biBAgMByBATo5YylnhAgsFuB+oDwS0meuNvHqJ0AAQIEpi4gQE99hLSPAIEpCLwgye0+IJzCUGgDAQIEDi8gQB9+DLSAAIHpC1w1nNZ4ZZJaC+0iQIAAgY4FBOiOB1/XCRDYWOCuJM9OcnaS+rWLAAECBDoWEKA7HnxdJ0BgI4Fa8/zFJPclOX2jOxQiQIAAgUULCNCLHl6dI0BgCwIXJ7khyU1J6tcuAgQIEOhcQIDufALoPgECJxW4Lcl5Sc5PUr92ESBAgEDnAgJ05xNA9wkQOKnAg0OJWr6x+vVJb1KAAAECBJYrIEAvd2z1jACB4wvYvu74hmogQIDA4gQE6MUNqQ4RILBFgdXx3bav2yKqqggQIDB3AQF67iOo/QQI7FLA9nW71FU3AQIEZiogQM904DSbAIGdC6y2r7s7yVk7f5oHECBAgMBsBATo2QyVhhIgsGeBVya5Ockbk/zqnp/tcQQIECAwYQEBesKDo2kECBxU4GeSXD2E51sO2hIPJ0CAAIFJCQjQkxoOjSFAYEICDw1teWGSD0+oXZpCgAABAgcWEKAPPAAeT4DAJAWekeRvk3wgyUsm2UKNIkCAAIGDCQjQB6P3YAIEJixwWZLrklw1LOOYcFM1jQABAgT2LSBA71vc8whMX6AOD7l3+Kdau/r9quX1d0u/6uPB+ojQ8o2lj7T+ESBA4AgCAvQR0NxCYOYCr09y3yggn5Okjql+VpJnJvnGDfq3CtF1X131+yckuSfJp4fff3uSp4/+/r+G3z9+WB5R9zw3ybmjtnx9ki8nuSTJ45J8Zrj/sUk+t0G7tlHkKUnuHyryM3IbouogQIDAwgT8y2FhA6o7BE4icPvwRnmOUBW4r0/ysR1/1Ff/gVFLNz6U5EVzhNJmAgQIENitgAC9W1+1E5iawJwD9Mrys0l+YYchukL6pUleneTtUxtA7SFAgACBwwsI0IcfAy0gsG+BKS3h+OcktWTijmEZyXOSPC/J/yR5cpIzHwXnwiTv3DJenThY/5FRpxA+Lck/brl+1REgQIDAAgQE6AUMoi4Q2LJAfTR4XpIrh3oP/RFhrbOuf+qjvp9I8tShXRVufyPJjVvs/2r5xp8n+fEt1qsqAgQIEFiQgAC9oMHUFQJbEqgP9+rNby2VqI8Kp3RVgL4hyTcPjdr2OuX3J3mx7eumNOTaQoAAgekJCNDTGxMtInBogdU66Tp9r7Zxm9pVb6JrnfKpQ8MuSLKNo7brLXftIlJX7SBSy0tcBAgQIEDgYQICtElBgMC6wK1JXjb8Ya1H/uQEid6Y5JeHdj0wLPGobfKOc62Wb1QYr1DuIkCAAAECJxQQoE0MAgTWBVZBsv58yifxPTRqeH18eOcxh/LjSb4/yWuTvPWYdbmdAAECBBYsIEAveHB1jcARBcZLGaa6jKO6Nt6S77hBvz6UrPq+kOSH9nhoyxGHyG0ECBAgcEgBAfqQ+p5NYJoCtX3cv46aVh8U7usUwBaRcYDeRtCvddXfMJyC2NIOZQkQIECgMwEBurMB110CGwrUx3SrY7qnuqRh2wF6QxrFCBAgQKB3AQG69xmg/wQeLvDyJO8a/fFfJvmRCUKN10Bv4w30BLuoSQQIECAwRQEBeoqjok0EDitwTZLLR014z3CwymFb9bVPr4/96qO/1fXe4ZCVKbVRWwgQIEBgoQIC9EIHVrcIHEOg3uaeM7r/2iRXHKO+XdxapwRWaF5db0vyml08SJ0ECBAgQGBdQIA2JwgQWBcYL42ov7tky8dlb0P8uiSXjSo6N8n7tlGxOggQIECAwMkEBOiTCfl7An0JjLewW/W8TiOst9JTuZ6SpI4bXx3nXe06I8m9U2mgdhAgQIDAsgUE6GWPr94RaBWoEwjrJMLxNaWfE7Vfc715ruO8V5eTA1tHWXkCBAgQOJbAlP7FeKyOuJkAga0I1IEkdRLh6rpvtJ3dVh5wzErGW9etqpraG/JjdtHtBAgQIDB1AQF66iOkfQT2K7D+AeG7k9Rb6SlcN6+9ea42+XhwCiOjDQQIEOhMQIDubMB1l8BJBB5McsqozJVJalu7Q15PSHJhkvpwcHzd6NTAQw6LZxMgQKBfAQG637HXcwLrAk9M8sW1P5zC8oh6y/zzo3Z9IckbkvyOISRAgAABAocQEKAPoe6ZBKYpMNUPCB9I8qSB7P5h2cbV0yTUKgIECBDoQUCA7mGU9ZHAZgLrJxDeneSszW7dWanxuucvJ/mtJMLzzrhVTIAAAQKbCAjQmygpQ6APgSmdQFjLSV6UpAL06qqTBms5h4sAAQIECBxUQIA+KL+HE5iUwPoJhOcnue1ALayt9GpLvdV1QZLa79lFgAABAgQOLiBAH3wINIDAJATqgJLaY3l1fSlJvQU+xFWHpIzfPL8lyesO0RDPJECAAAECJxIQoM0LAgRKYH39801JLj4QzfiwlL9J8pNJPn+gtngsAQIECBB4mIAAbVIQIFAC6+ufD7V8Y/2kwSlso2eGECBAgACBrxEQoE0IAgTW938+1PKNNyepg1tWl3XP5iYBAgQITFJAgJ7ksGgUgb0KrO//fIjlG5cmuX7U67cmee1eFTyMAAECBAhsKCBAbwilGIEFC6yvf973sonTk9Ra58cPxrX7hr2eFzzhdI0AAQJzFxCg5z6C2k/g+AL3JjltqOa+JBVo93XV8pFa97w6sKW2qqulGy4CBAgQIDBZAQF6skOjYQT2IlBh+Z7Rk+rN73j/5V03Yvzx4r8kecquH6h+AgQIECBwXAEB+riC7icwb4Haqu6GURdOTfLgnrp0Y5KLhmfVh4v1FrrehrsIECBAgMCkBQToSQ+PxhHYucA4xO7z48F6y12nDa6ufa+73jmsBxAgQIDAcgUE6OWOrZ4R2ERgvP55XyF2/a13bV1XHzK6CBAgQIDALAQE6FkMk0YS2InAeP/nu0cf8u3kYUOl60eG73vN9S77pm4CBAgQ6ERAgO5koHWTwAkExvs/X5KklnPs8qo1zneOHnBHkgrULgIECBAgMCsBAXpWw6WxBLYqUDtw3DZ6M7zLjwfrWbVd3WqLvHrjXeF5l8/cKpbKCBAgQIDASkCANhcIENiHwHi7OuF5H+KeQYAAAQI7ExCgd0arYgIEBoHxSYd1UEu9ebZdnelBgAABArMVEKBnO3QaTmAWAuMdN2qv5wrPd82i5RpJgAABAgQeQUCANjUIENiVwPoph/vaJm9X/VEvAQIECBD4ioAAbSIQILALgScn+WiS7xwq38cuH7vohzoJECBAgMDDBARok4IAgV0IXJ/k0qHia5NcsYuHqJMAAQIECBxCQIA+hLpnEli2wKuSvGPo4p8leeWyu6t3BAgQINCbgADd24jrL4HdCjw3ySeGR3w8yUvs9bxbcLUTIECAwP4FBOj9m3sigaUKfFeSP0zyg0MHn5fkk0vtrH4RIECAQL8CAnS/Y6/nBLYt8AdJfnao1I4b29ZVHwECBAhMRkCAnsxQaAiBWQvUOuebhx68M8mFs+6NxhMgQIAAgUcREKBNDwIEjitQh6P8UZKnJvl8kh9I8oXjVup+AgQIECAwVQEBeqojo10E5iNw+3DCYLXY0o35jJuWEiBAgMARBQToI8K5jQCBrwjUXs+153NdNyapA1NcBAgQIEBg0QIC9KKHV+cI7FTg7CSfGp5Qu23UrhsuAgQIECCweAEBevFDrIMEdiJQR3X/VZJnDbVburETZpUSIECAwBQFBOgpjoo2ETi8wMuTnJvk6iT3nqA51yW5bPjz2nGjdt5wESBAgACBLgQE6C6GWScJNAnULhofG+74hyTPSPLlUQ3jdc/vSXJeU+0KEyBAgACBmQsI0DMfQM0nsAOB8Z7OVf0rkrxreM7Tk3wgyenDlnXfvYPnq5IAAQIECExaQICe9PBoHIGDCNR+zm9OUkG6rg8P29PVr9+U5JeGP68dN2rnDRcBAgQIEOhKQIDuarh1lsDGAutvoetnRR2YUns+13VLkgs2rk1BAgQIECCwIAEBekGDqSsEtizw0Ki+OmnwOUnOHP6swnOFaBcBAgQIEOhOQIDubsh1mMDGArWM48oTlP5Ikpcm+feNa1KQAAECBAgsSECAXtBg6gqBLQvUh4JvGK2FrurH66G3/DjVESBAgACBeQgI0PMYJ60kcEiBnxu2svvjJHXioIsAAQIECHQtIEB3Pfw6T4AAAQIECBAg0CogQLeKKU+AAAECBAgQINC1gADd9fDrPAECBAgQIECAQKuAAN0qpjwBAgQIECBAgEDXAgJ018Ov8wQIECBAgAABAq0CAnSrmPIECBAgQIAAAQJdCwjQXQ+/zhMgQIAAAQIECLQKCNCtYsoTIECAAAECBAh0LSBAdz38Ok+AAAECBAgQINAqIEC3iilPgAABAgQIECDQtYAA3fXw6zwBAgQIECBAgECrgADdKqY8AQIECBAgQIBA1wICdNfDr/MECBAgQIAAAQKtAgJ0q5jyBAgQIECAAAECXQsI0F0Pv84TIECAAAECBAi0CgjQrWLKEyBAgAABAgQIdC0gQHc9/DpPgAABAgQIECDQKiBAt4opT4AAAQIECBAg0LWAAN318Os8AQIECBAgQIBAq4AA3SqmPAECBAgQIECAQNcCAnTXw6/zBAgQIECAAAECrQICdKuY8gQIECBAgAABAl0LCNBdD7/OEyBAgAABAgQItAoI0K1iyhMgQIAAAQIECHQtIEB3Pfw6T4AAAQIECBAg0CogQLeKKU+AAAECBAgQINC1gADd9fDrPAECBAgQIECAQKuAAN0qpjwBAgQIECBAgEDXAgJ018Ov8wQIECBAgAABAq0CAnSrmPIECBAgQIAAAQJdCwjQXQ+/zhMgQIAAAQIECLQKCNCtYsoTIECAAAECBAh0LSBAdz38Ok+AAAECBAgQINAqIEC3iilPgAABAgQIECDQtYAA3fXw6zwBAgQIECBAgECrgADdKqY8AQIECBAgQIBA1wICdNfDr/MECBAgQIAAAQKtAgJ0q5jyBAgQIECAAAECXQsI0F0Pv84TIECAAAECBAi0CgjQrWLKEyBAgAABAgQIdC0gQHc9/DpPgAABAgQIECDQKiBAt4opT4AAAQIECBAg0LWAAN318Os8AQIECBAgQIBAq4AA3SqmPAECBAgQIECAQNcCAnTXw6/zBAgQIECAAAECrQICdKuY8gQIECBAgAABAl0LCNBdD7/OEyBAgAABAgQItAoI0K1iyhMgQIAAAQIECHQtIEB3Pfw6T4AAAQIECBAg0CogQLeKKU+AAAECBAgQINC1gADd9fDrPAECBAgQIECAQKuAAN0qpjwBAgQIECBAgEDXAgJ018Ov8wQIECBAgAABAq0CAnSrmPIECBAgQIAAAQJdCwjQXQ+/zhMgQIAAAQIECLQKCNCtYsoTIECAAAECBAh0LSBAdz38Ok+AAAECBAgQINAqIEC3iilPgAABAgQIECDQtYAA3fXw6zwBAgQIECBAgECrgADdKqY8AQIECBAgQIBA1wICdNeknj+2AAAAyklEQVTDr/MECBAgQIAAAQKtAgJ0q5jyBAgQIECAAAECXQsI0F0Pv84TIECAAAECBAi0CgjQrWLKEyBAgAABAgQIdC0gQHc9/DpPgAABAgQIECDQKiBAt4opT4AAAQIECBAg0LWAAN318Os8AQIECBAgQIBAq4AA3SqmPAECBAgQIECAQNcCAnTXw6/zBAgQIECAAAECrQICdKuY8gQIECBAgAABAl0LCNBdD7/OEyBAgAABAgQItAoI0K1iyhMgQIAAAQIECHQt8P9otnJLDCazBwAAAABJRU5ErkJggg==','2023-01-13 12:16:53'),(4,'01043434545','iVBORw0KGgoAAAANSUhEUgAAAtAAAAEsCAYAAADq74RjAAAAAXNSR0IArs4c6QAAIABJREFUeF7t3X/Id+ddH/C3DDaK69ZsanEIbaQ6aP8w0XWjRejC2KiprM0fDR0bqxFXpWVNHahzU9LMQTcQ0zpaWO1MwhRHO9dkdO6HgxiQVic2Dazq2EoStDrtXKxuYw5G5NOes5zdeX58z31/v9f3us55Hbh5njw533Ou6/U5z/O87+u5znV9SRwECBAgQIAAAQIECBws8CUHn+lEAgQIECBAgAABAgQiQHsICBAgQIAAAQIECKwQEKBXYDmVAAECBAgQIECAgADtGSBAgAABAgQIECCwQkCAXoHlVAIECBAgQIAAAQICtGeAAAECBAgQIECAwAoBAXoFllMJECBAgAABAgQICNCeAQIECBAgQIAAAQIrBAToFVhOJUCAAAECBAgQICBAewYIECBAgAABAgQIrBAQoFdgOZUAAQIECBAgQICAAO0ZIECAAAECBAgQILBCQIBegeVUAgQIECBAgAABAgK0Z4AAAQIECBAgQIDACgEBegWWUwkQIECAAAECBAgI0J4BAgQIECBAgAABAisEBOgVWE4lQIAAAQIECBAgIEB7BggQIECAAAECBAisEBCgV2A5lQABAgQIECBAgIAA7RkgQIAAAQIECBAgsEJAgF6B5VQCBAgQIECAAAECArRngAABAgQIECBAgMAKAQF6BZZTCRAgQIAAAQIECAjQngECBAgQIECAAAECKwQE6BVYTiVAgAABAgQIECAgQHsGCBAgQIAAAQIECKwQEKBXYDmVAAECBAgQIECAgADtGSBAgAABAgQIECCwQkCAXoHlVAIECBAgQIAAAQICtGeAAAECBAgQIECAwAoBAXoFllMJECBAgAABAgQICNCeAQIECBAgQIAAAQIrBAToFVhOJUCAAAECBAgQICBAewYIECBAgAABAgQIrBAQoFdgOZUAAQIECBAgQICAAO0ZIECAAAECBAgQILBCQIBegeVUAgQIECBAgAABAgK0Z4AAAQIECBAgQIDACgEBegWWUwkQIECAAAECBAgI0J4BAgQIECBAgAABAisEBOgVWE4lQIAAAQIECBAgIEB7BggQIECAAAECBAisEBCgV2A5lQABAgQIECBAgIAA7RkgQIAAAQIECBAgsEJAgF6B5VQCBAgQIECAAAECArRngAABAgQIECBAgMAKAQF6BZZTCRAgQIAAAQIECAjQngECBAgQIECAAAECKwQE6BVYTiVAgAABAgQIECAgQHsGCBAgQIAAAQIECKwQEKBXYDmVAAECBAgQIECAgADtGSBAgAABAgQIECCwQkCAXoHl1OEEXpnkK5K8PMlXJbkzyf1J/lOSp4frjQavFbgvybunr6q7gwABAgQIHEVAgD4Ko4t0JDCHpgrIFZyvd/xOkp9J8u+S/Iskv9lRHzTlOALPTZf53SSvSfJLx7msqxAgQIDA3gUE6L0/Advr/xya1vbsXyX5WJKfTvKZtR92fpcC8zdT1bi/k+Q9XbZSowgQIEBgOAEBeriSafBNBJYj0HVqjUT/+ZVqH0nygSSfSPL7Kz/r9H4EXpLk2UVzXjvVtJ8WagkBAgQIDCkgQA9ZNo2+hMCbk7x98blDQvUnk/zY9E//FaZrKoBjLIH3L+pe3xjdPVbztZYAAQIEehQQoHusija1EPiGJPX1Vw4cof58ksemedOfSvJ4i0a6x1EEltN6Hkjyt45yVRchQIAAgd0KCNC7Lb2OLwS+MsnbphU7XpfkVQfqVJCur5omUi8kCtUHwjU+bTkX+nNTnRs3we0IECBAYEsCAvSWqqkvxxKo5e++NknNoX1pktdPo9UvPuAGc5ief3wySa344TivQP3rwTxtp+a3v+O8zXF3AgQIEBhZQIAeuXra3lqglsW7bfqqMFaj1YccFabn0eoaqX7GOtSHsB31nJr/XvOh5+Prkzxx1Du4GAECBAjsRkCA3k2pdfREAstAXQH7sqHaSPWJCrS47K8k+dPTf5sLfXpvdyBAgMBmBQTozZZWx84oUKPTFabrq35eU0G+7oD21Ej1p5P8wjSn2kj1AWgrTvlwklqNpY7fmqbnrPi4UwkQIECAwBcFBGhPAoF2AnOorlHrCtXznNybjVpXsJ7nVFdraxpIHV5aXFe7n0ryTYuPfGuSB9ddwtkECBAgQECA9gwQ6EWgAnUF7HpR8S9MP6+gfcjIdc2vrhcV56Bd/12j1/Wj43mBn0jylgXI/UneDYgAAQIECKwVMAK9Vsz5BNoLLEeu59Hr+rVDwvXFFxj3PNf6TUk+uijfo0nq1xwECBAgQGCVgAC9isvJBLoUWIbqOWzf6IXGGpmunRV/fpoGUiF7D0eZPLXoaDncvoeO6yMBAgQIHFdAgD6up6sR6E2gpoZUwJ5fbJxfavzDSV40Nbamf1SYrLnV8y6LW127erkrYXXfn4G9PbHaQ4AAgQEE/OUxQJE0kcAJBF6W5I5FuL44HWS5bnVNddhKoK5vEpYvbZbB/FLmCZhdkgABAgS2KCBAb7Gq+kRgvcC8Ksg8Wn1xZZAKmY8kqTA98pSP9ya5d8HznUnq1xwECBAgQOBgAQH6YConEtiVwByo6yW7mvZRI9bzUUF6DtOjjUy/K0ltojIfDyf5ll1VVmcJECBA4MoCAvSVCV2AwC4EamS6gmZ9/fFFjx9KUiF0lGkQF1fiqLW05/W4d1FInSRAgACBqwsI0Fc3dAUCexOoEFpfb110/H8k+cFpVY+ew/TFlTiqC/4c3NsTrL8ECBC4ooC/OK4I6OMEdi5QUyIqTNdLiDXt43PTaPT8488m+Y3OjGrayXIUvZays+lMZ0XSHAIECPQsIED3XB1tIzCOQE2DqBcP35Dk1Rea3ds0j4srcdw1zekeR1tLCRAgQOCsAgL0WfndnMAmBb58mlf8ziTfOPWwXtx7zzRCfe5O1/bd9y0aYUvvc1fE/QkQIDCYgAA9WME0l8BgAhVUK7DWUSPR93TQfi8SdlAETSBAgMDIAgL0yNXTdgL9C3xVkl9dNLOHP3NqRZEnFm2qOdG39E+phQQIECDQi0APf5n1YqEdBAicRmA5Cv2OJB84zW1WXdWW3qu4nEyAAAECSwEB2vNAgMCpBV6Z5NPTTT6S5O5T3/CA69vS+wAkpxAgQIDAtQUEaE8GAQItBD6e5DXTjW7tYDvwmo+9XMfalt4tngL3IECAwEYEBOiNFFI3CHQu8LYk/3hqYw/TOC5u6f2+JPVrDgIECBAgcFMBAfqmRE4gQOAIArVO9GPTdWr6xB1HuOZVLrFsT13n0WlDmKtc02cJECBAYCcCAvROCq2bBDoQmF/c6yFA166Jzy5Mnk5SU0scBAgQIEDgpgIC9E2JnECAwJEE5nnQ/zTJXz/SNa9ymQrNL1tcwJ+HV9H0WQIECOxIwF8YOyq2rhI4s8A8At3LhioXV+Lo4eXGM5fI7QkQIEDgEAEB+hAl5xAgcFWB5ZzjXpayu7ild83LrlDtIECAAAECNxQQoD0gBAi0EPiRJN823aiXoHpxJY5e2tWiHu5BgAABAlcQEKCvgOejBAgcJPDSJP91OvOzSWp77x6Oiytx3JOkppc4CBAgQICAEWjPAAECZxX4/iR/b2rB30jyobO25vmb35bkiUVb7k9S0zocBAgQIEBAgPYMECBwNoFaLq5C6suTfCbJK87WkmvfeH6xsf6vAN1ZcTSHAAECvQqYwtFrZbSLwDYEli/q9bhd9nIpO7sRbuOZ0wsCBAicXECAPjmxGxDYrcBys5LPJ6n/7u1YLmX3cJJv6a2B2kOAAAEC/QkI0P3VRIsIbEWgXsh769SZHkefq2nLNhqB3sqTpx8ECBA4sYAAfWJglyewU4Ga8/zU1PdnpjnQPVIsp5gYge6xQtpEgACBDgUE6A6LokkENiCwHNnteXm45VrQjyZ50wbsdYEAAQIETiwgQJ8Y2OUJ7FBguTzck0nqv3s9KjB/dGqcEeheq6RdBAgQ6ExAgO6sIJpDYAMCjyR549SP3nf3W4Z9AXoDD58uECBAoIWAAN1C2T0I7EdgOaL7eJLa7a/nYzlXW4DuuVLaRoAAgY4EBOiOiqEpBDYgUJumzFM2eh99nrnnzVSswrGBB1AXCBAg0EJAgG6h7B4E9iFQayg/OHV1pBfyBOh9PJ96SYAAgaMJCNBHo3QhArsWWG7ZXRC3J/nUICLzboS28h6kYJpJgACBcwsI0OeugPsT2IbAcj3l0aZCzLsRCtDbeBb1ggABAicXEKBPTuwGBDYvsHwRr7bsrv/+nYF6LUAPVCxNJUCAQA8CAnQPVdAGAmML1DrK8wYkvW7ZfSPhedOXEds+9pOj9QQIEBhUQIAetHCaTaATgeVOfiMsW3cttvcmuTeJAN3JQ6UZBAgQ6F1AgO69QtpHoF+BkV8cXKrO87cF6H6fNS0jQIBAVwICdFfl0BgCQwksp26M/ALevPzeKOtWD/WQaCwBAgS2KCBAb7Gq+kTg9ALLHQefXGyecvo7H/8O35zkQ0m+LcnHjn95VyRAgACBrQkI0FurqP4QOL1ArbJROw7WFI5adaO26x5lzedr6VT7H0tiBPr0z447ECBAYBMCAvQmyqgTBJoKLLfr3sK8YQG66ePjZgQIEBhfQIAev4Z6QKClwLxiRd1ztA1Trud02zSiPtLuiS1r7l4ECBAgcEFAgPZIECBwqMD8sl2dX0vW1TzokTZMuV4/jUAf+gQ4jwABAgS+ICBAexAIEDhEYA6Zde4z07znpw/54ADnCNADFEkTCRAg0JOAAN1TNbSFQJ8Cy/WeKzzXyPPILw1eVBag+3zutIoAAQLdCgjQ3ZZGwwh0IVDhudZ7rpBZxxZXqhCgu3jUNIIAAQLjCAjQ49RKSwmcQ+DBJDX3uZarq5HnnzlHI058TwH6xMAuT4AAga0JCNBbq6j+EDiewLuSPDBd7q4kjxzv0l1dad4UZouj611BawwBAgS2IiBAb6WS+kHguALLFTfuSfLQcS/f1dXmvlrGrquyaAwBAgT6FRCg+62NlhE4l8A8paGmbdQo9JbDcxnPI+23JtnKyiLnenbclwABArsQEKB3UWadJHCwwHKb7i3sMnhIx9+d5D7Leh5C5RwCBAgQKAEB2nNAgMAsUOG5Vtyonfm2Pm1jWfV5d0V/Hvq9QIAAAQIHCfgL4yAmJxHYvEAtV1crbtQLdXsZeZ6LWiuL1DcP9eUgQIAAAQI3FRCgb0rkBAKbF6jwXFMYai7w3sJzFbc2haktyee1rjdfcB0kQIAAgasJCNBX8/NpAlsQmF+i22N4rvo9l+Thab3rLdRTHwgQIEDgxAIC9ImBXZ5A5wLzEm57Dc813/uJJPcnqZcJHQQIECBA4KYCAvRNiZxAYLMCew/PVVibqGz28dYxAgQInE5AgD6drSsT6FlgDo57HXmeazMvYWcN6J6fVm0jQIBAZwICdGcF0RwCDQTmjVLeN01bqBfo9nrUChw1jaNepHQQIECAAIGDBATog5icRGAzAvPIc700Vy8P7jk8V1Gr/xWiy8VBgAABAgQOEhCgD2JyEoFNCNTIc22U8qQl275Qz1r3+amdLt23iQdaJwgQIHAuAQH6XPLuS6CtQI2w1kYpjxtt/X/w80uUt09rQbetiLsRIECAwLACAvSwpdNwAgcLzNM2KjzbLOR5toembyZqJHrvU1kOfpicSIAAAQKJAO0pILBtgXmTlHnkWVB8vt52INz2s693BAgQOJmAAH0yWhcmcHaB9ya5N8mjpm28oBa16sazSWolkvomw0GAAAECBA4WEKAPpnIigaEEanrCWwXE69ZsXsrvniRl5SBAgAABAgcLCNAHUzmRwBACNZ+3VtqojUFqBNr21Ncumw1UhnicNZIAAQJ9CgjQfdZFqwhcRqBWlXggX3y3oX7+yGUuspPPlM3rktyyk/7qJgECBAgcUUCAPiKmSxE4k0DN571vmstbazzXqhtPn6kto9y2fGoDlfpGw0GAAAECBFYJCNCruJxMoDuBmstb6zvX1A1bcx9WnvqG41cmr/cc9hFnESBAgACB5wUEaE8DgTEFKgRWcK7R5hp1rpHUWpbNcXOB+QXCO6ZR6Jt/whkECBAgQGAhIEB7HAiMJzDvKlgh+n4vCq4u4PwCYc1/ti72aj4fIECAAAEB2jNAYByBmqZRo841globo9T6xUad19evlq0rw/J0ECBAgACB1QIC9GoyHyBwFoEaNa11nev3bP3c2sWXL0ONOtcLhDWS7yBAgAABAqsFBOjVZD5AoKlAjZTWChu3T8vS1aizaQeXL0GNOj9l6svlAX2SAAECBL44muUgQKBPgdoIpUadn5mma9SoqeNqAjXqXBvNeIHwao4+TYAAgV0LCNC7Lr/OdypQG3w8Oo00V4iuL8dxBOYtzr1AeBxPVyFAgMAuBQToXZZdpzsVuC3JvdOSdO9P8iEvCR69UjWKX6uXlLWDAAECBAhcSkCAvhSbDxE4ukDNba7wXCOjNc3AdI2jE3/hgs9NG6iUt4MAAQIECFxKQIC+FJsPETiawLyTYAXnml4g2B2N9gUXmjdQuccqJqdDdmUCBAjsQUCA3kOV9bFHgZpG8MA02lwvCdbSdI/02NANtanmktcof61oYv3sDRVWVwgQINBaQIBuLe5+BL647XaF5/r9V6GuwrPj9AIVmusbFxuonN7aHQgQILBpAQF60+XVuc4E6sW1Cs41laBW2ajpGk931satNqeC87NJHp5e0txqP/WLAAECBBoICNANkN1i9wI14rmcrlHB2XSNto/FvP6z+c9t3d2NAAECmxQQoDdZVp3qRKBGPWsXwZqyMU/XqCkbdhJsX6B5/edbjfq3x3dHAgQIbE1AgN5aRfWnB4EKzm+c5jfXzx+fQrTpGuerTn3TUv7Wfz5fDdyZAAECmxEQoDdTSh3pQGAOzvVSYE3bqOBc0zWs+HDe4szTN77Tro7nLYS7EyBAYCsCAvRWKqkf5xSo4PzWaTWNecS5QrTNUM5ZlefvbfpGH3XQCgIECGxGQIDeTCl15AwCNcpc6wrPm5/UiLPgfIZC3OSWpm/0VxMtIkCAwNACAvTQ5dP4MwnU/OYKzbUcXR21NFqNchpxPlNBbnBb0zf6q4kWESBAYHgBAXr4EupAI4GamlGjzbWiRo081+6BtaJGBWerajQqwiVuM+8+WFulq9MlAH2EAAECBF4oIEB7KgjcWOB102hzjWTOo821hrN1nMd4ckzfGKNOWkmAAIGhBAToocqlsY0EaoR5Ds617NmT00iz0eZGBTjSbUzfOBKkyxAgQIDA/y8gQHsiCDwvUHOaazWN+rF+b9TyczUFwNzmMZ+SefUN0zfGrJ9WEyBAoFsBAbrb0mhYI4EabV4G559M8rEpNNv4pFERTnSb56Z/PbB5yomAXZYAAQJ7FRCg91p5/a7QXC8F1o+fn+Y017xmo83beDbqZc8Hk9xlvvo2CqoXBAgQ6ElAgO6pGtpyaoEKy/MSdHWvmttc6zbXVA2jzafWb3v9mr5R9a7RZ6tvtLV3NwIECGxeQIDefIl33cEKT1+XpF4mm1fRqNA8r6Jhi+1tPh615GD9S8Jnk7xhm13UKwIECBA4p4AAfU599z6mQM1lftk06jiPPFaQmkeaK1DVqKTQfEz1Pq9V9X8syR2m5PRZIK0iQIDA6AIC9OgV3Gf7a2S5viow148VmOawvAzMFZpNz9jfM1J1r2fjdtM39ld8PSZAgEALAQG6hfI+7lEvbd2Z5O4jd7eCcU3DeG2SP7uYijHfpqZkzCG5gpOXAI9cgMEuV/8SUaPPj0+7Rg7WfM0lQIAAgREEBOgRqjRGG387yZ9I8sEk336FJlcAqvnKtZFJjS7Xf8+jyvVjvew3B2XTMa4AvdGPWn1jo4XVLQIECPQkIED3VI2x2/JzSf7cJQL0vOtfTcOo4LycilGjiBWS66W/+tFqCmM/Iy1aX99g1fQNf7a10HYPAgQI7FTAXzI7LfwJuv2WJD+c5MunEP3rSV6U5Jen4DsH4wrM9fN5HvP15i7XKLPAfIJCbfiS9Ww9leRh0zc2XGVdI0CAQAcCAnQHRdhQE+5L8uYkrzqwT88spmNUYLYW84FwTrumwLx1t9U3PCAECBAgcFIBAfqkvLu8+B+bVj+oKRk1Gv3fFgo1olwhuX70st8uH4+Tdbr+JaNGn2tXyXne/Mlu5sIECBAgsG8BAXrf9dd7AlsReFeSB5LcM633vZV+6QcBAgQIdCggQHdYFE0iQGC1wPzy4C3mzq+28wECBAgQWCkgQK8EczoBAt0JzEvXeXmwu9JoEAECBLYpIEBvs656RWBPAvPo861eRN1T2fWVAAEC5xMQoM9n784ECFxdoNYO/2iSR6+xS+XVr+4KBAgQIEDgGgICtMeCAIGRBWo1l9q18vZps52R+6LtBAgQIDCIgAA9SKE0kwCBFwjUUomPJakdK+vnDgIECBAg0ERAgG7C7CYECJxAoLZ4f2OSu6bt3k9wC5ckQIAAAQIvFBCgPRUExhao3R/fPX3dP3ZXVrW+toJ/IsmT07bwqz7sZAIECBAgcBUBAfoqej5L4PwCzy2acJXfz7VrZB1fOu3k9+kkn1tc+xuSvDjJ7yX5xSRfdmGXyUMl5vvUlIs7F7sGfjzJ3z30Iknem+ReG6esEHMqAQIECBxN4Cp/4R6tES5EgMClBWr76tq6upZyq2XcrnfMI9V1Xn3NRwXZCsQVkNceFbLnwH2t6y5/7dXTuTe6xyeS/M2pPTc6r9r8E1Og/6NrG+18AgQIECBwVQEB+qqCPk/gvAL1El0FylqN4o4bNGU5Un3eFt/47hWifyDJvz7gm4F/kOR7e+6MthEgQIDANgUE6G3WVa/2I3BogO5lBLpGpSsk19zln5+WoHtXkpcsSlZTR747yUPXKeN/mEbd756+cdhPtfWUAAECBLoQEKC7KINGELi0wKEB+mY3aDUH+nrteDBJbck9H59M8tokv3/hA2+fXpj8SJJ33KxT/j8BAgQIEDiFgAB9ClXXJNBO4FgvEbZr8fXvNK/rPJ9RU1JqasryqG8YXjWF5wrRDgIECBAg0FxAgG5O7oYEjiZwMXD+mQNewDvazU90od9KMo+Gf+DCKHONUNdIdY1OX+alxxM12WUJECBAYG8CAvTeKq6/WxPY0gh01ebiVI7ln1EfTvLmafOUf7m1QuoPAQIECIwjIECPUystJXBR4E1JPrr4xS3syFerb7x+0ae/luTHp5VGavpGHf7c8nuBAAECBM4q4C+is/K7OYErCXzftOTbfJHvT/L3r3TF8394Xi1kbkntslg7LP5Ykr+a5B8leef5m6kFBAgQILBnAQF6z9XX99EFave+1yw6UcvD1coVIx/zPOe5D48k+SdJfjTJH5rmPi83ghm5r9pOgAABAoMKCNCDFk6zCST5niS1mch8/MMkf3twmYsvRtYI9J9K8rZpKkdN6XAQIECAAIGzCgjQZ+V3cwJXEqjwXCF6PubpDle66Jk/fHEKR03ZqO2969jCKiNn5nV7AgQIEDiGgAB9DEXXIHAegb+U5N8ubv2DSb7rPE05yl1vS/LEhSv9bJJvTFJrPtfOgw4CBAgQIHB2AQH67CXQAAKXFrg43eHfJ/mLl75auw/WUnR11JbddXxtkv8zLWG3bEWF5r+c5I9My9f983ZNdCcCBAgQIHB9AQHa00FgXIEKl48uml+79tXufb0dFfQrNNcLjv93xSYotWHK1yf5pWn3wd76pT0ECBAgsFMBAXqnhdftTQhcHIGuTp3793S1qVbJqB/vTPLVKwLzsii1FvS/ma516yaqpRMECBAgsBmBc/9luxlIHSFwJoHPTqtU1O0ruF4mbL4lyfuTPDX1obbJnpeK+9Jpa+3/meQXpv//4iR/MsnLp63Df286539fMiwv6T6Y5NuT/Ockr0jyUJJ7zmTrtgQIECBA4JoCArQHg8DYArU7X4321nHZF+2W1ziVRs13rl0TfznJp5L8apLPLAL7by9C+3IljnpxsPrlIECAAAEC3QgI0N2UQkMIXErgPy7mB192tPbQEej/NY0036yhNRL9c9O5FX4fT1Lzsw85atT5n00j2Zf9huCQ+ziHAAECBAhcWkCAvjSdDxLoQmAZoE89WntLkmencFsjxjWFo1bQqF+rgFzTPerXDg3LFwG/Msn7phcO6/99TZL/0oWyRhAgQIAAgYWAAO1xIDC2QE13qF36fjHJ25P82sDdWU7d+PEkdh0cuJiaToAAgS0LCNBbrq6+ERhL4LmpuTV14zuS/Pexmq+1BAgQILAXAQF6L5XWTwL9C9QIdK0A8kNXmAbSfy+1kAABAgSGFxCghy+hDhAgQIAAAQIECLQUEKBbarsXAQIECBAgQIDA8AIC9PAl1AECBAgQIECAAIGWAgJ0S233IkCAAAECBAgQGF5AgB6+hDpAgAABAgQIECDQUkCAbqntXgQIECBAgAABAsMLCNDDl1AHCBAgQIAAAQIEWgoI0C213YsAAQIECBAgQGB4AQF6+BLqAAECBAgQIECAQEsBAbqltnsRIECAAAECBAgMLyBAD19CHSBAgAABAgQIEGgpIEC31HYvAgQIECBAgACB4QUE6OFLqAMECBAgQIAAAQItBQToltruRYAAAQIECBAgMLyAAD18CXWAAAECBAgQIECgpYAA3VLbvQgQIECAAAECBIYXEKCHL6EOECBAgAABAgQItBQQoFtquxcBAgQIECBAgMDwAgL08CXUAQIECBAgQIAAgZYCAnRLbfciQIAAAQIECBAYXkCAHr6EOkCAAAECBAgQINBSQIBuqe1eBAgQIECAAAECwwsI0MOXUAcIECBAgAABAgRaCgjQLbXdiwABAgQIECBAYHgBAXr4EuoAAQIECBAgQIBASwEBuqW2exEgQIAAAQIECAwvIEAPX0IdIECAAAECBAgO1W/4AAAELElEQVQQaCkgQLfUdi8CBAgQIECAAIHhBQTo4UuoAwQIECBAgAABAi0FBOiW2u5FgAABAgQIECAwvIAAPXwJdYAAAQIECBAgQKClgADdUtu9CBAgQIAAAQIEhhcQoIcvoQ4QIECAAAECBAi0FBCgW2q7FwECBAgQIECAwPACAvTwJdQBAgQIECBAgACBlgICdEtt9yJAgAABAgQIEBheQIAevoQ6QIAAAQIECBAg0FJAgG6p7V4ECBAgQIAAAQLDCwjQw5dQBwgQIECAAAECBFoKCNAttd2LAAECBAgQIEBgeAEBevgS6gABAgQIECBAgEBLAQG6pbZ7ESBAgAABAgQIDC8gQA9fQh0gQIAAAQIECBBoKSBAt9R2LwIECBAgQIAAgeEFBOjhS6gDBAgQIECAAAECLQUE6Jba7kWAAAECBAgQIDC8gAA9fAl1gAABAgQIECBAoKWAAN1S270IECBAgAABAgSGFxCghy+hDhAgQIAAAQIECLQUEKBbarsXAQIECBAgQIDA8AIC9PAl1AECBAgQIECAAIGWAgJ0S233IkCAAAECBAgQGF5AgB6+hDpAgAABAgQIECDQUkCAbqntXgQIECBAgAABAsMLCNDDl1AHCBAgQIAAAQIEWgoI0C213YsAAQIECBAgQGB4AQF6+BLqAAECBAgQIECAQEsBAbqltnsRIECAAAECBAgMLyBAD19CHSBAgAABAgQIEGgpIEC31HYvAgQIECBAgACB4QUE6OFLqAMECBAgQIAAAQItBQToltruRYAAAQIECBAgMLyAAD18CXWAAAECBAgQIECgpYAA3VLbvQgQIECAAAECBIYXEKCHL6EOECBAgAABAgQItBQQoFtquxcBAgQIECBAgMDwAgL08CXUAQIECBAgQIAAgZYCAnRLbfciQIAAAQIECBAYXkCAHr6EOkCAAAECBAgQINBSQIBuqe1eBAgQIECAAAECwwsI0MOXUAcIECBAgAABAgRaCgjQLbXdiwABAgQIECBAYHgBAXr4EuoAAQIECBAgQIBASwEBuqW2exEgQIAAAQIECAwvIEAPX0IdIECAAAECBAgQaCkgQLfUdi8CBAgQIECAAIHhBQTo4UuoAwQIECBAgAABAi0FBOiW2u5FgAABAgQIECAwvIAAPXwJdYAAAQIECBAgQKClgADdUtu9CBAgQIAAAQIEhhcQoIcvoQ4QIECAAAECBAi0FBCgW2q7FwECBAgQIECAwPACAvTwJdQBAgQIECBAgACBlgICdEtt9yJAgAABAgQIEBheQIAevoQ6QIAAAQIECBAg0FJAgG6p7V4ECBAgQIAAAQLDCwjQw5dQBwgQIECAAAECBFoKCNAttd2LAAECBAgQIEBgeAEBevgS6gABAgQIECBAgEBLAQG6pbZ7ESBAgAABAgQIDC/wB3z6QFrhGlZCAAAAAElFTkSuQmCC','2023-01-13 12:16:53'),(5,'01078784512','iVBORw0KGgoAAAANSUhEUgAAAtAAAAEsCAYAAADq74RjAAAAAXNSR0IArs4c6QAAIABJREFUeF7t3QvMbllZH/C/NSoNKKAFRaGAWFCgXBwEBBKcFBWQa5WpXFpAzVDByEWtNG2DkzStFOUiDA2UdiAFbQErF0UUGyQBBRkEKWChKlAQ1AkFLy1ia2we3Rv3vHzfOe9+3/3u628lJ2fmnL3XWs9v7e98z7fetdf6vCgECBAgQIAAAQIECOwt8Hl7X+lCAgQIECBAgAABAgQigfYQECBAgAABAgQIEOghIIHugeVSAgQIECBAgAABAhJozwABAgQIECBAgACBHgIS6B5YLiVAgAABAgQIECAggfYMECBAgAABAgQIEOghIIHugeVSAgQIECBAgAABAhJozwABAgQIECBAgACBHgIS6B5YLiVAgAABAgQIECAggfYMECBAgAABAgQIEOghIIHugeVSAgQIECBAgAABAhJozwABAgQIECBAgACBHgIS6B5YLiVAgAABAgQIECAggfYMECBAgAABAgQIEOghIIHugeVSAgQIECBAgAABAhJozwABAgQIECBAgACBHgIS6B5YLiVAgAABAgQIECAggfYMECBAgAABAgQIEOghIIHugeVSAgQIECBAgAABAhJozwABAgQIECBAgACBHgIS6B5YLiVAgAABAgQIECAggfYMECBAgAABAgQIEOghIIHugeVSAgQIECBAgAABAhJozwABAgQIECBAgACBHgIS6B5YLiVAgAABAgQIECAggfYMECBAgAABAgQIEOghIIHugeVSAgQIECBAgAABAhJozwABAgQIECBAgACBHgIS6B5YLiVAgAABAgQIECAggfYMECBAgAABAgQIEOghIIHugeVSAgQIECBAgAABAhJozwABAgQIECBAgACBHgIS6B5YLiVAgAABAgQIECAggfYMECBAgAABAgQIEOghIIHugeVSAgQIECBAgAABAhJozwABAgQIECBAgACBHgIS6B5YLiVAgAABAgQIECAggfYMECBAgAABAgQIEOghIIHugeVSAgQIECBAgAABAhJozwABAgQIECBAgACBHgIS6B5YLiVAgAABAgQIECAggfYMECBAgAABAgQIEOghIIHugeVSAgQIECBAgAABAhJozwABAgQIECBAgACBHgIS6B5YLiVAgAABAgQIECAggfYMECBAgAABAgQIEOghIIHugeVSAgsVeFqSH2l+XbHQGHSbAAECBAjMRkACPZuh0BECJxP4i07NvuZPxqxiAgQIENiKgG+mWxlpcW5Z4INJbpHkQ0luuWUIsRMgQIAAgSEEJNBDKKqDwLwFJNDzHh+9I0CAAIGFCUigFzZgukvgAAFLOA5Ac8ssBaznn+Ww6BSB7QlIoLc35iLenoAEentjvtaIPctrHVlxEViYgAR6YQOmuwR6CtTa51rC0ZZaA11roRUCSxSwHGmJo6bPBFYoIIFe4aAKiUBH4BFJXtb5/0cm+UlCBBYq8MYk35Tkl5NcutAYdJsAgRUISKBXMIhCIHABgXbNaHtJ7QdtL2iPzFIFJNBLHTn9JrAyAQn0ygZUOAR2BB6T5KrOnz02yYspEViogDXQCx043SawNgEJ9NpGVDwEri1QH3fXrF1b6mPv+vhbIbA0Ac/y0kZMfwmsWEACveLBFRqBJJZweAzWInBJkqs7wdwlyTvWEpw4CBBYloAEelnjpbcE+gpIoPuKuX6uAvUC7Es7nXvUzguyc+23fhEgsEIBCfQKB1VIBDoC1kB7HNYiULvHPLwTzE8lqV1mFAIECIwuIIEenVyDBEYVkECPyq2xEwq8Ock9O/W/Jcm9TtieqgkQIHCugATaw0Fg3QIS6HWP75aiq91jHt0J+CVJ6vlWCBAgMLqABHp0cg0SGFXAzgWjcmvshAIS6BPiqpoAgX4CEuh+Xq4msDQBCfTSRkx/zxN4VZIHm4H2gBAgMAcBCfQcRkEfCJxOQAJ9Ols1jyuwm0C/OslDxu2C1ggQIPBXAhJoTwKBdQtUgvEznRAfmqQSEYXA0gTqAKB7dzr9piT1A6JCgACB0QUk0KOTa5DAqAJmoEfl1tgJBcxAnxBX1QQI9BOQQPfzcvXxApXQ3afZjuptST7dqfIrk9y6+f/a4/UDSW6U5BXN79cc3/zmapBAb27IVxuwGejVDq3ACCxPQAK9vDFbWo/bk/A+lOQWR3S+Eu2/meRTnTpusGd97T3VhyrdOtr/rt/r72+f5D1JPpzk5kk+nuQBSb64+fvrJrltki9JcrPmz9p6q+7fT/Kde/ZrjMss4RhDWRtjCOzuwvGcJE8ao2FtECBAYFdAAu2ZOLXAX5y6gRnWXzPrd59JvyTQMxkI3Tha4NlJntipRQJ9NKkKCBA4VEACfaic+/YVGHoGumaG25nn6+/ZiT9srtt3Bvq/NTPQ7fW1rOQmzWx0/X7jJPdIcqdmBvoXk9TLebXcpC31cfOle/bvlJdJoE+pq+4xBX4kSf170pYrktSfKQQIEBhdQAI9OvnmG+yugX59kut0RLproCsBrbfsl7IG+qZJKp7bdeJ5cpKaNZuyWAM9pf6wbdcSqJqBrdP36hS+rS1fkEAP+zypjQCBIwQk0EfguZXAjkDNVL+/82dvT3LXiZUk0BMPwADN1ycdbeLcVlefxBzzTsEA3Rq9it1PU+oTnvpBWyFAgMDoAhLo0ck1uHKBH0vyA50YL2t2EZkqbAn0VPLHt1sJYyXOZ+11vMXlC57l458pNRAgMJCABHogSNUQaARqh473djRemORxE+pIOibEP6DpWt//6GZ5xlkzzPXiXC1l6O4kc0Azi7ylZuLf2en5nZO8a5GR6DQBAosXkEAvfggFMEOBN3ZmDX8pyTdP2EcvEU6I36Pps5ZptLfXS7C1hdtWE+cuY3dXH9+/ejxgLiVAYFgB/wAN66k2AiVwVfOiV/337yS51YQsZqAnxN+j6XohsGacz1qmUeucK3GuF1GnmnGudf0vaD5FqYONpi5/muSLknxm5wXkqfulfQIENiYggd7YgAt3FIFKOC7vtHSXJO8YpeXPbUQCPRH8RZqtTwaedc6LgJU4V9I89Q4uFcIfdE4Bre0bpy6/l+TLmwOLvmLqzmifAIHtCkigtzv2Ij+dwMuSPKJTfX30Xi99TVEk0FOon99m7R/+C0mud8YltVSjnpU5JM5t99rlSHPZ17zWPN+xWftca6AVAgQITCIggZ6EXaMrF7hbkrd2YnxVc9DKFGHb+msK9bPbfF2S+53TnVc3y36mWqpxntKbk9wzybubxHVqzTaB/o3mIKOp+6N9AgQ2KiCB3ujAC/vkAh/sfDxfyzdqGccUxQz0FOrXbvMfJ/neJHc4oyu1XKPWQc91P+PucqSv3dnnfArZOh305s1JoVvbB3sKb20SIHCOgATao0HgNAJvSHKfTtW1fvSa0zR1wVol0BOgN02W/fN2Tqfs9qaW+nzfhC8I7iPT3VFmDgeXtAm0Geh9Rs81BAicTEACfTJaFW9c4EeT/HDHYKrkQwI9zYP4tGY983mtPypJJdBzL90dZW6ZpBLYKYsZ6Cn1tU2AwGcFJNAeBgKnEXhYkpd3qv7WJL94mqYuWKsEenz0CyXPP57kB8fv0sEtdmOZw/cLCfTBQ+lGAgSGFJjDP4hDxqMuAnMRuCTJ1Z3OfH+S507QOQn0uOi7Pzi1rf9qkicnedu43Tm6tSuTPL5ZfnSbJJ88usbjKvAS4XF+7iZAYCABCfRAkKohcIZA99S0qbYBk0CP92jWD00vOWPN85TbGB4bfbuEoxLnLz22sgHuNwM9AKIqCBA4XkACfbyhGgicJ9AeQlF/XyfKPXYCKgn0eOjdF+6q1VckuWy85k/S0tyOzm4T6Pq91mQrBAgQmERAAj0Ju0Y3ItDdAuyFzXHIY4cugR5HvPuyXbX4/CRPGKfpk7bSnvxX+5p/40lb2q9ySzj2c3IVAQInFpBAnxhY9ZsW6L6AZQZ6vY/C7kuDtda91rwvvdQ+y7WfeZWnJnn6DAKSQM9gEHSBAIFEAu0pIHA6gTogo2Ymq/xOkludrqlzazYDfVr0OlmwtqO7YdPMktc770o9KEmdkFjlwUlec1rKvWq3D/ReTC4iQODUAhLoUwurf8sCD0jy2gbAS4TrfBJqp5V6ebDKVGN8Ktnax7z2M68yl+8VZXzvJG9KUj8cKgQIEJhEYC7/KE4SvEYJnFigdi34RNPGe5Pc/sTtnVX97gz0nZPUx+DK8QK7Szf+TpLfOr7a2dTQXdc91UmauxgS6Nk8HjpCYNsCEuhtj7/oTy8w9S4Gd0ryzk6YEujhxvwDSSpprrKmpRutUPvszmlmXQI93POrJgIEjhCQQB+B51YCewh0d+KY4uut+yJYdXcOxzHvwTb7S+pwkTpkpEodknKP2fe4Xwe7BwHV9ov1EuwcigR6DqOgDwQIzGZdm6EgsFaBZ3SObp5DAl0vu31qrdgjxtXd83mNs8/t8pRrkszhBMJ2aCXQIz7kmiJA4HyBKb6hGw8CWxJoj0KumOtQjTpcY8xiBnp47dsmqTXtVSrBrPXBayvvaU5UnNthMK9qdgSp3UEesjZ08RAgsBwBCfRyxkpPlynQ3cng0manhrEjmXod9tjxnrq9FyX57qaRuSWYQ8T+tUl+s6lobrPrtZTk0c2R6bVNpEKAAIFJBCTQk7BrdEMC3V0wpkpGJNDDPXBfnqRO52vLGv8N7e4ucrsk7xuO7+iaXp/kW5P8QpL7Hl2bCggQIHCgwBr/8T+Qwm0ETiLQTaCn2s1AAj3c0NYR3d+74tnnCq12bandW6Z6Xi80Wmagh3uW1USAwBECEugj8NxKYA+B7hrkqY7zlkDvMVB7XrJ2y+767qme1wsNxbOTPDHJc5I8ac8xcxkBAgQGF5BAD06qQgLXEpBAr+eBaF+sq4imWo5zas0fSvJvmkbqJM2fO3WDPeuXQPcEczkBAqcRkECfxlWtBFqBv9Xs1FD/X8d6P2gCmtq27vpJPtTsAz1BFxbfZHfbugpmrf92/lqSb0jysSRfNcNRs4RjhoOiSwS2KLDWbwJbHEsxz1egTb6mmrWsxPnmzRHedRKh0k/gbkne2rllqt1U+vW6/9Xdw1NemORx/as4+R1moE9OrAECBPYRkEDvo+QaAscJ/EaSOyR5S5J7HVfVQXe/K8kdk7wpSb3UqPQTWPuR3a1Gd5b9CUnqhcm5FTPQcxsR/SGwUQEJ9EYHXtijCvx+c9jGHySpbdDGLk5vO1y8u4tK1fKwJK88vLrZ3rl74E4dDlOHxMytmIGe24joD4GNCkigNzrwwh5VYOqdGyTQhw/3VUnaAzt+PUktc1hj6e79PMft61rz9iTCl3TGZY3jISYCBGYuIIGe+QDp3ioE3pDkPkl+Kck3TxCRBPpw9O6yhqcmefrhVc36zu4PeQ9P8p9m2ltLOGY6MLpFYGsCEuitjbh4pxB4c5J7TngwRTtr9+okD5kCYKFtdvdErhAenOQ1C43lQt2uZSkvby54f5I6ynuuxRKOuY6MfhHYmIAEemMDLtxJBK5M8vgk701y+wl6YNbuMPQasxq7tqz138uXJnlkE2S9OFgvEM61SKDnOjL6RWBjAmv9hrCxYRTuzAXaZQDvSHKXCfoqgT4MfSnrgg+L7q/uqpcH64CY6zaV3D3J246p8MT3epZPDKx6AgT2E5BA7+fkKgLHCLwgyeVJpkqgzdodNnrtuNXdczzW+rCorn1X9+TBqQ766ROH5Uh9tFxLgMDJBCTQJ6NVMYHPCkw9A10HuNRs6hXNEdSGZj+B7gz0Wg9Pubqzs8hlSV6xH81kV/lhcDJ6DRMg0BWQQHseCJxeoLuTwxRfcxLow8b4J5PUjhRVHpjkZw+rZtZ3Tb3FYl+cdgnHc5I8qe/NridAgMBQAlN8Mx+q7+ohsBSBNoGuI7VvOUGnK9F4VpInJ6kZPGU/gU8nuU5zaY1bjd+aSj0Pz2wC+r0kN1lAcGagFzBIukhgCwIS6C2MshinFmjX0k51QIUE+rAnYGmzs32j7H4y8oNJfrxvBRNc7yXCCdA1SYDA5wpIoD0VBE4v0CYqEujTWw/Vwlcn+e2msl9Nco+hKp5JPTdKUkfLt2UJ65+rr+0MtPX8M3mQdIPAVgUk0FsdeXGPKdCeRDhVAl2Hp/xMkrW+CHeKsezuAT3VuJ0irrbO3T2ub5zkmlM2OFDdr0zy7Ul+Osl3DFSnaggQINBbQALdm8wNAwi0uxvUy201k7T2clWSxyR5YZLHTRDsA5K8KMn3rPRFuFOQdpc3rPE57e4wUn5L+V5gCccpnnZ1EiDQW2Ap/2j2DswNsxbori2tjtbHx/Ux+Udn3evDO/f25gCV+sj8yw+v5uA7vylJJYRmoPcn7CbQn0pyw/1vXcSV3fhq67r6GlxC8RLhEkZJHwlsQEACvYFBnmGINfv1xJ2kpJLnmiVd44z01GugJdD9vwjaFy/bO9c0C33TJB/pkNTR3XWE9xKKNdBLGCV9JLABAQn0BgZ5piFWUlfrMB+207+PJXlkklp3upbSLuGY6jS7OyV5Z5I7J3nXWlBHiKM7S1vNrWUGv7t9XcV1/SR/NILnEE1YwjGEojoIEDhaQAJ9NKEKjhSo2eham1uzYt2ylmSlYpp6zbcZ6MMe0t1Z6FrqUGvYP3lYdbO5q46U//qmN7U/+FNm07OLd0QCfXEjVxAgMIKABHoEZE1cVKASvP+cpHYC6Ja7JKlv9ksv7T7QU71E2CbQD03yqqVjjtz/7lHX1fTSl3L80yT/qmP4LUlql5ilFCcRLmWk9JPAygUk0Csf4AWFV0s5Xr7T3zr57fZJ/veC4jirqxLopJL47kl+t2j2IX7fzMe2dk+pJTjdsrRZ227f62usXTb1u0lunuTPZz4G3e6ZgV7QYOkqgTULSKDXPLrLi62dKe32/LFJ6pvmkstcXiIcYwb6tk2CVp8m3LsZtFt1jsTeHcdKqq+b5F5JPjDTQb6yWa/f7d5Ux7IfQ7T7Q+qSXh5s4zYDfcwT4F4CBAYTkEAPRqmigQR2k+hawlFLOZZcpj4S+pA10HVSXR2sUfdWaWePu7PIN0lyeXPdHZPcJ0md4HdImfthJbv7JrcxPnBBe2t3Z5+r/0v8998M9CFfXe4hQGBwgSX+Azo4ggpnJ/CeJLfr9Grpz+kHk9SShalmLdsE+rzZ/C9Ocr8k39uYf2mSm51g7+P6YejLmjbKo1vq5bxaIz7nctYyo+pv/aBRLxjWXtGPmGkAu7PoS12GYh/omT5gukVgawJLT0y2Nl5bifclSf5RJ9ilv7g19RKOdhu73QS6ktiaWa0Xyb5y4IertiOs9c11hPj/aX542N2asJtEd2e2B+7KoNWdtcyo20D70mv9MFBLUuawHWNtYVjPQFvem6ROp1yKedfXDPSgj7PKCBA4VEACfaic+04t0N39oHaOqPW7Sy1zS6DrxbgHJ3nIwKCVmL2pmY2dQ+I4cHjXqu6lzX7lF2ujZqd/Lsnrmgtrpnqs8vAk/yLJ13UarH3AaxeOMfsxZLxmoIfUVBcBAgcLSKAPpnPjiQW6h1hUErK7xd2Jmx+0+to3+AZJpjoSup2Bfn2S+x4Z2bub3TMqEfuTpq76xKBiq19bKjUbfdfmGOxL9gy8ZqhrZvqPk9Qs/YeT/I0kr21epqxZ+bN++Kjnp361S4HOmj1u16vXGNcPR7fZ6VP9UPoNe/ZzrpeZgZ7ryOgXgY0JSKA3NuALCrc9va+6PNXa4aG4pn6JsE2gz4qn3eGkfkCpw2x+qLmoTqerWcpKDGuNdI3BFyV5/1AoK6ynlsNUgvttSeolzEPL7lrx+v/dBL29pk2oq73azeS8Ui8Q/oNDOzSj+8xAz2gwdIXAlgUk0Fse/XnHvqZjlKd+ibBmLmsWvGY2a5ay1pTXTHKtT1ZOI1Czv9/ZrC2/dTPze6EE9zS9SH49yXNXsBVk6yOBPtWTol4CBHoJSKB7cbl4RIHdbcNuudCXnopsLgn0FU3yPOIwaqojUD+81IxxHV5SL23WFoA1s/+JZp/sSrS/4Eix+iHp/3VeYHxNks8cWeecbreEY06joS8ENiwggd7w4M889N0tw5b8rLYJdM0C1xZxU5RaRvKcJE+aonFt7i1w1omNtV76f3bWSLfrn+/fLBWpddTtaZ1LfTlwX6B2BtoPg/uKuY4AgZMILDkpOQmISmcjsJtAf02S355N7/p1pLsG+tKJtjaTQPcbM1fPU6CWH9WnUxLoeY6PXhHYjIAEejNDvbhAdxPoqRLPIeDaGeiqa6qlKBLoIUZSHVMLmIGeegS0T4DAXwpIoD0Icxbo7gX95CT1zXOJ5c86a1unTKBru7naA1ohsFQBM9BLHTn9JrAyAQn0ygZ0ZeF0Z27PO4Z67iHvnlw31Ux6zUBLoOf+tOjfxQQk0BcT8vcECIwiIIEehVkjBwp0t7Krl6MuO7CeKW+r/Xn/oNOB2m+5DoYZu0igxxbX3ikEJNCnUFUnAQK9BSTQvcncMKJAN4Gu7blq9naJZeqDVMpMAr3EJ0efdwUk0J4JAgRmISCBnsUw6MQ5At29oJd8GuFcEuhXN0c8e+AILFVAAr3UkdNvAisTkECvbEBXFk698FZHeldZ6gz045Nc2RkXSzhW9pAKZ1SB2sf8WUmW/FLxqGAaI0DgNAIS6NO4qnUYgVsl+a1OVXV628eHqXq0Wu6W5K1Nay9L8qjRWr52Q5ZwTASv2UEFJNCDcqqMAIFDBSTQh8q5bwyBuexgcWysfz/J/ZJ8f5JPH1vZgfdXAu3wiQPx3DYbgR9N8sNJnp7kqbPplY4QILA5AQn05oZ8UQHfIkltZdeWqfZQXhTaOZ2VQK9hFMXQvhdRa6HrB0KFAAECkwhIoCdh12gPge4LeBLoHnA7l0qgD7dz53wE2hNKa0vL2tpSIUCAwCQCEuhJ2DXaQ6CbQE91CEmP7s720nL04tVsh0fH9hRol3X5t2BPMJcRIHAaAQn0aVzVOoyAJRzDON4gyScl0MNgqmVSAQn0pPwaJ0CgFZBAexbmLCCBHmZ0WselHoc+jIJa1iAggV7DKIqBwAoEJNArGMQVh7C7jd3XJPntFcd7qtDaBPrOSd51qkbUS2AEgcuTvCDJ45K8cIT2NEGAAIEzBSTQHow5C6xlG7upjSuBflWS2kO3DqRRCCxVwC4cSx05/SawMgEJ9MoGdGXhWMIxzID62HsYR7VML2AGevox0AMCBJJIoD0GcxaQQA8zOm0CbRvAYTzVMp2AGejp7LVMgEBHQALtcZizgCUcw4zOnZK8M8kNk3xqmCrVQmASAQn0JOwaJUBgV0AC7ZmYs4AZ6GFGp9Y+P0sCPQymWiYVeEaSH0zyY0l+aNKeaJwAgU0LSKA3PfyzD94uHMMMUR17XDN3vt6H8VTLdAJvTXK3JG9LcvfpuqFlAgS2LuAb6tafgHnHbwnHMOMjgR7GUS3TC7w5yT2TvCXJvabvjh4QILBVAQn0Vkd+GXFbwjHMOL04yb2T1EuECoElC1yV5DFJ6pmug4EUAgQITCIggZ6EXaN7Ckig94S6yGW1B3Qd510z+gqBJQu0CfRrkzxoyYHoOwECyxaQQC97/Nbe+90lHLUU4Yq1B32C+Or0wdp9QwJ9AlxVjirwxuY5rgOBLh21ZY0RIECgIyCB9jjMWWB3Bro+sq2PbpV+Ah9qjvB+SL/bXE1gdgIfTFL/LtQzbUnS7IZHhwhsR0ACvZ2x7htpd7/VemHn/Uk+0reSI6/f3YXjsiSvOLLOLd5es8/PTlIz+AqBJQv8WZIvSPJ/k3zhkgPRdwIEli0ggV72+J2y939xRuXPTfLfkzz/lA136t5dwiGBPgy+xrKWvkigD/Nz1zwE7Mozj3HQCwIE7AvrGbiAQDsDfdYl707y+iQ/n6TWIp6q1Nv29dJQWxxF3V+6TToemqReJlQILFng6iSXNAH492DJI6nvBBYuYAZ64QM4Qvcf2ey3+g2db1zdZmst4uuapRVDJ9MS6OMHuNY9/0zzwtXQ43N879RAoJ9Auwa67pJA97NzNQECAwpIoAfE3EBVNZv5vCS3OyfWdySpXx9I8p4kn98k14fSXJnk8Z2bb5bko4dWttH72mO8JRsbfQBWFnY3gX7CiMvJVsYoHAIEjhWQQB8ruM37b5vkYT3W1NY2au1OEPVCW/1/lQ83f36e4u46bM9r/+etdi15tOVa/eHcMUuB7r8JtrWc5RDpFIFtCEhItjHOp4yyEun7J/m2JDc6sqF2v+JKtuvXPZJ8S1Onb5aH4dayjTpE5U6H3e4uArMSeGaSJzefctW6/vfNqnc6Q4DAZgQk0JsZ6lEC/eokd0tyeZJ7NttNDdHwnzZLQn62SawruX7TEBVvoI72hxGHqGxgsDcS4h2S/I8kn95IvMIkQGCGAhLoGQ7KirpUSVvNfNbBB/V7/br+gPG1y0Jq5rpmWiXVn4trC7sBH7iVVFWfSHR/tcsi6uu0lljdvYmz9n6vr7Eqt05ykyQfb/aDr+VXn0lS7yW0P6R9V5L7Np9EXdPZs93e7St5cIRBgMBfC0igPQ1TCFQiXd/Azyrtn9c38yr1/7dP8hVJbprk5hfpcG3VVgn1qztrraeIcQ5tlvM7m4+86yAVZT0CtaTpiU3C236d7EZ33tfY2Ar1w219PXoGx5bXHgECJxOQQJ+MVsUnEmjX87az25UknpdU12xam1DX7HT78uKJuja7ats9oC898X7dswt8Ax0666CjuYddO/TcZe6d1D8CBAjsIyCB3kfJNXMXaJeIVMJYv+54Tocroa7ZsK0s+bCF3dyf3MP7V7O5tU96PdP1q/3EplvjkMulLtbTjzXLO/64ubCWddRyjvrkqFvqz+sHunZpyMXq9fcECBCYpYAEepbDolNHCtQsdZtM1wz1vS9QXyXTn2zWT9d/19rOSkjW8A2+PuavEyVv2Pmo/0gd6KHgAAAOm0lEQVRat69AYHcNdBtSdw10zXD3WQPdJvK7PPV1WHu51249balTTO+3AkchECCwYQEJ9IYHf2Ohtwl1uwTkQkl1S7O7rV79eZtc1+9V6muofYlqbqS1B3SdRDiXtbBz89Gf8QTekOQ+neZqKUct6VAIECCwSAEJ9CKHTacHEqgZt0oub5Pk65qPwdvlIId+/N1NsCux/r0ktQ1fJeN/2CTb583WDRTWZ6uxB/TQouo7VOCVSb69c7N93Q+VdB8BArMQkEDPYhh0YqYC7d7J7a4hlWy3SXd1uZ3Zrd8vtjvIbojdRLt7UmN9TVbiO0SxB/QQiuoYQuCSJFd3Kqpns46XVwgQILBIAQn0IodNp2cu0CbZlVhfr9l5oF132meGu11C0s5YP7Zn3LWO9TlJ6mVChcDUApVAVyLdlts5SXDqIdE+AQKHCkigD5VzH4HjBWqGuzurXf/fJt9nLSGpGbt9X26seuvlyDr22P67x4+VGo4XeEFzSmlb0xOSPP/4atVAgACB8QUk0OOba5HAPgJtYt1dMlIvBe5b6rjj/9LswvGyfW9yHYETCryx2R2nbcI66BNiq5oAgdMKSKBP66t2AlMJOERlKnntnifwzOYTkfbvL+sc902NAAECixKQQC9quHSWwN4CdcjGVUnuvMETGPdGcuGoArtLOPosSRq1oxojQIDAxQQk0BcT8vcElingEJVljtuae10Hs9y6E+DNknx0zQGLjQCB9QpIoNc7tiLbtkCbQPsa3/ZzMJfoH5jkNZ3OvDbJg+bSOf0gQIBAXwHfXPuKuZ7AMgReleTBzUmJy+ixXq5ZoI6Urx/q2vLTSb5jzQGLjQCBdQtIoNc9vqLbroBTCLc79nOM/IPNFo1t3xzlPcdR0icCBPYWkEDvTeVCAosSaA9haU9TXFTndXZVAu0LrW1Qb09y11VFKBgCBDYnIIHe3JALeCMCdXphJdES6I0M+EzDbLdT7HbvnyR5xkz7q1sECBDYS0ACvReTiwgsTqCO8X5Jkpr9UwhMIfBdSf79TsPvaI62n6I/2iRAgMBgAhLowShVRGA2Au0x3lfsvLg1mw7qyOoF7pPkDTtR1pZ1/zBJrc9XCBAgsGgBCfSih0/nCZwpcKck70wigfaATCFwSZKrz2jYyYNTjIY2CRA4iYAE+iSsKiUwqUC77lQCPekwbLLxmnmuEzBvuhP9dyf5D5sUETQBAqsUkECvclgFtXGBNoF+aJLaD1ohMIbAw5K83MzzGNTaIEBgagEJ9NQjoH0Cwws8Kcmzkkigh7dV4+cK1A9sdcrgF5+B85TmWeRGgACBVQlIoFc1nIIh8JcC7THel3phyxMxgECtaa7yd5M8IMkXJvlE82cX2uXlxUkeO0D7qiBAgMDsBCTQsxsSHSJwtECbQN+52Qv66ApVsDiBmhX+4ybprefgM0le10Rx7+b3jyf5QJIbJbluklsluU2S9yappPl2Sb76wMi9MHggnNsIEFiGgAR6GeOklwT6CNS65wcn8fXdR23511bS/NJmhriS4inKq5PUEqIPTdG4NgkQIDCWgG+wY0lrh8B4ArXPbs0y+voez3yqlq7fJKy1lOIWU3WiWSr0z5L8yoR90DQBAgRGE/ANdjRqDREYTaCO8K5kqg5UUdYrcN6uF0NH/LEk70vyJ0k+kuR/Ncs8atnHzZP8VLMUZOh21UeAAIHZCkigZzs0OkbgYIE6xvtNSeojfWWdArVdXCXQ55W3JHlekus0Se6fJ3lzc3H9cFWJ7+4a6Pqz+p5Qn2B8SZJ3Nz+IOTlwnc+QqAgQOEJAAn0EnlsJzFCgkqMPSqBnODLDdelfJ3nqOdVVsmspxXDWaiJAgMCZAhJoDwaBdQm0CfRzmrWx64pONHXS3xvOYHhZkn+bpGaeFQIECBA4sYAE+sTAqicwssD3JPl3Sa5M8n0jt6250wvU8pzdUtvN1RplhQABAgRGEpBAjwStGQIjCTytOUil9oK+YqQ2NTOOQDu23dZqRvq/jtO8VggQIECgFZBAexYIrEugZp4fn8QphOsa14pmd/b5FUnqwBKFAAECBEYWkECPDK45AicWaGcpfW2fGHrk6mtHlTfutFl/VrutKAQIECAwsoBvsiODa47AiQXaGegbJ7nmxG2pfjyBOlr76k5zNbY1xgoBAgQITCAggZ4AXZMETihQSVYlW7dxuMUJlcev+vIkL+g0++Ikjx2/G1okQIAAgRKQQHsOCKxLoP2Yv9ZAK+sReG+S23bCeX6SJ6wnPJEQIEBgWQIS6GWNl94SuJhA+zH/XS52ob9fjMAjk7x0p7d3T/K2xUSgowQIEFiZgAR6ZQMqnE0LtC+avTbJgzYtsZ7gb5rkIzvh/FGS668nRJEQIEBgeQIS6OWNmR4TOE/gAUkqebY+dh3PSO2oUgfjVBLdLfdM8ivrCFEUBAgQWKaABHqZ46bXBM4SeGaSJze/no1o0QJnbVtXAT0lybMWHZnOEyBAYAUCEugVDKIQCDQCNSv5jc3hGnXIhrJcgQ8n+ds73a/E+TVJfnm5Yek5AQIE1iEggV7HOIqCwA2SfLJhuFmSjyJZrMCTzphlrqPZX5TkdxcblY4TIEBgRQIS6BUNplA2LVBbnNVWZ29PctdNSyw/+PY0yTaSX01yj+WHJQICBAisR0ACvZ6xFAmBOkDlE0k+hGLRArWXd62BbkuN5y0XHZHOEyBAYGUCEuiVDahwCBBYvMDuDHQFdFkS69oXP7QCIEBgLQIS6LWMpDgIEFiLQO3x/L4kX7kT0HcluWotQYqDAAECSxaQQC959PSdAIG1CvxYkh84I7inJ3nqWoMWFwECBJYiIIFeykjpJwECWxN4QZLLzwi6trG7wnZ2W3scxEuAwJwEJNBzGg19IUCAwLUF2sNxznJ5WZIrk9QuHQoBAgQIjCgggR4RW1MECBA4QOBhSV5+gfv+KMn9HO99gKxbCBAgcKCABPpAOLcRIEBgRIHa57uWbtzoAm3+fPOSod06RhwYTREgsE0BCfQ2x13UBAgsU+Anknz7GTt0dKP5WJJfS/Ivk7xjmWHqNQECBOYtIIGe9/joHQECBHYFapu7Ou67XjDc3epu99pKoN+W5D8meStKAgQIEBhGQAI9jKNaCBAgMIXAU5pDVu62R+O/n+Q3m6Ugtc90le5yj1s0f/b5SW5ml489RF1CgMBmBSTQmx16gRMgsCKBv5fknzcz0rfuEVfNUH9ZkjZ57t7a/l0dJX5Nk2zXjh8f7VG/SwkQILBKAQn0KodVUAQIbFjggUm+vkmKHzOww2uTPGjgOlVHgACBxQlIoBc3ZDpMgACBvQWul+SbklzSzE7X79dpkuvr7l3LX19YLyh+1QH3uYUAAQKrEpBAr2o4BUOAAIG9BSqxruUZVWoJR/vf7Rro+v/7J6l9qKvUFnq1ZrpOQVQIECCwaQEJ9KaHX/AECBAgQIAAAQJ9BSTQfcVcT4AAAQIECBAgsGkBCfSmh1/wBAgQIECAAAECfQUk0H3FXE+AAAECBAgQILBpAQn0podf8AQIECBAgAABAn0FJNB9xVxPgAABAgQIECCwaQEJ9KaHX/AECBAgQIAAAQJ9BSTQfcVcT4AAAQIECBAgsGkBCfSmh1/wBAgQIECAAAECfQUk0H3FXE+AAAECBAgQILBpAQn0podf8AQIECBAgAABAn0FJNB9xVxPgAABAgQIECCwaQEJ9KaHX/AECBAgQIAAAQJ9BSTQfcVcT4AAAQIECBAgsGkBCfSmh1/wBAgQIECAAAECfQUk0H3FXE+AAAECBAgQILBpAQn0podf8AQIECBAgAABAn0FJNB9xVxPgAABAgQIECCwaQEJ9KaHX/AECBAgQIAAAQJ9BSTQfcVcT4AAAQIECBAgsGkBCfSmh1/wBAgQIECAAAECfQUk0H3FXE+AAAECBAgQILBpAQn0podf8AQIECBAgAABAn0FJNB9xVxPgAABAgQIECCwaQEJ9KaHX/AECBAgQIAAAQJ9BSTQfcVcT4AAAQIECBAgsGkBCfSmh1/wBAgQIECAAAECfQUk0H3FXE+AAAECBAgQILBpAQn0podf8AQIECBAgAABAn0FJNB9xVxPgAABAgQIECCwaQEJ9KaHX/AECBAgQIAAAQJ9BSTQfcVcT4AAAQIECBAgsGkBCfSmh1/wBAgQIECAAAECfQUk0H3FXE+AAAECBAgQILBpAQn0podf8AQIECBAgAABAn0FJNB9xVxPgAABAgQIECCwaQEJ9KaHX/AECBAgQIAAAQJ9BSTQfcVcT4AAAQIECBAgsGkBCfSmh1/wBAgQIECAAAECfQUk0H3FXE+AAAECBAgQILBpAQn0podf8AQIECBAgAABAn0FJNB9xVxPgAABAgQIECCwaQEJ9KaHX/AECBAgQIAAAQJ9BSTQfcVcT4AAAQIECBAgsGkBCfSmh1/wBAgQIECAAAECfQUk0H3FXE+AAAECBAgQILBpAQn0podf8AQIECBAgAABAn0FJNB9xVxPgAABAgQIECCwaQEJ9KaHX/AECBAgQIAAAQJ9BSTQfcVcT4AAAQIECBAgsGkBCfSmh1/wBAgQIECAAAECfQUk0H3FXE+AAAECBAgQILBpAQn0podf8AQIECBAgAABAn0FJNB9xVxPgAABAgQIECCwaQEJ9KaHX/AECBAgQIAAAQJ9BSTQfcVcT4AAAQIECBAgsGkBCfSmh1/wBAgQIECAAAECfQUk0H3FXE+AAAECBAgQILBpAQn0podf8AQIECBAgAABAn0FJNB9xVxPgAABAgQIECCwaQEJ9KaHX/AECBAgQIAAAQJ9BSTQfcVcT4AAAQIECBAgsGkBCfSmh1/wBAgQIECAAAECfQUk0H3FXE+AAAECBAgQILBpAQn0podf8AQIECBAgAABAn0FJNB9xVxPgAABAgQIECCwaQEJ9KaHX/AECBAgQIAAAQJ9BSTQfcVcT4AAAQIECBAgsGmB/w82a6Z4i/2zdAAAAABJRU5ErkJggg==','2023-01-13 12:16:53'),(6,'01048751234','iVBORw0KGgoAAAANSUhEUgAAAtAAAAEsCAYAAADq74RjAAAAAXNSR0IArs4c6QAAIABJREFUeF7t3V2od1d9J/Cvd4VeREFa6DBo0FZHZTS1ndbaQTMMLXQ6k3gRacuASe1Y6IsmZYaWXjTmosi0xSQWByzOJBmQDvEiyvRmZi4SoejAKEnKmKltNZG+YS2o2IuWuUj51b1h+/c8Of/1f9sv67PhcJ7nPGvvvdZn7eec77Oetdd6URwECBAgQIAAAQIECOwt8KK9SypIgAABAgQIECBAgEAEaA8BAQIECBAgQIAAgQYBAboBS1ECBAgQIECAAAECArRngAABAgQIECBAgECDgADdgKUoAQIECBAgQIAAAQHaM0CAAAECBAgQIECgQUCAbsBSlAABAgQIECBAgIAA7RkgQIAAAQIECBAg0CAgQDdgKUqAAAECBAgQIEBAgPYMECBAgAABAgQIEGgQEKAbsBQlQIAAAQIECBAgIEB7BggQIECAAAECBAg0CAjQDViKEiBAgAABAgQIEBCgPQMECBAgQIAAAQIEGgQE6AYsRQkQIECAAAECBAgI0J4BAgQIECBAgAABAg0CAnQDlqIECBAgQIAAAQIEBGjPAAECBAgQIECAAIEGAQG6AUtRAgQIECBAgAABAgK0Z4AAAQIECBAgQIBAg4AA3YClKAECBAgQIECAAAEB2jNAgAABAgQIECBAoEFAgG7AUpQAAQIECBAgQICAAO0ZIECAAAECBAgQINAgIEA3YClKgAABAgQIECBAQID2DBAgQIAAAQIECBBoEBCgG7AUJUCAAAECBAgQICBAewYIECBAgAABAgQINAgI0A1YihIgQIAAAQIECBAQoD0DBAgQIECAAAECBBoEBOgGLEUJECBAgAABAgQICNCeAQIECBAgQIAAAQINAgJ0A5aiBAgQIECAAAECBARozwABAgQIECBAgACBBgEBugFLUQIECBAgQIAAAQICtGeAAAECBAgQIECAQIOAAN2ApSgBAgQIECBAgAABAdozQIAAAQIECBAgQKBBQIBuwFKUAAECBAgQIECAgADtGSBAgAABAgQIECDQICBAN2ApSoDAqgTuTfLe4eO+VdVcZQkQIEBg0QIC9KK7R+UIEDhC4PnJub7XHQHpVAIECBD4ZgE/VDwRBAhsVWAcga72vTnJJ7faUO0iQIAAgcsKCNCX9XY3AgQuJ/CLST4w3K6mcpjGcTl7dyJAgMCmBQToTXevxhHoWuA1ST47CDyX5OauNTSeAAECBE4mIECfjNKFCBBYoMCnk7xxqNetSZ5YYB1ViQABAgRWJiBAr6zDVJcAgSaBR5PcMZxhGkcTncIECBAgcCMBAdqzQYDAlgXeleRDQwNrOsfrttxYbSNAgACBywgI0JdxdhcCBOYReGuSxye3fkmSr85TFXclQIAAga0ICNBb6UntIEDgKoH/kOQ3Jn/wr5P8HioCBAgQIHCMgAB9jJ5zCRBYusD7k9wzqWQtZVdzoR0ECBAgQOBgAQH6YDonEiCwAoG7k9w/qWeF6QdWUG9VJECAAIEFCwjQC+4cVSNA4GiBO5M8ZAT6aEcXIECAAIGJgADtcSBAYMsCuyPQDyaprzkIECBAgMDBAgL0wXROJEBgBQK7I9AC9Ao6TRUJECCwdAEBeuk9pH4ECBwjcHuSxyYXeCRJhWoHAQIECBA4WECAPpjOiQQIrEBgdx3ojyepUO0gQIAAAQIHCwjQB9M5kQCBFQjsBuhPJKmvOQgQIECAwMECAvTBdE4kQGAFAgL0CjpJFQkQILA2AQF6bT2mvgQItAi8IcmTkxOMQLfoKUuAAAECVwoI0B4MAgS2LPDyJM9OGvhUklu23GBtI0CAAIHzCwjQ5zd2BwIE5hPYDdDPJbl5vuq4MwECBAhsQUCA3kIvagMBAi8k8PzkDwVozwoBAgQIHC0gQB9N6AKdCtyb5L3Dx32dGqyl2dMA/cUkNSrtIECAAAECBwsI0AfTObFzgWko8/do2Q/DtK++muQly66u2hEgQIDA0gX84F96D6nfUgUemuxo9x1JvrzUiqpXBGgPAQECBAicVECAPimni3Uk8PhkQ456Ka3m1jqWKVCjzjcNVTOFY5l9pFYECBBYlYAAvaruUtkFCdTSaONcWgF6QR1zRVWmAfrpJLU2tIMAAQIECBwsIEAfTOfEzgWm0wJuTfJE5x5Lbn7978DLhgraSGXJPaVuBAgQWImAAL2SjlLNxQl8KUnNfa7jU0l+LEmNdDqWJ1Cbp7xegF5ex6gRAQIE1iogQK+159R7boF6afClk0rcleThuSvl/lcKTEegH0xyNycCBAgQIHCMgAB9jJ5zexb4/SRvngDYoGO5T8N0DnSt2V3rdzsIECBAgMDBAgL0wXRO7FzgziS1lN30eFuSj3XussTmTwO0/ylYYg+pEwECBFYmIECvrMNUdzECL05Sc2vHl9OqYvX7WxZTQxUZBaYvfFb/VD85CBAgQIDAwQIC9MF0TiTwD3Np799xMMK5vAdjGqBrF0Ivey6vj9SIAAECqxIQoFfVXSq7QIHp9ICqXs2FrlFOIW05nTUGaJuoLKdP1IQAAQKrFhCgV919Kr8AgavmQntRbQEdM1Shptp8Zfj1x5PcvpyqqQkBAgQIrFVAgF5rz6n3kgSm6wyP9bI74TJ6qHaLrF0j6/APm2X0iVoQIEBg9QIC9Oq7UAMWIFCjmo/t1KN2JqwdCh3zCrw1yeNDFaySMm9fuDsBAgQ2IyBAb6YrNWRmgQrMb9mpgxcKZ+6UJNMA7X8F5u8PNSBAgMAmBAToTXSjRixAYDpVYKxOvUhYoc0LhfN10Pi/A14gnK8P3JkAAQKbExCgN9elGjSjQO1wd+/O/b24NmOHJPm1Ye7zHyV51bxVcXcCBAgQ2IqAAL2VntSOpQhc9UKhubfz9c74j5r/mORX5quGOxMgQIDAlgQE6C31prYsQeCqqRy1NnRN5XBcXqC2Vr8tifnol7d3RwIECGxWQIDebNdq2IwC0xfXxmpYQm2eDhn/R8AW3vP4uysBAgQ2KSBAb7JbNWoBAg8kec+kHl4onKdTxl0IrcAxj7+7EiBAYJMCAvQmu1WjFiKwOx/6wSR3L6RuPVTjDUmeHBrqe10PPa6NBAgQuJCAHyoXgnabLgVqPnSF6JuG1huFvuxjME6l+cSwHvRl7+5uBAgQILBZAQF6s12rYQsRqBHn+yd18TLb5TpmtH8kyZ2Xu607ESBAgMDWBQTorfew9i1BYFwJoupSI9L1Qpvj/AKjuxc4z2/tDgQIEOhKQIDuqrs1diaBFyf5yuTetyaprb8d5xUYt1fnfV5nVydAgEB3AgJ0d12uwTMJTKdymFJwmU6wAsdlnN2FAAEC3QkI0N11uQbPKFAbqrwsiZcJz98J4wuEX0tS/wPgIECAAAECJxMQoE9G6UIErhW4PcljQynrEl/LdVSBccT/40nK3UGAAAECBE4mIECfjNKFCOwl8P+SvHqYA11zcx3nERjnP9+TpDa1cRAgQIAAgZMJCNAno3QhAnsLjHNz/f3bm6yp4PSlTSP9TXQKEyBAgMA+An6A76OkDIHTCnw6yRuTvC/Jr5720q42rPn8UJKnk9RuhA4CBAgQIHBSAQH6pJwuRmAvgXuTvDfJZ5J8315nKNQiYPpGi5ayBAgQINAsIEA3kzmBwNECdyR5dLjKa5M8c/QVXWAUqO3Tnx1+85JhxRM6BAgQIEDgpAIC9Ek5XYzAXgLjEmtV2CYfe5HtXaheGHxPEqtv7E2mIAECBAi0CgjQrWLKEziNwJ8n+a4kdyV5+DSXdJVhxPkm/zDxLBAgQIDAOQUE6HPqujaBGwuMLxL+aJL/CeokAncmqZcHv5ikpnI4CBAgQIDAWQQE6LOwuiiBawXGAP2zSX7n2tIK7CPwVJLXG9Xfh0oZAgQIEDhGQIA+Rs+5BA4XGAO0OdCHG07PtHX3aRxdhQABAgT2EBCg90BShMAZBD6U5F1J7JR3GtyaR/4OnqfBdBUCBAgQeGEBAdoTQmAegS8l+Y4k/yvJj8xThc3ctXYerKXr6rPvaZvpVg0hQIDAcgX8sFlu36jZtgUeT1LTDmrTj5rG4ThcoDalqc1pHkxy9+GXcSYBAgQIENhPQIDez0kpAqcWeP8w3eALSV5x6ot3dL0adf7KsHzdzTZO6ajnNZUAAQIzCgjQM+K7ddcCNf+55kF/eZjK0TXGEY2vEef7kzySpJaxcxAgQIAAgbMLCNBnJ3YDAlcK1Lzn/zH8ib+Hhz0kNfr85LDm8y1Jahk7BwECBAgQOLuAH9xnJ3YDAlcKTLfzfmeS/8KpWWAcfbZtdzOdEwgQIEDgGAEB+hg95xI4XGAaoOsluPsOv1SXZxp97rLbNZoAAQLLEBCgl9EPatGfwDRA35Wk1jF27C8wrrxh9Hl/MyUJECBA4EQCAvSJIF2GQKPA+BJhnfb2JB9tPL/n4i8f5j7XKLS5zz0/CdpOgACBmQQE6Jng3bZ7gf+b5LWDQi2/9lz3IvsDfCzJbdZ93h9MSQIECBA4rYAAfVpPVyOwr8Dzk4L+Hu6r9o3NZ2oTmq8leYN/eOwPpyQBAgQInE7AD+7TWboSgX0FKvjV8mt1eIFwX7VvbNU9Llt3T5IH9j9VSQIECBAgcDoBAfp0lq5EYF+B307yC0Phdyep3zuuF6jA/J4knxi2Qb/+DCUIECBAgMAZBAToM6C6JIFrBB5NcsdQpuZBP0PsWoHbkzw2lPLi4LVcChAgQIDAOQUE6HPqujaBbxWoFSSeHb782SSvg3StQJnVvOf6bMm/a7kUIECAAIFzCwjQ5xZ2fQLfLPBQkjuHL5n/vN/T8USStySx5vN+XkoRIECAwJkFBOgzA7s8gR2B6eobr07yOUIvKDBu112rbtQI9Fd5ESBAgACBuQUE6Ll7wP17Epiu/fw7SX62p8Yf0Nbphim3JqmRaAcBAgQIEJhdQICevQtUoBOBDyWp3QfHw9+96zt+nLrxyGTay/VnKUGAAAECBM4s4If4mYFdnkCS6bznAvEi3PWPRc0TL7enhw1Trj9DCQIECBAgcCEBAfpC0G7TrcC9w2YpI4AXB69/FMapG/X9qXYefOr6U5QgQIAAAQKXExCgL2ftTv0J7E7bEJ73ewY+luS2JHYb3M9LKQIECBC4sIAAfWFwt+tCoMLfLyd506S1wvN+XT9umGLqxn5eShEgQIDADAIC9AzobrlZgZ8Zpmv8o50WCs/7dXlN17h/mPNst8H9zJQiQIAAgRkEBOgZ0N1ykwK70zWqkV9O8vNJPrrJFp++UeN88QeG6Runv4MrEiBAgACBEwgI0CdAdImuBXZfEiyM2qL7fUk+0rVMW+O/N8lnkjycpJats+Zzm5/SBAgQIHBBAQH6gthutTmBT+7Mc64GWqLusG7+b0l+YAjQ9x12CWcRIECAAIHLCAjQl3F2l+0JTLfkrtaZdnB4H9+R5NEkH0zyC4dfxpkECBAgQOAyAgL0ZZzdZVsCn07yxqFJzyX5V0me2VYTL9qa+sfInyX5JfPFL+ruZgQIECBwoIAAfSCc07oTeGWSX0nyzknLKzz/VJJPdadxugaPc8itVHI6U1ciQIAAgTMLCNBnBnb5zQj8YpIP7LTmtUaej+rf1wwvXNY/RP5lks8fdTUnEyBAgACBCwkI0BeCdpvVC9T20o8nqc+1ykbN1bVSxHHdWp619vO/S/Lh4y7lbAIECBAgcDkBAfpy1u60DYFXJfncNpoyayt+IsnvDtNfftU/RmbtCzcnQIAAgUYBAboRTHECBI4W+PEk/324yq3C89GeLkCAAAECFxYQoC8M7nYECOShJHcOwfnfJPk6EwIECBAgsCYBAXpNvaWuBNYvUKtuVHiuueRvt2zd+jtUCwgQINCjgADdY69rM4H5BMbRZzs2ztcH7kyAAAECRwoI0EcCOp0AgSaBn0zyncPOjU0nKkyAAAECBJYiIEAvpSfUgwABAgQIECBAYBUCAvQqukklCRAgQIAAAQIEliIgQC+lJ9SDAAECBAgQIEBgFQIC9Cq6SSUJECBAgAABAgSWIiBAL6Un1IMAAQIECBAgQGAVAgL0KrpJJQksUqDWdH7v8HHfImuoUgQIECBA4AwCAvQZUF2SQCcCz0/a6XtJJ52umQQIECCQ+KHnKSBA4BCBn0vyweHEGoU2An2IonMIECBAYJUCAvQqu02lCcwu8Mkkbxpq8U+S/OHsNVIBAgQIECBwIQEB+kLQbkNgQwLT0efPJnndhtqmKQQIECBA4FoBAfpaIgUIENgR+M9Jfnr42l1JHiZEgAABAgR6EhCge+ptbSVwvMBrktSo83j4HnK8qSsQIECAwMoE/PBbWYepLoGZBcal66oav53k3TPXx+0JECBAgMDFBQToi5O7IYFVC0yXrrs1yROrbo3KEyBAgACBAwQE6APQnEKgU4F3Jvnw0PYKzhWgHVcL1FSXLyd5a5L69cuHYvX5e5L8XpK/SPKZ4dccCRAgQGBFAgL0ijpLVQnMLPBokjuGOlj7+RsQFYh/MMmrknx7ku9PckuSmxr66qtJXtJQXlECBAgQmFlAgJ65A9yewEoEfiDJ/x7q+mdJ/vFK6n2qatZIcoXiNwwfLx5Gl+v6f5vk2yY3+j9J/irJF4fPzySpr41Hhe6vJ/nxYRv0+vqnkvzQqSrrOgQIECBwXgEB+ry+rk5gKwJPJ/mnQ2M+kuTfbqVhV7SjwvJbJmF5nH6xW7RMnktSI8jPJvnEsEJJTd3Y93hlkj8eCr86yef2PVE5AgQIEJhPQICez96dCaxFoEZdn5xUtkLf59dS+T3qWe2rwHz7ZFR5eloF4wrKTw2fx1/vcelri0xXNfH9+FouBQgQILAMAd+wl9EPakFgyQK1Uco7hgpWmKwR2rUfFZqrTdWW+vV41LSLekGyPioon3OVkbr348ONaznAWhbQQYAAAQIrEBCgV9BJqkhgRoGavlDTE8bjbUk+NmN9jrl1taVCc400T0Nz/aOg2lQfFZovcbx5WH2j5lLXlI+3nzmsX6JN7kGAAIFuBATobrpaQwkcJPBAkvcMZ9bo7I3mAx908QucVAH1tiR37oycf3zYgrxGmGsO86WOGnX+viS/Obmh78OX0ncfAgQInEjAN+4TQboMgQ0KVPj8yqRd9ySpQL30o0J+Beaa1/y6JC9N8rVhDnONMs/VhoeGZe5eKzwv/RFSPwIECLywgADtCSFA4EYCtdZzveRWR40+17SHS47WtvTMjeY0/2mSXxumZ8xV99pI5YNXzB33/belh5UlQIDAggR8A19QZ6gKgYUJ1Hzglw11um+yZvFSqjmG5prTvDu15JHJFI056/uhJO+6ogKvT/IHc1bMvQkQIEDgcAEB+nA7ZxLYskBNgagpB+Nx8wVfsHsh1wrKNaf57itCc42S14ohNUVjrtHmqvsPD1NIauvz3aM2VPlnW35wtI0AAQI9CAjQPfSyNhJoF5iOPj84BNb2q5zujHr5rl5mrNHm3aNGm8dVNE53x7YrVf1qm/Mfu8GLll9I8l+T1Ei+gwABAgRWLiBAr7wDVZ/AGQQqpD42ue6co881El7zsHenaNRLgTXSXCPOl1p6bpe6pmb85B7rYn90CP9/eYa+ckkCBAgQmEFAgJ4B3S0JLFyglnarFSzqqNHdCrGXPmqKRo047wbnmqZRLzfWiPMlpmnU/Wuudc0Fr8+vSPLP98R4f5L/tLFdG/dsumIECBDYtoAAve3+1ToCrQK723ZfevT5uuBcI86nOCoY18fzw8Vqyb5qe32ur09/v+/9akOUGm2uj3PuYLhvfZQjQIAAgTMJCNBngnVZAisVmG7bfcnR5xtN1RhHnF8oOI+Bt0LvTUP4Lf4xJH93kv8/+f0xXVO7Fv5dkk8OOwg+M1xMYD5G1bkECBBYmYAAvbIOU10CZxTY3TjlEqPP9fLd/Ttba1cTv57k6SR/csU0jmlgPhdHBfeaWz3uVFif6/eXmDZyrja5LgECBAicSECAPhGkyxDYgMB06bra6vqqFS9O1cyaLlHL5NXn6VHBtaZA/PsjblSjxHWMLxf+TZK/noTfMQTX591AXL9/6oh7O5UAAQIEOhAQoDvoZE0ksKdABcfa4KOOc40+V2CuVTV2w3kF53FVjQqxV63lvBt8p783OrxnJytGgAABAscLCNDHG7oCgS0I1FSKx4eGnGP0uaZd/HqSn9rBquXoxs1P5lqObgv9pw0ECBAgcEEBAfqC2G5FYMEC05cHbznhNIaaV/2OYUR5t/m1QUstSWde8YIfDFUjQIAAgW8VEKA9FQQIVMh9dli94pSjzzd6QbBW96jgbMTZs0eAAAECqxQQoFfZbSpN4KQCP5Hkd4crnmL0uaZr1Moau/OcKzjX3GYv6Z20+1yMAAECBC4tIEBfWtz9CCxPYNx5sOZA/4sjq1e7B9boco1qj0etilEbpAjOR+I6nQABAgSWISBAL6Mf1ILAXALTnQffNmyRfUhdKjBXAJ8uS1cra1Rwrm23HQQIECBAYDMCAvRmulJDCBwkUOH2tiQVdmvqxSFHvSS4u1PgPcPXvCB4iKhzCBAgQGDRAgL0ortH5QicVaBGi2vUuEaP77oiBO9z88d25jrXdI3akMULgvvoKUOAAAECqxQQoFfZbSpN4CQC49J1tWX27o6A192gVtio8Dyd61yjzvWSoIMAAQIECGxaQIDedPdqHIEbCkznPrcG33pJsHYTHI8ada4VN0zX8MARIECAQBcCAnQX3ayRBL5FYNy2u2Xuc82RrlHn6Wh1a/jWFQQIECBAYPUCAvTqu1ADCDQL1Bzlh4az9l15o0aYa23n8UXDmvZRXzPXuZnfCQQIECCwdgEBeu09qP4E2gRqzvKTQxDed9fBCtsVusfjvmGusykbbfZKEyBAgMBGBATojXSkZhDYU6DWZa6R5Dqu23Vwd8rG14YgbV3nPbEVI0CAAIFtCgjQ2+xXrSJwlUCNPj87rJxx3ehzre1cK2qMq2x4UdAzRYAAAQIEBgEB2qNAoB+B6eoZN99g/nKNOtcKG+OUjRp1riBd5zoIECBAgACBJAK0x4BAHwLT0edHduY0jwL1UmDNdx5HnetFwQrStWKHgwABAgQIEDAC7Rkg0JXAdO7z7uhzbYpS86LH5enGUecaefaiYFePicYSIECAwD4CRqD3UVKGwPoFxnWfx7nPNVXjLcPUjHFpumpljTpX2H5i/U3WAgIECBAgcB4BAfo8rq5KYGkCzw8V+sskX7pi6+7aUKWCsxU2ltZz6kOAAAECixMQoBfXJSpE4CwC4wj07sVrRPphwfks5i5KgAABAhsVEKA32rGaRWBHoKZp/FaSVw5huQJ1TdMwx9mjQoAAAQIEGgUE6EYwxQkQIECAAAECBPoWEKD77n+tJ0CAAAECBAgQaBQQoBvBFCdAgAABAgQIEOhbQIDuu/+1ngABAgQIECBAoFFAgG4EU5wAAQIECBAgQKBvAQG67/7XegIECBAgQIAAgUYBAboRTHECBAgQIECAAIG+BQTovvtf6wkQIECAAAECBBoFBOhGMMUJECBAgAABAgT6FhCg++5/rSdAgAABAgQIEGgUEKAbwRQnQIAAAQIECBDoW0CA7rv/tZ4AAQIECBAgQKBRQIBuBFOcAAECBAgQIECgbwEBuu/+13oCBAgQIECAAIFGAQG6EUxxAgQIECBAgACBvgUE6L77X+sJECBAgAABAgQaBQToRjDFCRAgQIAAAQIE+hYQoPvuf60nQIAAAQIECBBoFBCgG8EUJ0CAAAECBAgQ6FtAgO67/7WeAAECBAgQIECgUUCAbgRTnAABAgQIECBAoG8BAbrv/td6AgQIECBAgACBRgEBuhFMcQIECBAgQIAAgb4FBOi++1/rCRAgQIAAAQIEGgUE6EYwxQkQIECAAAECBPoWEKD77n+tJ0CAAAECBAgQaBQQoBvBFCdAgAABAgQIEOhbQIDuu/+1ngABAgQIECBAoFFAgG4EU5wAAQIECBAgQKBvAQG67/7XegIECBAgQIAAgUYBAboRTHECBAgQIECAAIG+BQTovvtf6wkQIECAAAECBBoFBOhGMMUJECBAgAABAgT6FhCg++5/rSdAgAABAgQIEGgUEKAbwRQnQIAAAQIECBDoW0CA7rv/tZ4AAQIECBAgQKBRQIBuBFOcAAECBAgQIECgbwEBuu/+13oCBAgQIECAAIFGAQG6EUxxAgQIECBAgACBvgUE6L77X+sJECBAgAABAgQaBQToRjDFCRAgQIAAAQIE+hYQoPvuf60nQIAAAQIECBBoFBCgG8EUJ0CAAAECBAgQ6FtAgO67/7WeAAECBAgQIECgUUCAbgRTnAABAgQIECBAoG8BAbrv/td6AgQIECBAgACBRgEBuhFMcQIECBAgQIAAgb4FBOi++1/rCRAgQIAAAQIEGgUE6EYwxQkQIECAAAECBPoWEKD77n+tJ0CAAAECBAgQaBQQoBvBFCdAgAABAgQIEOhbQIDuu/+1ngABAgQIECBAoFFAgG4EU5wAAQIECBAgQKBvAQG67/7XegIECBAgQIAAgUYBAboRTHECBAgQIECAAIG+BQTovvtf6wkQIECAAAECBBoFBOhGMMUJECBAgAABAgT6FhCg++5/rSdAgAABAgQIEGgUEKAbwRQnQIAAAQIECBDoW0CA7rv/tZ4AAQIECBAgQKBRQIBuBFOcAAECBAgQIECgbwEBuu/+13oCBAgQIECAAIFGAQG6EUxxAgQIECBAgACBvgUE6L77X+sJECBAgAABAgQaBQToRjDFCRAgQIAAAQIE+hYQoPvuf60nQIAAAQIECBBoFBCgG8EUJ0CAAAECBAgQ6FtAgO67/7WeAAECBAgQIECgUUCAbgRTnAABAgQIECBAoG8BAbrv/td6AgQIECBAgACBRgEBuhFMcQIECBAgQIAAgb4FBOi++1/rCRAgQICGVeDhAAAB3klEQVQAAQIEGgUE6EYwxQkQIECAAAECBPoWEKD77n+tJ0CAAAECBAgQaBQQoBvBFCdAgAABAgQIEOhbQIDuu/+1ngABAgQIECBAoFFAgG4EU5wAAQIECBAgQKBvAQG67/7XegIECBAgQIAAgUYBAboRTHECBAgQIECAAIG+BQTovvtf6wkQIECAAAECBBoFBOhGMMUJECBAgAABAgT6FhCg++5/rSdAgAABAgQIEGgUEKAbwRQnQIAAAQIECBDoW0CA7rv/tZ4AAQIECBAgQKBRQIBuBFOcAAECBAgQIECgbwEBuu/+13oCBAgQIECAAIFGAQG6EUxxAgQIECBAgACBvgUE6L77X+sJECBAgAABAgQaBQToRjDFCRAgQIAAAQIE+hYQoPvuf60nQIAAAQIECBBoFBCgG8EUJ0CAAAECBAgQ6FtAgO67/7WeAAECBAgQIECgUUCAbgRTnAABAgQIECBAoG8BAbrv/td6AgQIECBAgACBRgEBuhFMcQIECBAgQIAAgb4FBOi++1/rCRAgQIAAAQIEGgUE6EYwxQkQIECAAAECBPoWEKD77n+tJ0CAAAECBAgQaBQQoBvBFCdAgAABAgQIEOhbQIDuu/+1ngABAgQIECBAoFHg7wGQYaNLCz1HjQAAAABJRU5ErkJggg==','2023-01-25 14:08:48');
/*!40000 ALTER TABLE `store_contact` ENABLE KEYS */;
UNLOCK TABLES;

--
-- Table structure for table `store_image`
--

DROP TABLE IF EXISTS `store_image`;
/*!40101 SET @saved_cs_client     = @@character_set_client */;
/*!50503 SET character_set_client = utf8mb4 */;
CREATE TABLE `store_image` (
  `key` int NOT NULL AUTO_INCREMENT,
  `regnumber` varchar(45) NOT NULL,
  `savefolder` varchar(500) NOT NULL,
  `savefile` varchar(500) DEFAULT NULL,
  `filetype` varchar(45) DEFAULT NULL,
  PRIMARY KEY (`key`),
  UNIQUE KEY `regnumber_UNIQUE` (`regnumber`),
  CONSTRAINT `store_regnumber_fk2` FOREIGN KEY (`regnumber`) REFERENCES `store` (`regnumber`) ON DELETE CASCADE ON UPDATE CASCADE
) ENGINE=InnoDB AUTO_INCREMENT=11 DEFAULT CHARSET=utf8mb3;
/*!40101 SET character_set_client = @saved_cs_client */;

--
-- Dumping data for table `store_image`
--

LOCK TABLES `store_image` WRITE;
/*!40000 ALTER TABLE `store_image` DISABLE KEYS */;
INSERT INTO `store_image` VALUES (1,'01023232222','./uploads/','thumb_d_BED9FFAA900CDF5E1AFB4057A81FF275.jpg','image/jpeg'),(4,'01012341234','./uploads/','Screenshot_20230130_172851_One UI Home.jpg','image/jpeg'),(7,'01045452222','./uploads/','5485ae7eb83e2b1ad00fe572ade0ebb2.jpg','image/jpeg'),(8,'01078784512','./uploads/','p9oo01657074359.jpg','image/jpeg'),(9,'01045454545','./uploads/','1600w-0--UI1yLmeQ.png','image/png'),(10,'01012341235','./uploads/','4230652.png','image/png');
/*!40000 ALTER TABLE `store_image` ENABLE KEYS */;
UNLOCK TABLES;

--
-- Table structure for table `token`
--

DROP TABLE IF EXISTS `token`;
/*!40101 SET @saved_cs_client     = @@character_set_client */;
/*!50503 SET character_set_client = utf8mb4 */;
CREATE TABLE `token` (
  `key` int NOT NULL AUTO_INCREMENT,
  `user` varchar(45) DEFAULT NULL,
  `token` varchar(45) DEFAULT NULL,
  PRIMARY KEY (`key`)
) ENGINE=InnoDB AUTO_INCREMENT=3 DEFAULT CHARSET=utf8mb3;
/*!40101 SET character_set_client = @saved_cs_client */;

--
-- Dumping data for table `token`
--

LOCK TABLES `token` WRITE;
/*!40000 ALTER TABLE `token` DISABLE KEYS */;
INSERT INTO `token` VALUES (1,'김꿀꿀','');
/*!40000 ALTER TABLE `token` ENABLE KEYS */;
UNLOCK TABLES;

--
-- Table structure for table `visit`
--

DROP TABLE IF EXISTS `visit`;
/*!40101 SET @saved_cs_client     = @@character_set_client */;
/*!50503 SET character_set_client = utf8mb4 */;
CREATE TABLE `visit` (
  `key` int NOT NULL AUTO_INCREMENT,
  `link_code` varchar(45) NOT NULL,
  `storecode` int NOT NULL,
  `storename` varchar(45) NOT NULL,
  `ip` varchar(45) NOT NULL,
  `platform` varchar(45) NOT NULL,
  `date` varchar(45) NOT NULL,
  `year` varchar(45) NOT NULL,
  `month` varchar(45) NOT NULL,
  `day` varchar(45) NOT NULL,
  `week` varchar(45) NOT NULL,
  `hour` varchar(45) NOT NULL,
  `minute` varchar(45) NOT NULL,
  `second` varchar(45) NOT NULL,
  PRIMARY KEY (`key`),
  KEY `link_code_fk_idx` (`link_code`),
  KEY `store_code_fk5_idx` (`storecode`),
  CONSTRAINT `link_code_fk` FOREIGN KEY (`link_code`) REFERENCES `link` (`code`),
  CONSTRAINT `store_code_fk5` FOREIGN KEY (`storecode`) REFERENCES `store` (`code`)
) ENGINE=InnoDB AUTO_INCREMENT=1278 DEFAULT CHARSET=utf8mb3;
/*!40101 SET character_set_client = @saved_cs_client */;

--
-- Dumping data for table `visit`
--

LOCK TABLES `visit` WRITE;
/*!40000 ALTER TABLE `visit` DISABLE KEYS */;
INSERT INTO `visit` VALUES (1,'89a87C',2,'종합식육점','211.220.39.38','컴퓨터','목','2022','1','8','2','12','13','18'),(2,'89a87C',2,'종합식육점','211.220.39.38','컴퓨터','목','2022','1','8','2','13','23','45'),(3,'89a87C',2,'종합식육점','211.220.39.38','모바일','목','2022','1','8','2','14','10','50'),(4,'89a87C',2,'종합식육점','211.220.39.38','컴퓨터','목','2022','1','8','2','15','56','3'),(5,'89a87C',2,'종합식육점','211.220.39.38','모바일','목','2022','2','8','2','15','56','53'),(6,'89a87C',2,'종합식육점','211.220.39.38','모바일','목','2022','2','8','2','15','57','1'),(7,'89a87C',2,'종합식육점','211.220.39.38','모바일','목','2022','2','8','2','16','0','26'),(8,'89a87C',2,'종합식육점','211.220.39.38','컴퓨터','목','2022','2','8','2','16','23','56'),(9,'28a37w',1,'가메수산','211.220.39.38','컴퓨터','목','2022','3','8','2','16','24','26'),(10,'28a37w',1,'가메수산','211.220.39.38','컴퓨터','목','2022','3','8','2','16','35','21'),(11,'28a37w',1,'가메수산','211.220.39.38','컴퓨터','금','2022','3','9','2','9','29','45'),(12,'28a37w',1,'가메수산','211.220.39.38','컴퓨터','금','2022','4','9','2','9','30','6'),(13,'28a37w',1,'가메수산','211.220.39.38','컴퓨터','금','2022','4','9','2','9','30','38'),(14,'28a37w',1,'가메수산','211.220.39.38','컴퓨터','금','2022','4','9','2','11','9','40'),(15,'28a37w',1,'가메수산','211.220.39.38','컴퓨터','금','2022','5','9','2','11','19','19'),(16,'28a37w',1,'가메수산','211.220.39.38','컴퓨터','금','2022','5','9','2','11','19','26'),(17,'28a37w',1,'가메수산','211.220.39.38','컴퓨터','금','2022','5','9','2','11','19','35'),(18,'28a37w',1,'가메수산','211.220.39.38','컴퓨터','금','2022','5','9','2','11','49','57'),(19,'28a37w',1,'가메수산','211.220.39.38','모바일','금','2022','6','9','2','12','29','53'),(20,'28a37w',1,'가메수산','211.220.39.38','모바일','금','2022','6','9','2','12','29','57'),(21,'28a37w',1,'가메수산','211.220.39.38','모바일','금','2022','6','9','2','12','29','58'),(22,'28a37w',1,'가메수산','211.220.39.38','컴퓨터','금','2022','6','9','2','13','59','28'),(23,'28a37w',1,'가메수산','211.220.39.38','컴퓨터','금','2022','6','9','2','14','7','55'),(24,'28a37w',1,'가메수산','211.220.39.38','컴퓨터','월','2022','7','12','3','14','1','36'),(25,'28a37w',1,'가메수산','211.220.39.38','컴퓨터','월','2022','7','12','3','14','1','39'),(26,'28a37w',1,'가메수산','211.220.39.38','컴퓨터','월','2022','7','12','3','14','1','41'),(27,'28a37w',1,'가메수산','211.220.39.38','컴퓨터','월','2022','7','12','3','14','1','41'),(28,'28a37w',1,'가메수산','211.220.39.38','컴퓨터','월','2022','8','12','3','14','1','42'),(29,'28a37w',1,'가메수산','211.220.39.38','컴퓨터','월','2022','8','12','3','14','1','44'),(30,'28a37w',1,'가메수산','211.220.39.38','컴퓨터','월','2022','8','12','3','14','1','50'),(31,'28a37w',1,'가메수산','211.220.39.38','컴퓨터','월','2022','9','12','3','14','1','54'),(32,'28a37w',1,'가메수산','211.220.39.38','컴퓨터','월','2022','9','12','3','15','28','35'),(33,'28a37w',1,'가메수산','211.220.39.38','컴퓨터','월','2022','9','12','3','15','29','2'),(34,'28a37w',1,'가메수산','211.220.39.38','컴퓨터','월','2022','9','12','3','16','14','20'),(35,'28a37w',1,'가메수산','211.220.39.38','컴퓨터','월','2022','10','12','3','17','1','53'),(36,'28a37w',1,'가메수산','211.220.39.38','컴퓨터','월','2022','10','12','3','17','6','9'),(37,'28a37w',1,'가메수산','211.220.39.38','컴퓨터','화','2022','10','13','3','14','15','20'),(38,'28a37w',1,'가메수산','211.220.39.38','모바일','화','2022','11','13','3','14','15','34'),(39,'28a37w',1,'가메수산','211.220.39.38','컴퓨터','화','2022','11','13','3','16','22','58'),(40,'28a37w',1,'가메수산','211.220.39.38','컴퓨터','화','2022','11','13','3','17','7','13'),(41,'28a37w',1,'가메수산','211.220.39.38','컴퓨터','목','2022','11','15','3','17','40','21'),(42,'28a37w',1,'가메수산','211.220.39.38','컴퓨터','목','2022','12','15','3','17','40','22'),(43,'28a37w',1,'가메수산','211.220.39.38','컴퓨터','목','2022','12','15','3','17','40','31'),(44,'28a37w',1,'가메수산','211.220.39.38','컴퓨터','월','2022','12','26','5','14','58','15'),(45,'28a37w',1,'가메수산','211.220.39.38','컴퓨터','월','2022','12','26','5','15','0','22'),(46,'28a37w',1,'가메수산','211.220.39.38','컴퓨터','월','2022','12','26','5','15','2','29'),(47,'28a37w',1,'가메수산','211.220.39.38','컴퓨터','월','2022','12','26','5','15','2','37'),(48,'28a37w',1,'가메수산','211.220.39.38','컴퓨터','월','2022','12','26','5','15','3','33'),(49,'28a37w',1,'가메수산','211.220.39.38','컴퓨터','월','2022','12','26','5','15','4','32'),(50,'28a37w',1,'가메수산','211.220.39.38','컴퓨터','월','2022','12','26','5','15','40','0'),(51,'28a37w',1,'가메수산','211.220.39.38','컴퓨터','월','2022','12','26','5','15','40','1'),(52,'28a37w',1,'가메수산','211.220.39.38','컴퓨터','월','2022','12','26','5','15','40','1'),(53,'28a37w',1,'가메수산','211.220.39.38','컴퓨터','월','2022','12','26','5','15','40','2'),(54,'28a37w',1,'가메수산','211.220.39.38','컴퓨터','월','2022','12','26','5','15','40','2'),(55,'28a37w',1,'가메수산','211.220.39.38','컴퓨터','월','2022','12','26','5','15','40','3'),(56,'28a37w',1,'가메수산','211.220.39.38','컴퓨터','월','2022','12','26','5','15','40','3'),(57,'28a37w',1,'가메수산','211.220.39.38','컴퓨터','월','2022','12','26','5','15','40','3'),(58,'28a37w',1,'가메수산','211.220.39.38','컴퓨터','월','2022','12','26','5','15','40','4'),(59,'28a37w',1,'가메수산','211.220.39.38','컴퓨터','월','2022','12','26','5','15','44','31'),(60,'28a37w',1,'가메수산','211.220.39.38','컴퓨터','월','2022','12','26','5','15','51','55'),(61,'28a37w',1,'가메수산','211.220.39.38','컴퓨터','월','2022','12','26','5','15','51','56'),(62,'28a37w',1,'가메수산','211.220.39.38','컴퓨터','월','2022','12','26','5','15','52','11'),(63,'28a37w',1,'가메수산','211.220.39.38','컴퓨터','월','2022','12','26','5','15','52','59'),(64,'28a37w',1,'가메수산','211.220.39.38','컴퓨터','월','2022','12','26','5','15','53','6'),(65,'28a37w',1,'가메수산','211.220.39.38','컴퓨터','월','2022','12','26','5','15','53','25'),(66,'28a37w',1,'가메수산','211.220.39.38','컴퓨터','월','2022','12','26','5','15','53','29'),(67,'28a37w',1,'가메수산','211.220.39.38','컴퓨터','월','2022','12','26','5','15','53','29'),(68,'28a37w',1,'가메수산','211.220.39.38','컴퓨터','월','2022','12','26','5','15','59','38'),(69,'28a37w',1,'가메수산','211.220.39.38','컴퓨터','월','2022','12','26','5','15','59','38'),(70,'28a37w',1,'가메수산','211.220.39.38','컴퓨터','월','2022','12','26','5','15','59','39'),(71,'28a37w',1,'가메수산','211.220.39.38','컴퓨터','월','2022','12','26','5','15','59','39'),(72,'28a37w',1,'가메수산','211.220.39.38','컴퓨터','월','2022','12','26','5','15','59','40'),(73,'28a37w',1,'가메수산','211.220.39.38','컴퓨터','월','2022','12','26','5','15','59','49'),(74,'28a37w',1,'가메수산','211.220.39.38','컴퓨터','월','2022','12','26','5','15','59','52'),(75,'28a37w',1,'가메수산','211.220.39.38','컴퓨터','월','2022','12','26','5','15','59','53'),(76,'28a37w',1,'가메수산','211.220.39.38','컴퓨터','월','2022','12','26','5','16','0','6'),(77,'28a37w',1,'가메수산','211.220.39.38','컴퓨터','월','2022','12','26','5','16','0','6'),(78,'28a37w',1,'가메수산','211.220.39.38','컴퓨터','월','2022','12','26','5','16','0','56'),(79,'28a37w',1,'가메수산','211.220.39.38','컴퓨터','월','2022','12','26','5','16','1','2'),(80,'28a37w',1,'가메수산','211.220.39.38','컴퓨터','월','2022','12','26','5','16','1','8'),(81,'28a37w',1,'가메수산','211.220.39.38','컴퓨터','월','2022','12','26','5','16','2','21'),(82,'28a37w',1,'가메수산','211.220.39.38','컴퓨터','월','2022','12','26','5','16','2','40'),(83,'28a37w',1,'가메수산','211.220.39.38','컴퓨터','월','2022','12','26','5','16','2','40'),(84,'28a37w',1,'가메수산','211.220.39.38','컴퓨터','월','2022','12','26','5','16','2','41'),(85,'28a37w',1,'가메수산','211.220.39.38','컴퓨터','월','2022','12','26','5','16','2','41'),(86,'28a37w',1,'가메수산','211.220.39.38','컴퓨터','월','2022','12','26','5','16','2','42'),(87,'28a37w',1,'가메수산','211.220.39.38','컴퓨터','월','2022','12','26','5','16','3','9'),(88,'28a37w',1,'가메수산','211.220.39.38','컴퓨터','월','2022','12','26','5','16','3','23'),(89,'28a37w',1,'가메수산','211.220.39.38','컴퓨터','월','2022','12','26','5','18','1','5'),(90,'28a37w',1,'가메수산','211.220.39.38','컴퓨터','월','2022','12','26','5','18','1','37'),(91,'28a37w',1,'가메수산','211.220.39.38','컴퓨터','월','2022','12','26','5','18','6','17'),(92,'28a37w',1,'가메수산','211.220.39.38','컴퓨터','화','2022','12','27','5','10','10','26'),(93,'28a37w',1,'가메수산','211.220.39.38','컴퓨터','화','2022','12','27','5','10','10','35'),(94,'28a37w',1,'가메수산','211.220.39.38','컴퓨터','화','2022','12','27','5','10','10','40'),(95,'28a37w',1,'가메수산','211.220.39.38','컴퓨터','화','2022','12','27','5','10','10','44'),(96,'28a37w',1,'가메수산','211.220.39.38','컴퓨터','화','2022','12','27','5','10','12','13'),(97,'28a37w',1,'가메수산','211.220.39.38','컴퓨터','화','2022','12','27','5','10','12','18'),(98,'28a37w',1,'가메수산','211.220.39.38','컴퓨터','화','2022','12','27','5','10','12','19'),(99,'28a37w',1,'가메수산','211.220.39.38','컴퓨터','화','2022','12','27','5','10','12','24'),(100,'28a37w',1,'가메수산','211.220.39.38','컴퓨터','화','2022','12','27','5','10','13','2'),(101,'28a37w',1,'가메수산','211.220.39.38','컴퓨터','화','2022','12','27','5','10','14','51'),(102,'28a37w',1,'가메수산','211.220.39.38','컴퓨터','화','2022','12','27','5','10','17','36'),(103,'28a37w',1,'가메수산','211.220.39.38','컴퓨터','화','2022','12','27','5','10','17','55'),(104,'28a37w',1,'가메수산','211.220.39.38','컴퓨터','화','2022','12','27','5','10','17','59'),(105,'28a37w',1,'가메수산','211.220.39.38','컴퓨터','화','2022','12','27','5','10','18','43'),(106,'28a37w',1,'가메수산','211.220.39.38','컴퓨터','화','2022','12','27','5','10','20','13'),(107,'28a37w',1,'가메수산','211.220.39.38','컴퓨터','화','2022','12','27','5','10','22','38'),(108,'28a37w',1,'가메수산','211.220.39.38','컴퓨터','화','2022','12','27','5','10','23','47'),(109,'28a37w',1,'가메수산','211.220.39.38','컴퓨터','화','2022','12','27','5','10','23','47'),(110,'28a37w',1,'가메수산','175.214.137.246','모바일','화','2022','12','27','5','10','31','21'),(111,'28a37w',1,'가메수산','211.220.39.38','컴퓨터','화','2022','12','27','5','10','52','24'),(112,'28a37w',1,'가메수산','175.214.137.246','모바일','화','2022','12','27','5','15','41','16'),(113,'28a37w',1,'가메수산','175.214.137.246','모바일','화','2022','12','27','5','15','41','34'),(114,'28a37w',1,'가메수산','175.214.137.246','모바일','화','2022','12','27','5','15','41','41'),(115,'28a37w',1,'가메수산','211.220.39.38','컴퓨터','목','2022','12','29','5','12','24','44'),(116,'28a37w',1,'가메수산','211.220.39.38','컴퓨터','목','2022','12','29','5','12','25','22'),(117,'28a37w',1,'가메수산','211.220.39.38','컴퓨터','목','2022','12','29','5','12','26','2'),(118,'28a37w',1,'가메수산','211.220.39.38','컴퓨터','목','2022','12','29','5','12','27','8'),(119,'28a37w',1,'가메수산','211.220.39.38','컴퓨터','목','2022','12','29','5','12','27','16'),(120,'13B2z',4,'임해식품','211.220.39.38','컴퓨터','금','2022','12','30','5','15','33','33'),(121,'13B2z',4,'임해식품','211.220.39.38','컴퓨터','금','2022','12','30','5','15','33','45'),(122,'13B2z',4,'임해식품','211.220.39.38','컴퓨터','금','2022','12','30','5','15','34','19'),(123,'13B2z',4,'임해식품','211.220.39.38','컴퓨터','금','2022','12','30','5','15','34','24'),(124,'13B2z',4,'임해식품','211.220.39.38','컴퓨터','금','2022','12','30','5','15','34','24'),(125,'13B2z',4,'임해식품','211.220.39.38','컴퓨터','금','2022','12','30','5','15','34','26'),(126,'13B2z',4,'임해식품','211.220.39.38','컴퓨터','금','2022','12','30','5','15','34','27'),(127,'13B2z',4,'임해식품','211.220.39.38','컴퓨터','금','2022','12','30','5','15','34','28'),(128,'13B2z',4,'임해식품','211.220.39.38','컴퓨터','금','2022','12','30','5','15','34','29'),(129,'13B2z',4,'임해식품','211.220.39.38','컴퓨터','금','2022','12','30','5','15','34','32'),(130,'13B2z',4,'임해식품','211.220.39.38','컴퓨터','금','2022','12','30','5','15','35','7'),(131,'13B2z',4,'임해식품','211.220.39.38','컴퓨터','금','2022','12','30','5','15','35','8'),(132,'13B2z',4,'임해식품','211.220.39.38','컴퓨터','금','2022','12','30','5','15','35','16'),(133,'13B2z',4,'임해식품','211.220.39.38','컴퓨터','금','2022','12','30','5','15','35','16'),(134,'13B2z',4,'임해식품','211.220.39.38','컴퓨터','금','2022','12','30','5','15','35','17'),(135,'13B2z',4,'임해식품','211.220.39.38','컴퓨터','금','2022','12','30','5','15','36','8'),(136,'13B2z',4,'임해식품','211.220.39.38','컴퓨터','금','2022','12','30','5','15','36','9'),(137,'13B2z',4,'임해식품','211.220.39.38','컴퓨터','금','2022','12','30','5','15','36','47'),(138,'13B2z',4,'임해식품','211.220.39.38','컴퓨터','금','2022','12','30','5','15','38','38'),(139,'13B2z',4,'임해식품','211.220.39.38','컴퓨터','금','2022','12','30','5','15','39','26'),(140,'13B2z',4,'임해식품','211.220.39.38','컴퓨터','금','2022','12','30','5','15','39','56'),(141,'13B2z',4,'임해식품','211.220.39.38','컴퓨터','금','2022','12','30','5','15','42','15'),(142,'13B2z',4,'임해식품','211.220.39.38','컴퓨터','금','2022','12','30','5','15','43','58'),(143,'13B2z',4,'임해식품','211.220.39.38','컴퓨터','금','2022','12','30','5','15','51','52'),(144,'89a87C',2,'종합식육점','211.220.39.38','컴퓨터','금','2022','12','30','5','15','52','9'),(145,'89a87C',2,'종합식육점','211.220.39.38','컴퓨터','금','2022','12','30','5','15','52','23'),(146,'89a87C',2,'종합식육점','211.220.39.38','컴퓨터','금','2022','12','30','5','15','52','25'),(147,'89a87C',2,'종합식육점','211.220.39.38','컴퓨터','금','2022','12','30','5','15','52','25'),(148,'89a87C',2,'종합식육점','211.220.39.38','컴퓨터','금','2022','12','30','5','17','9','49'),(149,'89a87C',2,'종합식육점','211.220.39.38','컴퓨터','금','2022','12','30','5','17','10','13'),(150,'28a37w',1,'가메수산','211.220.39.38','컴퓨터','월','2023','1','2','1','11','34','26'),(151,'89a87C',2,'종합식육점','211.220.39.38','컴퓨터','월','2023','1','2','1','11','55','1'),(152,'28a37w',1,'가메수산','211.220.39.38','컴퓨터','월','2023','1','2','1','11','55','22'),(153,'28a37w',1,'가메수산','211.220.39.38','컴퓨터','월','2023','1','2','1','11','55','23'),(154,'28a37w',1,'가메수산','211.220.39.38','컴퓨터','월','2023','1','2','1','11','55','25'),(155,'89a87C',2,'종합식육점','211.220.39.38','컴퓨터','월','2023','1','2','1','12','3','18'),(156,'89a87C',2,'종합식육점','211.220.39.38','컴퓨터','월','2023','1','2','1','12','3','25'),(157,'89a87C',2,'종합식육점','211.220.39.38','컴퓨터','월','2023','1','2','1','12','3','31'),(158,'89a87C',2,'종합식육점','211.220.39.38','컴퓨터','월','2023','1','2','1','15','45','8'),(159,'89a87C',2,'종합식육점','211.220.39.38','컴퓨터','화','2023','1','3','1','9','34','13'),(160,'89a87C',2,'종합식육점','211.220.39.38','컴퓨터','화','2023','1','3','1','9','44','20'),(161,'89a87C',2,'종합식육점','211.220.39.38','컴퓨터','화','2023','1','3','1','9','59','16'),(162,'89a87C',2,'종합식육점','211.220.39.38','컴퓨터','화','2023','1','3','1','9','59','16'),(163,'89a87C',2,'종합식육점','211.220.39.38','컴퓨터','화','2023','1','3','1','9','59','20'),(164,'89a87C',2,'종합식육점','211.220.39.38','컴퓨터','화','2023','1','3','1','9','59','34'),(165,'89a87C',2,'종합식육점','211.220.39.38','컴퓨터','화','2023','1','3','1','10','12','10'),(166,'89a87C',2,'종합식육점','211.220.39.38','컴퓨터','화','2023','1','3','1','11','3','11'),(167,'89a87C',2,'종합식육점','211.220.39.38','컴퓨터','화','2023','1','3','1','11','3','15'),(168,'89a87C',2,'종합식육점','211.220.39.38','컴퓨터','화','2023','1','3','1','11','3','20'),(169,'89a87C',2,'종합식육점','211.220.39.38','컴퓨터','화','2023','1','3','1','11','5','52'),(170,'89a87C',2,'종합식육점','211.220.39.38','컴퓨터','화','2023','1','3','1','11','5','55'),(171,'89a87C',2,'종합식육점','175.214.137.246','모바일','화','2023','1','3','1','11','34','31'),(172,'89a87C',2,'종합식육점','175.214.137.246','모바일','화','2023','1','3','1','11','34','42'),(173,'89a87C',2,'종합식육점','175.214.137.246','모바일','화','2023','1','3','1','11','35','50'),(174,'89a87C',2,'종합식육점','175.214.137.246','모바일','화','2023','1','3','1','11','36','3'),(175,'89a87C',2,'종합식육점','175.214.137.246','모바일','화','2023','1','3','1','11','45','59'),(176,'28a37w',1,'가메수산','211.220.39.38','컴퓨터','화','2023','1','3','1','15','57','17'),(177,'28a37w',1,'가메수산','211.220.39.38','컴퓨터','화','2023','1','3','1','16','12','34'),(178,'28a37w',1,'가메수산','211.220.39.38','컴퓨터','화','2023','1','3','1','16','12','40'),(179,'28a37w',1,'가메수산','211.220.39.38','컴퓨터','화','2023','1','3','1','16','12','42'),(180,'28a37w',1,'가메수산','211.220.39.38','컴퓨터','화','2023','1','3','1','16','12','43'),(181,'28a37w',1,'가메수산','211.220.39.38','컴퓨터','화','2023','1','3','1','16','12','44'),(182,'28a37w',1,'가메수산','211.220.39.38','컴퓨터','화','2023','1','3','1','16','12','45'),(183,'13B2z',4,'임해식품','211.220.39.38','컴퓨터','화','2023','1','3','1','16','47','3'),(184,'13B2z',4,'임해식품','211.220.39.38','컴퓨터','화','2023','1','3','1','16','48','1'),(185,'89a87C',2,'종합식육점','211.220.39.38','컴퓨터','화','2023','1','3','1','16','51','41'),(186,'28a37w',1,'가메수산','211.220.39.38','컴퓨터','화','2023','1','3','1','16','53','30'),(187,'13B2z',4,'임해식품','211.220.39.38','컴퓨터','화','2023','1','3','1','16','54','52'),(188,'13B2z',4,'임해식품','211.220.39.38','컴퓨터','화','2023','1','3','1','16','55','2'),(189,'13B2z',4,'임해식품','211.220.39.38','컴퓨터','화','2023','1','3','1','16','56','35'),(190,'13B2z',4,'임해식품','211.220.39.38','컴퓨터','화','2023','1','3','1','16','56','53'),(191,'13B2z',4,'임해식품','211.220.39.38','컴퓨터','화','2023','1','3','1','16','57','1'),(192,'13B2z',4,'임해식품','211.220.39.38','컴퓨터','화','2023','1','3','1','16','57','8'),(193,'13B2z',4,'임해식품','211.220.39.38','컴퓨터','화','2023','1','3','1','16','57','18'),(194,'13B2z',4,'임해식품','211.220.39.38','컴퓨터','화','2023','1','3','1','16','57','26'),(195,'13B2z',4,'임해식품','211.220.39.38','컴퓨터','화','2023','1','3','1','16','57','36'),(196,'13B2z',4,'임해식품','211.220.39.38','컴퓨터','화','2023','1','3','1','16','57','53'),(197,'89a87C',2,'종합식육점','211.220.39.38','컴퓨터','화','2023','1','3','1','16','58','19'),(198,'13B2z',4,'임해식품','211.220.39.38','컴퓨터','화','2023','1','3','1','16','58','30'),(199,'89a87C',2,'종합식육점','211.220.39.38','컴퓨터','화','2023','1','3','1','17','4','26'),(200,'89a87C',2,'종합식육점','211.220.39.38','컴퓨터','화','2023','1','3','1','17','4','27'),(201,'13B2z',4,'임해식품','211.220.39.38','컴퓨터','화','2023','1','3','1','17','4','31'),(202,'89a87C',2,'종합식육점','211.220.39.38','컴퓨터','화','2023','1','3','1','17','4','32'),(203,'13B2z',4,'임해식품','211.220.39.38','컴퓨터','화','2023','1','3','1','17','4','37'),(204,'13B2z',4,'임해식품','211.220.39.38','컴퓨터','화','2023','1','3','1','17','5','33'),(205,'13B2z',4,'임해식품','211.220.39.38','컴퓨터','화','2023','1','3','1','17','34','45'),(206,'89a87C',2,'종합식육점','211.220.39.38','컴퓨터','화','2023','1','3','1','17','34','52'),(207,'28a37w',1,'가메수산','211.220.39.38','컴퓨터','화','2023','1','3','1','17','35','1'),(208,'28a37w',1,'가메수산','211.220.39.38','컴퓨터','화','2023','1','3','1','17','35','54'),(209,'28a37w',1,'가메수산','211.220.39.38','컴퓨터','화','2023','1','3','1','17','48','50'),(210,'28a37w',1,'가메수산','211.220.39.38','컴퓨터','화','2023','1','3','1','17','49','27'),(211,'13B2z',4,'임해식품','211.220.39.38','컴퓨터','수','2023','1','4','1','10','10','40'),(212,'13B2z',4,'임해식품','211.220.39.38','컴퓨터','수','2023','1','4','1','10','18','8'),(213,'13B2z',4,'임해식품','211.220.39.38','컴퓨터','수','2023','1','4','1','10','18','11'),(214,'13B2z',4,'임해식품','211.220.39.38','컴퓨터','수','2023','1','4','1','10','18','14'),(215,'13B2z',4,'임해식품','211.220.39.38','컴퓨터','수','2023','1','4','1','10','20','42'),(216,'13B2z',4,'임해식품','211.220.39.38','컴퓨터','수','2023','1','4','1','10','20','47'),(217,'13B2z',4,'임해식품','211.220.39.38','컴퓨터','수','2023','1','4','1','10','20','50'),(218,'13B2z',4,'임해식품','211.220.39.38','컴퓨터','수','2023','1','4','1','10','21','12'),(219,'13B2z',4,'임해식품','211.220.39.38','컴퓨터','수','2023','1','4','1','10','21','21'),(220,'13B2z',4,'임해식품','211.220.39.38','컴퓨터','수','2023','1','4','1','10','21','22'),(221,'13B2z',4,'임해식품','211.220.39.38','컴퓨터','수','2023','1','4','1','10','21','22'),(222,'13B2z',4,'임해식품','211.220.39.38','컴퓨터','수','2023','1','4','1','10','21','24'),(223,'13B2z',4,'임해식품','211.220.39.38','컴퓨터','수','2023','1','4','1','10','21','31'),(224,'13B2z',4,'임해식품','211.220.39.38','컴퓨터','수','2023','1','4','1','10','21','31'),(225,'13B2z',4,'임해식품','211.220.39.38','컴퓨터','수','2023','1','4','1','10','21','32'),(226,'13B2z',4,'임해식품','211.220.39.38','컴퓨터','수','2023','1','4','1','10','21','34'),(227,'13B2z',4,'임해식품','211.220.39.38','컴퓨터','수','2023','1','4','1','10','21','41'),(228,'13B2z',4,'임해식품','211.220.39.38','컴퓨터','수','2023','1','4','1','10','21','45'),(229,'13B2z',4,'임해식품','211.220.39.38','컴퓨터','수','2023','1','4','1','10','21','55'),(230,'13B2z',4,'임해식품','211.220.39.38','컴퓨터','수','2023','1','4','1','10','22','2'),(231,'13B2z',4,'임해식품','211.220.39.38','컴퓨터','수','2023','1','4','1','10','22','6'),(232,'13B2z',4,'임해식품','211.220.39.38','컴퓨터','수','2023','1','4','1','10','26','43'),(233,'13B2z',4,'임해식품','211.220.39.38','컴퓨터','수','2023','1','4','1','10','26','57'),(234,'13B2z',4,'임해식품','211.220.39.38','컴퓨터','수','2023','1','4','1','10','26','57'),(235,'13B2z',4,'임해식품','211.220.39.38','컴퓨터','수','2023','1','4','1','10','26','58'),(236,'13B2z',4,'임해식품','211.220.39.38','컴퓨터','수','2023','1','4','1','10','26','59'),(237,'13B2z',4,'임해식품','211.220.39.38','컴퓨터','수','2023','1','4','1','10','27','0'),(238,'13B2z',4,'임해식품','211.220.39.38','컴퓨터','수','2023','1','4','1','10','27','12'),(239,'13B2z',4,'임해식품','211.220.39.38','컴퓨터','수','2023','1','4','1','10','27','13'),(240,'13B2z',4,'임해식품','211.220.39.38','컴퓨터','수','2023','1','4','1','10','27','13'),(241,'13B2z',4,'임해식품','211.220.39.38','컴퓨터','수','2023','1','4','1','10','27','15'),(242,'13B2z',4,'임해식품','211.220.39.38','컴퓨터','수','2023','1','4','1','10','27','16'),(243,'13B2z',4,'임해식품','211.220.39.38','컴퓨터','수','2023','1','4','1','10','27','17'),(244,'13B2z',4,'임해식품','211.220.39.38','컴퓨터','수','2023','1','4','1','10','27','18'),(245,'13B2z',4,'임해식품','211.220.39.38','컴퓨터','수','2023','1','4','1','10','27','49'),(246,'13B2z',4,'임해식품','211.220.39.38','컴퓨터','수','2023','1','4','1','10','28','9'),(247,'13B2z',4,'임해식품','211.220.39.38','컴퓨터','수','2023','1','4','1','10','28','32'),(248,'13B2z',4,'임해식품','211.220.39.38','컴퓨터','수','2023','1','4','1','10','28','37'),(249,'13B2z',4,'임해식품','211.220.39.38','컴퓨터','수','2023','1','4','1','10','28','45'),(250,'13B2z',4,'임해식품','211.220.39.38','컴퓨터','수','2023','1','4','1','10','28','48'),(251,'13B2z',4,'임해식품','211.220.39.38','컴퓨터','수','2023','1','4','1','10','28','59'),(252,'13B2z',4,'임해식품','211.220.39.38','컴퓨터','수','2023','1','4','1','10','29','3'),(253,'13B2z',4,'임해식품','211.220.39.38','컴퓨터','수','2023','1','4','1','10','29','8'),(254,'13B2z',4,'임해식품','211.220.39.38','컴퓨터','수','2023','1','4','1','10','29','38'),(255,'13B2z',4,'임해식품','211.220.39.38','컴퓨터','수','2023','1','4','1','10','30','43'),(256,'13B2z',4,'임해식품','211.220.39.38','컴퓨터','수','2023','1','4','1','10','30','47'),(257,'13B2z',4,'임해식품','211.220.39.38','컴퓨터','수','2023','1','4','1','10','30','50'),(258,'13B2z',4,'임해식품','211.220.39.38','컴퓨터','수','2023','1','4','1','10','30','58'),(259,'89a87C',2,'종합식육점','211.220.39.38','컴퓨터','수','2023','1','4','1','10','31','0'),(260,'28a37w',1,'가메수산','211.220.39.38','컴퓨터','수','2023','1','4','1','10','37','14'),(261,'13B2z',4,'임해식품','211.220.39.38','컴퓨터','수','2023','1','4','1','10','43','6'),(262,'13B2z',4,'임해식품','211.220.39.38','컴퓨터','수','2023','1','4','1','10','43','13'),(263,'13B2z',4,'임해식품','211.220.39.38','컴퓨터','수','2023','1','4','1','10','43','14'),(264,'13B2z',4,'임해식품','211.220.39.38','컴퓨터','수','2023','1','4','1','10','43','15'),(265,'13B2z',4,'임해식품','211.220.39.38','컴퓨터','수','2023','1','4','1','10','43','15'),(266,'13B2z',4,'임해식품','211.220.39.38','컴퓨터','수','2023','1','4','1','10','43','16'),(267,'13B2z',4,'임해식품','211.220.39.38','컴퓨터','수','2023','1','4','1','10','43','18'),(268,'13B2z',4,'임해식품','211.220.39.38','컴퓨터','수','2023','1','4','1','10','43','19'),(269,'13B2z',4,'임해식품','211.220.39.38','컴퓨터','수','2023','1','4','1','10','43','20'),(270,'13B2z',4,'임해식품','211.220.39.38','컴퓨터','수','2023','1','4','1','10','43','22'),(271,'28a37w',1,'가메수산','211.220.39.38','컴퓨터','수','2023','1','4','1','10','43','26'),(272,'28a37w',1,'가메수산','211.220.39.38','컴퓨터','수','2023','1','4','1','10','43','27'),(273,'28a37w',1,'가메수산','211.220.39.38','컴퓨터','수','2023','1','4','1','10','43','29'),(274,'28a37w',1,'가메수산','211.220.39.38','컴퓨터','수','2023','1','4','1','10','43','30'),(275,'28a37w',1,'가메수산','211.220.39.38','컴퓨터','수','2023','1','4','1','10','43','45'),(276,'28a37w',1,'가메수산','211.220.39.38','컴퓨터','수','2023','1','4','1','10','43','46'),(277,'28a37w',1,'가메수산','211.220.39.38','컴퓨터','수','2023','1','4','1','10','44','40'),(278,'28a37w',1,'가메수산','211.220.39.38','컴퓨터','수','2023','1','4','1','10','44','41'),(279,'28a37w',1,'가메수산','211.220.39.38','컴퓨터','수','2023','1','4','1','10','44','42'),(280,'28a37w',1,'가메수산','211.220.39.38','컴퓨터','수','2023','1','4','1','10','44','43'),(281,'28a37w',1,'가메수산','211.220.39.38','컴퓨터','수','2023','1','4','1','10','44','56'),(282,'13B2z',4,'임해식품','211.220.39.38','컴퓨터','수','2023','1','4','1','10','46','9'),(283,'13B2z',4,'임해식품','211.220.39.38','컴퓨터','수','2023','1','4','1','10','47','44'),(284,'13B2z',4,'임해식품','211.220.39.38','컴퓨터','수','2023','1','4','1','10','47','48'),(285,'13B2z',4,'임해식품','211.220.39.38','컴퓨터','수','2023','1','4','1','10','48','19'),(286,'13B2z',4,'임해식품','211.220.39.38','컴퓨터','수','2023','1','4','1','10','48','23'),(287,'13B2z',4,'임해식품','211.220.39.38','컴퓨터','수','2023','1','4','1','10','48','23'),(288,'13B2z',4,'임해식품','211.220.39.38','컴퓨터','수','2023','1','4','1','10','48','24'),(289,'13B2z',4,'임해식품','211.220.39.38','컴퓨터','수','2023','1','4','1','10','48','24'),(290,'13B2z',4,'임해식품','211.220.39.38','컴퓨터','수','2023','1','4','1','10','48','25'),(291,'13B2z',4,'임해식품','211.220.39.38','컴퓨터','수','2023','1','4','1','10','48','26'),(292,'13B2z',4,'임해식품','211.220.39.38','컴퓨터','수','2023','1','4','1','10','48','26'),(293,'13B2z',4,'임해식품','211.220.39.38','컴퓨터','수','2023','1','4','1','10','48','27'),(294,'13B2z',4,'임해식품','211.220.39.38','컴퓨터','수','2023','1','4','1','10','48','29'),(295,'13B2z',4,'임해식품','211.220.39.38','컴퓨터','수','2023','1','4','1','10','48','31'),(296,'13B2z',4,'임해식품','211.220.39.38','컴퓨터','수','2023','1','4','1','10','48','31'),(297,'13B2z',4,'임해식품','211.220.39.38','컴퓨터','수','2023','1','4','1','10','48','32'),(298,'13B2z',4,'임해식품','211.220.39.38','컴퓨터','수','2023','1','4','1','10','48','33'),(299,'13B2z',4,'임해식품','211.220.39.38','컴퓨터','수','2023','1','4','1','10','48','35'),(300,'13B2z',4,'임해식품','211.220.39.38','컴퓨터','수','2023','1','4','1','10','48','37'),(301,'13B2z',4,'임해식품','211.220.39.38','컴퓨터','수','2023','1','4','1','10','48','39'),(302,'13B2z',4,'임해식품','211.220.39.38','컴퓨터','수','2023','1','4','1','10','48','41'),(303,'13B2z',4,'임해식품','211.220.39.38','컴퓨터','수','2023','1','4','1','10','48','48'),(304,'13B2z',4,'임해식품','211.220.39.38','컴퓨터','수','2023','1','4','1','10','48','51'),(305,'13B2z',4,'임해식품','211.220.39.38','컴퓨터','수','2023','1','4','1','10','48','55'),(306,'13B2z',4,'임해식품','211.220.39.38','컴퓨터','수','2023','1','4','1','10','49','6'),(307,'13B2z',4,'임해식품','211.220.39.38','컴퓨터','수','2023','1','4','1','10','49','10'),(308,'13B2z',4,'임해식품','211.220.39.38','컴퓨터','수','2023','1','4','1','10','49','12'),(309,'13B2z',4,'임해식품','211.220.39.38','컴퓨터','수','2023','1','4','1','10','49','19'),(310,'13B2z',4,'임해식품','211.220.39.38','컴퓨터','수','2023','1','4','1','10','49','20'),(311,'13B2z',4,'임해식품','211.220.39.38','컴퓨터','수','2023','1','4','1','10','49','21'),(312,'13B2z',4,'임해식품','211.220.39.38','컴퓨터','수','2023','1','4','1','10','49','22'),(313,'13B2z',4,'임해식품','211.220.39.38','컴퓨터','수','2023','1','4','1','10','49','25'),(314,'13B2z',4,'임해식품','211.220.39.38','컴퓨터','수','2023','1','4','1','10','49','27'),(315,'13B2z',4,'임해식품','211.220.39.38','컴퓨터','수','2023','1','4','1','10','49','33'),(316,'13B2z',4,'임해식품','211.220.39.38','컴퓨터','수','2023','1','4','1','10','49','42'),(317,'13B2z',4,'임해식품','211.220.39.38','컴퓨터','수','2023','1','4','1','10','52','3'),(318,'13B2z',4,'임해식품','211.220.39.38','컴퓨터','수','2023','1','4','1','10','52','9'),(319,'13B2z',4,'임해식품','211.220.39.38','컴퓨터','수','2023','1','4','1','10','52','13'),(320,'13B2z',4,'임해식품','211.220.39.38','컴퓨터','수','2023','1','4','1','10','52','14'),(321,'13B2z',4,'임해식품','211.220.39.38','컴퓨터','수','2023','1','4','1','10','52','18'),(322,'13B2z',4,'임해식품','211.220.39.38','컴퓨터','수','2023','1','4','1','12','22','56'),(323,'13B2z',4,'임해식품','211.220.39.38','컴퓨터','수','2023','1','4','1','12','30','2'),(324,'13B2z',4,'임해식품','211.220.39.38','컴퓨터','수','2023','1','4','1','12','30','17'),(325,'13B2z',4,'임해식품','211.220.39.38','컴퓨터','수','2023','1','4','1','12','30','22'),(326,'13B2z',4,'임해식품','211.220.39.38','컴퓨터','수','2023','1','4','1','12','30','25'),(327,'13B2z',4,'임해식품','211.220.39.38','컴퓨터','수','2023','1','4','1','13','24','35'),(328,'13B2z',4,'임해식품','211.220.39.38','컴퓨터','수','2023','1','4','1','13','25','1'),(329,'13B2z',4,'임해식품','211.220.39.38','컴퓨터','수','2023','1','4','1','13','25','4'),(330,'13B2z',4,'임해식품','211.220.39.38','컴퓨터','수','2023','1','4','1','13','26','35'),(331,'13B2z',4,'임해식품','211.220.39.38','컴퓨터','수','2023','1','4','1','13','29','36'),(332,'89a87C',2,'종합식육점','211.220.39.38','컴퓨터','수','2023','1','4','1','13','29','41'),(333,'89a87C',2,'종합식육점','211.220.39.38','컴퓨터','수','2023','1','4','1','13','30','5'),(334,'89a87C',2,'종합식육점','211.220.39.38','컴퓨터','수','2023','1','4','1','13','30','24'),(335,'13B2z',4,'임해식품','211.220.39.38','컴퓨터','수','2023','1','4','1','13','40','39'),(336,'89a87C',2,'종합식육점','211.220.39.38','컴퓨터','수','2023','1','4','1','13','44','49'),(337,'89a87C',2,'종합식육점','211.220.39.38','컴퓨터','수','2023','1','4','1','13','45','37'),(338,'28a37w',1,'가메수산','211.220.39.38','컴퓨터','수','2023','1','4','1','13','46','6'),(339,'28a37w',1,'가메수산','211.220.39.38','컴퓨터','수','2023','1','4','1','13','46','8'),(340,'28a37w',1,'가메수산','211.220.39.38','컴퓨터','수','2023','1','4','1','13','46','13'),(341,'89a87C',2,'종합식육점','211.220.39.38','컴퓨터','수','2023','1','4','1','13','46','20'),(342,'89a87C',2,'종합식육점','211.220.39.38','컴퓨터','수','2023','1','4','1','13','46','22'),(343,'89a87C',2,'종합식육점','211.220.39.38','컴퓨터','수','2023','1','4','1','13','46','28'),(344,'89a87C',2,'종합식육점','211.220.39.38','컴퓨터','수','2023','1','4','1','13','46','31'),(345,'89a87C',2,'종합식육점','211.220.39.38','컴퓨터','수','2023','1','4','1','13','54','42'),(346,'89a87C',2,'종합식육점','211.220.39.38','컴퓨터','수','2023','1','4','1','13','54','45'),(347,'89a87C',2,'종합식육점','211.220.39.38','컴퓨터','수','2023','1','4','1','13','54','47'),(348,'89a87C',2,'종합식육점','211.220.39.38','컴퓨터','수','2023','1','4','1','13','54','49'),(349,'28a37w',1,'가메수산','211.220.39.38','컴퓨터','수','2023','1','4','1','13','54','56'),(350,'28a37w',1,'가메수산','211.220.39.38','컴퓨터','수','2023','1','4','1','13','55','5'),(351,'28a37w',1,'가메수산','211.220.39.38','컴퓨터','수','2023','1','4','1','13','55','7'),(352,'28a37w',1,'가메수산','211.220.39.38','컴퓨터','수','2023','1','4','1','13','55','10'),(353,'28a37w',1,'가메수산','211.220.39.38','컴퓨터','수','2023','1','4','1','13','55','12'),(354,'28a37w',1,'가메수산','211.220.39.38','컴퓨터','수','2023','1','4','1','13','55','18'),(355,'28a37w',1,'가메수산','211.220.39.38','컴퓨터','수','2023','1','4','1','13','55','23'),(356,'28a37w',1,'가메수산','211.220.39.38','컴퓨터','수','2023','1','4','1','13','55','26'),(357,'13B2z',4,'임해식품','211.220.39.38','컴퓨터','수','2023','1','4','1','13','55','54'),(358,'13B2z',4,'임해식품','211.220.39.38','컴퓨터','수','2023','1','4','1','13','56','46'),(359,'13B2z',4,'임해식품','211.220.39.38','컴퓨터','수','2023','1','4','1','13','56','50'),(360,'13B2z',4,'임해식품','211.220.39.38','컴퓨터','수','2023','1','4','1','13','57','26'),(361,'13B2z',4,'임해식품','211.220.39.38','컴퓨터','수','2023','1','4','1','16','3','39'),(362,'89a87C',2,'종합식육점','211.220.39.38','컴퓨터','수','2023','1','4','1','16','3','45'),(363,'13B2z',4,'임해식품','211.220.39.38','컴퓨터','수','2023','1','4','1','16','3','47'),(364,'28a37w',1,'가메수산','175.214.137.246','모바일','수','2023','1','4','1','16','13','56'),(365,'13B2z',4,'임해식품','211.220.39.38','컴퓨터','수','2023','1','4','1','16','14','58'),(366,'28a37w',1,'가메수산','211.220.39.38','컴퓨터','수','2023','1','4','1','16','15','9'),(367,'89a87C',2,'종합식육점','211.220.39.38','컴퓨터','수','2023','1','4','1','16','15','10'),(368,'13B2z',4,'임해식품','211.220.39.38','컴퓨터','수','2023','1','4','1','16','21','21'),(369,'13B2z',4,'임해식품','211.220.39.38','컴퓨터','수','2023','1','4','1','17','2','8'),(370,'28a37w',1,'가메수산','175.214.137.246','모바일','수','2023','1','4','1','17','5','18'),(371,'28a37w',1,'가메수산','175.214.137.246','모바일','수','2023','1','4','1','17','7','16'),(372,'13B2z',4,'임해식품','211.220.39.38','컴퓨터','수','2023','1','4','1','17','56','14'),(373,'13B2z',4,'임해식품','118.235.43.54','모바일','목','2023','1','5','1','9','27','32'),(374,'13B2z',4,'임해식품','118.235.43.54','모바일','목','2023','1','5','1','9','28','14'),(375,'13B2z',4,'임해식품','211.220.39.38','컴퓨터','목','2023','1','5','1','9','31','55'),(376,'13B2z',4,'임해식품','211.220.39.38','컴퓨터','목','2023','1','5','1','9','32','49'),(377,'13B2z',4,'임해식품','211.220.39.38','컴퓨터','목','2023','1','5','1','9','34','35'),(378,'13B2z',4,'임해식품','211.220.39.38','컴퓨터','목','2023','1','5','1','9','43','58'),(379,'13B2z',4,'임해식품','211.220.39.38','컴퓨터','목','2023','1','5','1','9','50','13'),(380,'13B2z',4,'임해식품','211.220.39.38','컴퓨터','목','2023','1','5','1','9','52','15'),(381,'13B2z',4,'임해식품','211.220.39.38','컴퓨터','목','2023','1','5','1','9','52','53'),(382,'13B2z',4,'임해식품','211.220.39.38','컴퓨터','목','2023','1','5','1','9','53','16'),(383,'13B2z',4,'임해식품','211.220.39.38','컴퓨터','목','2023','1','5','1','9','58','22'),(384,'13B2z',4,'임해식품','211.220.39.38','컴퓨터','목','2023','1','5','1','9','58','43'),(385,'13B2z',4,'임해식품','211.220.39.38','컴퓨터','목','2023','1','5','1','10','1','13'),(386,'13B2z',4,'임해식품','211.220.39.38','컴퓨터','목','2023','1','5','1','10','3','9'),(387,'13B2z',4,'임해식품','211.220.39.38','컴퓨터','목','2023','1','5','1','10','10','21'),(388,'13B2z',4,'임해식품','211.220.39.38','컴퓨터','목','2023','1','5','1','10','11','35'),(389,'13B2z',4,'임해식품','211.220.39.38','컴퓨터','목','2023','1','5','1','10','18','18'),(390,'13B2z',4,'임해식품','211.220.39.38','컴퓨터','목','2023','1','5','1','10','28','57'),(391,'13B2z',4,'임해식품','211.220.39.38','컴퓨터','목','2023','1','5','1','10','30','57'),(392,'13B2z',4,'임해식품','211.220.39.38','컴퓨터','목','2023','1','5','1','10','36','32'),(393,'13B2z',4,'임해식품','211.220.39.38','컴퓨터','목','2023','1','5','1','10','37','34'),(394,'13B2z',4,'임해식품','211.220.39.38','컴퓨터','목','2023','1','5','1','10','39','47'),(395,'13B2z',4,'임해식품','211.220.39.38','컴퓨터','목','2023','1','5','1','10','39','48'),(396,'13B2z',4,'임해식품','211.220.39.38','컴퓨터','목','2023','1','5','1','10','39','49'),(397,'13B2z',4,'임해식품','211.220.39.38','컴퓨터','목','2023','1','5','1','10','39','50'),(398,'13B2z',4,'임해식품','211.220.39.38','컴퓨터','목','2023','1','5','1','10','39','50'),(399,'13B2z',4,'임해식품','211.220.39.38','컴퓨터','목','2023','1','5','1','10','39','52'),(400,'13B2z',4,'임해식품','118.235.43.54','모바일','목','2023','1','5','1','10','40','7'),(401,'13B2z',4,'임해식품','118.235.43.54','모바일','목','2023','1','5','1','10','41','0'),(402,'13B2z',4,'임해식품','211.220.39.38','컴퓨터','목','2023','1','5','1','11','14','9'),(403,'13B2z',4,'임해식품','211.220.39.38','컴퓨터','목','2023','1','5','1','11','26','58'),(404,'13B2z',4,'임해식품','211.220.39.38','컴퓨터','목','2023','1','5','1','11','27','25'),(405,'13B2z',4,'임해식품','211.220.39.38','컴퓨터','목','2023','1','5','1','11','44','32'),(406,'13B2z',4,'임해식품','211.220.39.38','컴퓨터','목','2023','1','5','1','11','49','9'),(407,'13B2z',4,'임해식품','211.220.39.38','컴퓨터','목','2023','1','5','1','11','55','35'),(408,'13B2z',4,'임해식품','211.220.39.38','컴퓨터','목','2023','1','5','1','12','0','22'),(409,'13B2z',4,'임해식품','211.220.39.38','컴퓨터','목','2023','1','5','1','12','23','57'),(410,'13B2z',4,'임해식품','211.220.39.38','컴퓨터','목','2023','1','5','1','13','32','7'),(411,'13B2z',4,'임해식품','211.220.39.38','컴퓨터','목','2023','1','5','1','13','35','21'),(412,'13B2z',4,'임해식품','211.220.39.38','컴퓨터','목','2023','1','5','1','13','35','41'),(413,'13B2z',4,'임해식품','211.220.39.38','컴퓨터','목','2023','1','5','1','13','35','56'),(414,'13B2z',4,'임해식품','211.220.39.38','컴퓨터','목','2023','1','5','1','14','29','50'),(415,'89a87C',2,'종합식육점','211.220.39.38','컴퓨터','목','2023','1','5','1','14','29','52'),(416,'13B2z',4,'임해식품','211.220.39.38','컴퓨터','목','2023','1','5','1','15','30','53'),(417,'13B2z',4,'임해식품','211.220.39.38','컴퓨터','목','2023','1','5','1','17','40','51'),(418,'89a87C',2,'종합식육점','211.220.39.38','컴퓨터','목','2023','1','5','1','17','49','8'),(419,'28a37w',1,'가메수산','211.220.39.38','컴퓨터','목','2023','1','5','1','17','49','22'),(420,'13B2z',4,'임해식품','211.220.39.38','컴퓨터','목','2023','1','5','1','17','59','24'),(421,'13B2z',4,'임해식품','211.220.39.38','컴퓨터','금','2023','1','6','1','11','24','53'),(422,'89a87C',2,'종합식육점','211.220.39.38','컴퓨터','금','2023','1','6','1','11','25','10'),(423,'89a87C',2,'종합식육점','211.220.39.38','컴퓨터','금','2023','1','6','1','11','25','40'),(424,'89a87C',2,'종합식육점','211.220.39.38','컴퓨터','금','2023','1','6','1','11','25','49'),(425,'13B2z',4,'임해식품','211.220.39.38','컴퓨터','금','2023','1','6','1','17','31','47'),(426,'13B2z',4,'임해식품','211.220.39.38','컴퓨터','금','2023','1','6','1','17','32','16'),(427,'89a87C',2,'종합식육점','211.220.39.38','컴퓨터','금','2023','1','6','1','17','33','7'),(428,'13B2z',4,'임해식품','211.220.39.38','컴퓨터','금','2023','1','6','1','17','54','39'),(429,'89a87C',2,'종합식육점','211.220.39.38','컴퓨터','월','2023','1','9','2','9','32','42'),(430,'89a87C',2,'종합식육점','211.220.39.38','컴퓨터','월','2023','1','9','2','11','33','43'),(431,'89a87C',2,'종합식육점','211.220.39.38','컴퓨터','월','2023','1','9','2','15','27','6'),(432,'89a87C',2,'종합식육점','211.220.39.38','컴퓨터','월','2023','1','9','2','15','27','28'),(436,'13B2z',4,'임해식품','211.220.39.38','컴퓨터','월','2023','1','9','2','16','9','41'),(437,'89a87C',2,'종합식육점','211.220.39.38','컴퓨터','월','2023','1','9','2','16','10','18'),(438,'28a37w',1,'가메수산','211.220.39.38','컴퓨터','월','2023','1','9','2','16','10','37'),(439,'89a87C',2,'종합식육점','211.220.39.38','컴퓨터','월','2023','1','9','2','16','10','51'),(440,'28a37w',1,'가메수산','211.220.39.38','컴퓨터','월','2023','1','9','2','16','11','1'),(441,'89a87C',2,'종합식육점','211.220.39.38','컴퓨터','월','2023','1','9','2','17','0','29'),(442,'13B2z',4,'임해식품','211.220.39.38','컴퓨터','월','2023','1','9','2','17','3','13'),(443,'89a87C',2,'종합식육점','211.220.39.38','컴퓨터','월','2023','1','9','2','17','3','37'),(444,'13B2z',4,'임해식품','211.220.39.38','컴퓨터','월','2023','1','9','2','17','4','31'),(445,'89a87C',2,'종합식육점','211.220.39.38','컴퓨터','월','2023','1','9','2','17','5','45'),(446,'13B2z',4,'임해식품','211.220.39.38','컴퓨터','월','2023','1','9','2','17','14','37'),(447,'13B2z',4,'임해식품','211.220.39.38','컴퓨터','화','2023','1','10','2','9','15','43'),(448,'13B2z',4,'임해식품','211.220.39.38','컴퓨터','화','2023','1','10','2','10','7','52'),(449,'89a87C',2,'종합식육점','211.220.39.38','컴퓨터','화','2023','1','10','2','10','56','21'),(450,'89a87C',2,'종합식육점','211.220.39.38','컴퓨터','화','2023','1','10','2','11','31','25'),(451,'28a37w',1,'가메수산','211.220.39.38','컴퓨터','화','2023','1','10','2','11','31','29'),(452,'13B2z',4,'임해식품','211.220.39.38','컴퓨터','화','2023','1','10','2','11','51','43'),(453,'13B2z',4,'임해식품','211.220.39.38','컴퓨터','화','2023','1','10','2','11','51','56'),(454,'13B2z',4,'임해식품','211.220.39.38','컴퓨터','화','2023','1','10','2','11','53','55'),(455,'13B2z',4,'임해식품','211.220.39.38','컴퓨터','화','2023','1','10','2','11','54','11'),(456,'13B2z',4,'임해식품','211.220.39.38','컴퓨터','화','2023','1','10','2','11','54','18'),(457,'13B2z',4,'임해식품','211.220.39.38','컴퓨터','화','2023','1','10','2','11','56','0'),(458,'56i52e',8,'부자과일','211.220.39.38','컴퓨터','화','2023','1','10','2','11','59','59'),(459,'56i52e',8,'부자과일','211.220.39.38','컴퓨터','화','2023','1','10','2','12','0','39'),(460,'56i52e',8,'부자과일','211.220.39.38','컴퓨터','화','2023','1','10','2','12','0','52'),(461,'56i52e',8,'부자과일','211.220.39.38','컴퓨터','화','2023','1','10','2','12','1','14'),(462,'56i52e',8,'부자과일','211.220.39.38','컴퓨터','화','2023','1','10','2','12','1','47'),(463,'56i52e',8,'부자과일','211.220.39.38','컴퓨터','화','2023','1','10','2','12','3','26'),(464,'56i52e',8,'부자과일','211.220.39.38','컴퓨터','화','2023','1','10','2','12','4','18'),(465,'56i52e',8,'부자과일','211.220.39.38','컴퓨터','화','2023','1','10','2','12','4','26'),(466,'56i52e',8,'부자과일','211.220.39.38','컴퓨터','화','2023','1','10','2','12','8','32'),(467,'56i52e',8,'부자과일','211.220.39.38','컴퓨터','화','2023','1','10','2','12','8','58'),(468,'56i52e',8,'부자과일','211.220.39.38','컴퓨터','화','2023','1','10','2','12','14','32'),(469,'56i52e',8,'부자과일','211.220.39.38','컴퓨터','화','2023','1','10','2','12','15','9'),(470,'56i52e',8,'부자과일','211.220.39.38','컴퓨터','화','2023','1','10','2','12','15','30'),(471,'56i52e',8,'부자과일','211.220.39.38','컴퓨터','화','2023','1','10','2','12','15','58'),(472,'56i52e',8,'부자과일','211.220.39.38','컴퓨터','화','2023','1','10','2','12','16','11'),(473,'56i52e',8,'부자과일','211.220.39.38','컴퓨터','화','2023','1','10','2','12','17','43'),(474,'56i52e',8,'부자과일','211.220.39.38','컴퓨터','화','2023','1','10','2','12','27','9'),(475,'56i52e',8,'부자과일','211.220.39.38','컴퓨터','화','2023','1','10','2','13','31','30'),(476,'13B2z',4,'임해식품','211.220.39.38','컴퓨터','화','2023','1','10','2','14','1','29'),(477,'56i52e',8,'부자과일','211.220.39.38','컴퓨터','화','2023','1','10','2','14','1','31'),(478,'56i52e',8,'부자과일','211.220.39.38','컴퓨터','화','2023','1','10','2','14','27','4'),(479,'56i52e',8,'부자과일','211.220.39.38','컴퓨터','화','2023','1','10','2','14','27','20'),(480,'56i52e',8,'부자과일','211.220.39.38','컴퓨터','화','2023','1','10','2','14','27','27'),(481,'56i52e',8,'부자과일','211.220.39.38','컴퓨터','화','2023','1','10','2','14','47','31'),(482,'56i52e',8,'부자과일','211.220.39.38','컴퓨터','화','2023','1','10','2','14','59','26'),(483,'56i52e',8,'부자과일','211.220.39.38','컴퓨터','화','2023','1','10','2','15','0','4'),(484,'56i52e',8,'부자과일','211.220.39.38','컴퓨터','화','2023','1','10','2','15','6','35'),(485,'56i52e',8,'부자과일','211.220.39.38','컴퓨터','화','2023','1','10','2','15','25','21'),(486,'56i52e',8,'부자과일','211.220.39.38','컴퓨터','화','2023','1','10','2','15','48','34'),(487,'56i52e',8,'부자과일','211.220.39.38','컴퓨터','화','2023','1','10','2','15','48','39'),(488,'56i52e',8,'부자과일','211.220.39.38','컴퓨터','화','2023','1','10','2','16','9','16'),(489,'56i52e',8,'부자과일','211.220.39.38','컴퓨터','화','2023','1','10','2','16','9','56'),(490,'56i52e',8,'부자과일','211.220.39.38','컴퓨터','화','2023','1','10','2','16','11','20'),(491,'89a87C',2,'종합식육점','211.220.39.38','컴퓨터','화','2023','1','10','2','17','40','55'),(492,'89a87C',2,'종합식육점','211.220.39.38','컴퓨터','화','2023','1','10','2','17','41','50'),(493,'89a87C',2,'종합식육점','211.220.39.38','컴퓨터','화','2023','1','10','2','17','41','51'),(494,'56i52e',8,'부자과일','211.220.39.38','컴퓨터','수','2023','1','11','2','11','3','26'),(495,'56i52e',8,'부자과일','211.220.39.38','컴퓨터','수','2023','1','11','2','11','4','0'),(496,'56i52e',8,'부자과일','211.220.39.38','컴퓨터','수','2023','1','11','2','11','12','28'),(497,'56i52e',8,'부자과일','211.220.39.38','컴퓨터','수','2023','1','11','2','11','14','42'),(498,'56i52e',8,'부자과일','211.220.39.38','컴퓨터','수','2023','1','11','2','11','25','30'),(499,'56i52e',8,'부자과일','211.220.39.38','컴퓨터','수','2023','1','11','2','15','9','7'),(500,'56i52e',8,'부자과일','211.220.39.38','컴퓨터','수','2023','1','11','2','15','13','13'),(501,'13B2z',4,'임해식품','211.220.39.38','컴퓨터','수','2023','1','11','2','17','57','51'),(502,'56i52e',8,'부자과일','211.220.39.38','컴퓨터','목','2023','1','12','2','10','21','49'),(503,'56i52e',8,'부자과일','211.220.39.38','컴퓨터','목','2023','1','12','2','10','22','13'),(504,'56i52e',8,'부자과일','211.220.39.38','컴퓨터','목','2023','1','12','2','11','25','50'),(505,'56i52e',8,'부자과일','211.220.39.38','컴퓨터','목','2023','1','12','2','11','33','52'),(506,'56i52e',8,'부자과일','211.220.39.38','컴퓨터','목','2023','1','12','2','11','39','46'),(507,'56i52e',8,'부자과일','211.220.39.38','컴퓨터','목','2023','1','12','2','12','26','13'),(508,'56i52e',8,'부자과일','211.220.39.38','컴퓨터','목','2023','1','12','2','12','34','57'),(509,'56i52e',8,'부자과일','211.220.39.38','컴퓨터','목','2023','1','12','2','13','33','1'),(510,'56i52e',8,'부자과일','211.220.39.38','컴퓨터','목','2023','1','12','2','13','35','21'),(511,'56i52e',8,'부자과일','192.168.0.1','컴퓨터','목','2023','1','12','2','14','48','2'),(512,'56i52e',8,'부자과일','192.168.0.1','컴퓨터','목','2023','1','12','2','14','48','6'),(513,'56i52e',8,'부자과일','192.168.0.1','컴퓨터','목','2023','1','12','2','14','52','32'),(514,'56i52e',8,'부자과일','192.168.0.1','컴퓨터','목','2023','1','12','2','14','53','47'),(515,'56i52e',8,'부자과일','192.168.0.1','컴퓨터','목','2023','1','12','2','14','53','50'),(516,'56i52e',8,'부자과일','192.168.0.1','컴퓨터','목','2023','1','12','2','14','58','44'),(517,'56i52e',8,'부자과일','192.168.0.1','컴퓨터','목','2023','1','12','2','14','58','47'),(518,'56i52e',8,'부자과일','192.168.0.1','컴퓨터','목','2023','1','12','2','15','0','54'),(519,'28a37w',1,'가메수산','192.168.0.1','컴퓨터','목','2023','1','12','2','15','58','57'),(520,'28a37w',1,'가메수산','192.168.0.1','컴퓨터','목','2023','1','12','2','16','0','58'),(521,'28a37w',1,'가메수산','192.168.0.1','컴퓨터','목','2023','1','12','2','16','2','54'),(522,'13B2z',4,'임해식품','192.168.0.1','컴퓨터','목','2023','1','12','2','16','3','25'),(523,'13B2z',4,'임해식품','192.168.0.1','컴퓨터','목','2023','1','12','2','16','3','29'),(524,'89a87C',2,'종합식육점','192.168.0.1','컴퓨터','목','2023','1','12','2','16','5','21'),(525,'28a37w',1,'가메수산','192.168.0.1','컴퓨터','목','2023','1','12','2','16','5','23'),(526,'28a37w',1,'가메수산','192.168.0.1','컴퓨터','목','2023','1','12','2','16','7','25'),(527,'28a37w',1,'가메수산','192.168.0.1','컴퓨터','목','2023','1','12','2','16','7','30'),(528,'28a37w',1,'가메수산','192.168.0.1','컴퓨터','목','2023','1','12','2','16','8','7'),(529,'28a37w',1,'가메수산','192.168.0.1','컴퓨터','목','2023','1','12','2','16','8','24'),(530,'28a37w',1,'가메수산','192.168.0.1','컴퓨터','목','2023','1','12','2','16','8','27'),(531,'28a37w',1,'가메수산','192.168.0.1','컴퓨터','목','2023','1','12','2','16','8','30'),(532,'28a37w',1,'가메수산','192.168.0.1','컴퓨터','목','2023','1','12','2','16','9','0'),(533,'28a37w',1,'가메수산','192.168.0.1','컴퓨터','목','2023','1','12','2','16','9','2'),(534,'89a87C',2,'종합식육점','192.168.0.1','컴퓨터','목','2023','1','12','2','16','19','47'),(535,'89a87C',2,'종합식육점','192.168.0.1','컴퓨터','목','2023','1','12','2','16','21','13'),(536,'56i52e',8,'부자과일','192.168.0.1','컴퓨터','목','2023','1','12','2','16','22','56'),(537,'56i52e',8,'부자과일','192.168.0.1','컴퓨터','목','2023','1','12','2','16','32','19'),(538,'56i52e',8,'부자과일','192.168.0.1','컴퓨터','목','2023','1','12','2','16','32','26'),(539,'89a87C',2,'종합식육점','192.168.0.1','컴퓨터','목','2023','1','12','2','17','17','41'),(540,'56i52e',8,'부자과일','192.168.0.1','컴퓨터','목','2023','1','12','2','17','52','2'),(541,'89a87C',2,'종합식육점','192.168.0.1','컴퓨터','금','2023','1','13','2','11','14','36'),(542,'13B2z',4,'임해식품','192.168.0.1','컴퓨터','금','2023','1','13','2','11','45','50'),(543,'89a87C',2,'종합식육점','192.168.0.1','컴퓨터','금','2023','1','13','2','13','4','14'),(544,'13B2z',4,'임해식품','192.168.0.1','컴퓨터','금','2023','1','13','2','13','4','27'),(545,'13B2z',4,'임해식품','192.168.0.1','컴퓨터','금','2023','1','13','2','15','6','19'),(546,'13B2z',4,'임해식품','192.168.0.1','컴퓨터','금','2023','1','13','2','15','18','28'),(547,'56i52e',8,'부자과일','192.168.0.1','컴퓨터','금','2023','1','13','2','15','19','29'),(548,'13B2z',4,'임해식품','192.168.0.1','컴퓨터','금','2023','1','13','2','15','19','38'),(549,'56i52e',8,'부자과일','192.168.0.1','컴퓨터','금','2023','1','13','2','15','19','48'),(550,'13B2z',4,'임해식품','192.168.0.1','컴퓨터','금','2023','1','13','2','15','19','50'),(551,'56i52e',8,'부자과일','192.168.0.1','컴퓨터','금','2023','1','13','2','15','19','53'),(552,'56i52e',8,'부자과일','192.168.0.1','컴퓨터','금','2023','1','13','2','15','20','21'),(553,'56i52e',8,'부자과일','192.168.0.1','컴퓨터','금','2023','1','13','2','15','23','12'),(554,'28a37w',1,'가메수산','192.168.0.1','컴퓨터','금','2023','1','13','2','15','23','35'),(555,'28a37w',1,'가메수산','192.168.0.1','컴퓨터','금','2023','1','13','2','15','28','47'),(556,'28a37w',1,'가메수산','192.168.0.1','컴퓨터','금','2023','1','13','2','15','29','24'),(557,'13B2z',4,'임해식품','192.168.0.1','컴퓨터','금','2023','1','13','2','15','42','7'),(558,'13B2z',4,'임해식품','192.168.0.1','컴퓨터','금','2023','1','13','2','15','59','15'),(559,'13B2z',4,'임해식품','192.168.0.1','컴퓨터','금','2023','1','13','2','16','33','0'),(560,'28a37w',1,'가메수산','192.168.0.1','컴퓨터','금','2023','1','13','2','16','33','36'),(561,'13B2z',4,'임해식품','192.168.0.1','컴퓨터','월','2023','1','16','3','10','52','6'),(562,'13B2z',4,'임해식품','192.168.0.1','컴퓨터','월','2023','1','16','3','11','6','45'),(563,'13B2z',4,'임해식품','192.168.0.1','컴퓨터','월','2023','1','16','3','11','12','38'),(564,'56i52e',8,'부자과일','192.168.0.1','컴퓨터','월','2023','1','16','3','14','13','1'),(565,'56i52e',8,'부자과일','192.168.0.1','컴퓨터','월','2023','1','16','3','14','16','26'),(566,'56i52e',8,'부자과일','192.168.0.1','컴퓨터','월','2023','1','16','3','14','36','43'),(567,'56i52e',8,'부자과일','192.168.0.1','컴퓨터','월','2023','1','16','3','14','48','36'),(568,'56i52e',8,'부자과일','192.168.0.1','컴퓨터','월','2023','1','16','3','14','50','5'),(569,'13B2z',4,'임해식품','192.168.0.1','컴퓨터','월','2023','1','16','3','16','2','36'),(570,'28a37w',1,'가메수산','118.235.42.109','모바일','월','2023','1','16','3','16','3','17'),(571,'28a37w',1,'가메수산','118.235.42.109','모바일','월','2023','1','16','3','16','3','47'),(572,'28a37w',1,'가메수산','118.235.42.109','모바일','월','2023','1','16','3','16','4','36'),(573,'28a37w',1,'가메수산','118.235.42.109','모바일','월','2023','1','16','3','16','5','12'),(574,'56i52e',8,'부자과일','192.168.0.1','컴퓨터','화','2023','1','17','3','17','10','46'),(575,'13B2z',4,'임해식품','192.168.0.1','컴퓨터','화','2023','1','17','3','17','12','20'),(576,'56i52e',8,'부자과일','192.168.0.1','컴퓨터','화','2023','1','17','3','17','12','40'),(577,'56i52e',8,'부자과일','192.168.0.1','컴퓨터','화','2023','1','17','3','17','12','47'),(578,'56i52e',8,'부자과일','192.168.0.1','컴퓨터','화','2023','1','17','3','17','13','13'),(579,'56i52e',8,'부자과일','192.168.0.1','컴퓨터','화','2023','1','17','3','17','13','14'),(580,'56i52e',8,'부자과일','192.168.0.1','컴퓨터','화','2023','1','17','3','17','13','14'),(581,'56i52e',8,'부자과일','192.168.0.1','컴퓨터','화','2023','1','17','3','17','13','32'),(582,'56i52e',8,'부자과일','192.168.0.1','컴퓨터','화','2023','1','17','3','17','13','54'),(583,'56i52e',8,'부자과일','192.168.0.1','컴퓨터','화','2023','1','17','3','17','16','56'),(584,'56i52e',8,'부자과일','192.168.0.1','컴퓨터','화','2023','1','17','3','17','17','22'),(585,'56i52e',8,'부자과일','192.168.0.1','컴퓨터','화','2023','1','17','3','17','20','0'),(586,'56i52e',8,'부자과일','192.168.0.1','컴퓨터','화','2023','1','17','3','17','20','5'),(587,'56i52e',8,'부자과일','192.168.0.1','컴퓨터','화','2023','1','17','3','17','34','44'),(588,'56i52e',8,'부자과일','192.168.0.1','컴퓨터','화','2023','1','17','3','17','36','44'),(589,'56i52e',8,'부자과일','192.168.0.1','컴퓨터','화','2023','1','17','3','17','36','46'),(590,'56i52e',8,'부자과일','192.168.0.1','컴퓨터','화','2023','1','17','3','17','37','24'),(591,'56i52e',8,'부자과일','192.168.0.1','컴퓨터','화','2023','1','17','3','17','37','27'),(592,'89a87C',2,'종합식육점','192.168.0.1','컴퓨터','수','2023','1','18','3','9','39','39'),(593,'89a87C',2,'종합식육점','192.168.0.1','컴퓨터','수','2023','1','18','3','9','39','45'),(594,'89a87C',2,'종합식육점','192.168.0.1','컴퓨터','수','2023','1','18','3','11','0','21'),(595,'13B2z',4,'임해식품','192.168.0.1','컴퓨터','수','2023','1','18','3','11','48','26'),(596,'13B2z',4,'임해식품','192.168.0.1','컴퓨터','수','2023','1','18','3','12','4','2'),(597,'56i52e',8,'부자과일','192.168.0.1','컴퓨터','수','2023','1','18','3','12','4','16'),(598,'56i52e',8,'부자과일','192.168.0.1','컴퓨터','수','2023','1','18','3','13','39','45'),(599,'56i52e',8,'부자과일','192.168.0.1','컴퓨터','수','2023','1','18','3','13','48','49'),(600,'56i52e',8,'부자과일','192.168.0.1','컴퓨터','수','2023','1','18','3','13','49','3'),(601,'89a87C',2,'종합식육점','192.168.0.1','컴퓨터','수','2023','1','18','3','15','15','27'),(602,'13B2z',4,'임해식품','192.168.0.1','컴퓨터','수','2023','1','18','3','15','16','45'),(603,'13B2z',4,'임해식품','192.168.0.1','컴퓨터','수','2023','1','18','3','15','16','54'),(604,'13B2z',4,'임해식품','192.168.0.1','컴퓨터','수','2023','1','18','3','15','17','19'),(605,'13B2z',4,'임해식품','192.168.0.1','컴퓨터','수','2023','1','18','3','17','39','23'),(606,'56i52e',8,'부자과일','192.168.0.1','컴퓨터','수','2023','1','18','3','17','51','14'),(607,'28a37w',1,'가메수산','192.168.0.1','컴퓨터','수','2023','1','18','3','17','57','14'),(608,'28a37w',1,'가메수산','192.168.0.1','컴퓨터','수','2023','1','18','3','17','57','21'),(609,'56i52e',8,'부자과일','192.168.0.1','컴퓨터','목','2023','1','19','3','15','15','7'),(610,'56i52e',8,'부자과일','192.168.0.1','컴퓨터','목','2023','1','19','3','17','31','14'),(611,'89a87C',2,'종합식육점','192.168.0.1','컴퓨터','목','2023','1','19','3','17','34','2'),(612,'56i52e',8,'부자과일','192.168.0.1','컴퓨터','수','2023','1','25','4','10','28','0'),(613,'56i52e',8,'부자과일','192.168.0.1','컴퓨터','수','2023','1','25','4','10','29','20'),(614,'56i52e',8,'부자과일','192.168.0.1','컴퓨터','수','2023','1','25','4','10','34','28'),(615,'56i52e',8,'부자과일','192.168.0.1','컴퓨터','수','2023','1','25','4','11','58','16'),(616,'56i52e',8,'부자과일','192.168.0.1','컴퓨터','수','2023','1','25','4','14','7','29'),(617,'56i52e',8,'부자과일','175.214.137.246','모바일','수','2023','1','25','4','14','10','43'),(618,'56i52e',8,'부자과일','192.168.0.1','컴퓨터','수','2023','1','25','4','14','11','4'),(619,'56i52e',8,'부자과일','192.168.0.1','컴퓨터','수','2023','1','25','4','14','30','12'),(620,'56i52e',8,'부자과일','192.168.0.1','컴퓨터','수','2023','1','25','4','14','30','41'),(621,'56i52e',8,'부자과일','192.168.0.1','컴퓨터','수','2023','1','25','4','14','31','28'),(622,'56i52e',8,'부자과일','192.168.0.1','컴퓨터','수','2023','1','25','4','14','31','40'),(623,'56i52e',8,'부자과일','192.168.0.1','컴퓨터','수','2023','1','25','4','14','36','58'),(624,'56i52e',8,'부자과일','192.168.0.1','컴퓨터','수','2023','1','25','4','14','37','50'),(625,'56i52e',8,'부자과일','192.168.0.1','컴퓨터','수','2023','1','25','4','14','38','33'),(626,'56i52e',8,'부자과일','192.168.0.1','컴퓨터','수','2023','1','25','4','14','39','2'),(627,'56i52e',8,'부자과일','192.168.0.1','컴퓨터','수','2023','1','25','4','14','39','6'),(628,'56i52e',8,'부자과일','192.168.0.1','컴퓨터','수','2023','1','25','4','14','39','9'),(629,'56i52e',8,'부자과일','192.168.0.1','컴퓨터','수','2023','1','25','4','14','39','11'),(630,'56i52e',8,'부자과일','192.168.0.1','컴퓨터','수','2023','1','25','4','14','39','19'),(631,'56i52e',8,'부자과일','192.168.0.1','컴퓨터','수','2023','1','25','4','14','39','25'),(632,'56i52e',8,'부자과일','192.168.0.1','컴퓨터','수','2023','1','25','4','14','39','31'),(633,'56i52e',8,'부자과일','192.168.0.1','컴퓨터','수','2023','1','25','4','14','39','33'),(634,'56i52e',8,'부자과일','192.168.0.1','컴퓨터','수','2023','1','25','4','14','39','36'),(635,'56i52e',8,'부자과일','192.168.0.1','컴퓨터','수','2023','1','25','4','14','39','42'),(636,'56i52e',8,'부자과일','192.168.0.1','컴퓨터','수','2023','1','25','4','14','39','52'),(637,'56i52e',8,'부자과일','192.168.0.1','컴퓨터','수','2023','1','25','4','14','39','55'),(638,'56i52e',8,'부자과일','192.168.0.1','컴퓨터','수','2023','1','25','4','14','40','6'),(639,'56i52e',8,'부자과일','192.168.0.1','컴퓨터','수','2023','1','25','4','14','41','38'),(640,'56i52e',8,'부자과일','192.168.0.1','컴퓨터','수','2023','1','25','4','14','42','12'),(641,'56i52e',8,'부자과일','192.168.0.1','컴퓨터','수','2023','1','25','4','14','42','15'),(642,'56i52e',8,'부자과일','192.168.0.1','컴퓨터','수','2023','1','25','4','14','42','23'),(643,'56i52e',8,'부자과일','192.168.0.1','컴퓨터','수','2023','1','25','4','14','42','30'),(644,'56i52e',8,'부자과일','192.168.0.1','컴퓨터','수','2023','1','25','4','14','50','26'),(645,'56i52e',8,'부자과일','192.168.0.1','컴퓨터','수','2023','1','25','4','14','51','1'),(646,'56i52e',8,'부자과일','192.168.0.1','컴퓨터','수','2023','1','25','4','14','51','8'),(647,'56i52e',8,'부자과일','192.168.0.1','컴퓨터','수','2023','1','25','4','14','51','11'),(648,'56i52e',8,'부자과일','192.168.0.1','컴퓨터','수','2023','1','25','4','14','51','16'),(649,'56i52e',8,'부자과일','192.168.0.1','컴퓨터','수','2023','1','25','4','14','52','7'),(650,'56i52e',8,'부자과일','192.168.0.1','컴퓨터','수','2023','1','25','4','14','52','13'),(651,'56i52e',8,'부자과일','192.168.0.1','컴퓨터','수','2023','1','25','4','14','52','42'),(652,'56i52e',8,'부자과일','192.168.0.1','컴퓨터','수','2023','1','25','4','14','52','52'),(653,'56i52e',8,'부자과일','192.168.0.1','컴퓨터','수','2023','1','25','4','14','53','8'),(654,'56i52e',8,'부자과일','192.168.0.1','컴퓨터','수','2023','1','25','4','14','53','25'),(655,'56i52e',8,'부자과일','192.168.0.1','컴퓨터','수','2023','1','25','4','14','53','34'),(656,'56i52e',8,'부자과일','192.168.0.1','컴퓨터','수','2023','1','25','4','14','53','42'),(657,'56i52e',8,'부자과일','192.168.0.1','컴퓨터','수','2023','1','25','4','14','53','49'),(658,'56i52e',8,'부자과일','192.168.0.1','컴퓨터','수','2023','1','25','4','14','53','57'),(659,'56i52e',8,'부자과일','192.168.0.1','컴퓨터','수','2023','1','25','4','14','54','2'),(660,'56i52e',8,'부자과일','192.168.0.1','컴퓨터','수','2023','1','25','4','14','54','7'),(661,'56i52e',8,'부자과일','192.168.0.1','컴퓨터','수','2023','1','25','4','14','54','12'),(662,'56i52e',8,'부자과일','192.168.0.1','컴퓨터','수','2023','1','25','4','14','54','19'),(663,'56i52e',8,'부자과일','192.168.0.1','컴퓨터','수','2023','1','25','4','14','54','23'),(664,'56i52e',8,'부자과일','192.168.0.1','컴퓨터','수','2023','1','25','4','14','54','29'),(665,'56i52e',8,'부자과일','192.168.0.1','컴퓨터','수','2023','1','25','4','14','54','31'),(666,'56i52e',8,'부자과일','192.168.0.1','컴퓨터','수','2023','1','25','4','14','54','42'),(667,'56i52e',8,'부자과일','192.168.0.1','컴퓨터','수','2023','1','25','4','14','54','47'),(668,'56i52e',8,'부자과일','192.168.0.1','컴퓨터','수','2023','1','25','4','14','54','54'),(669,'56i52e',8,'부자과일','192.168.0.1','컴퓨터','수','2023','1','25','4','14','55','34'),(670,'56i52e',8,'부자과일','192.168.0.1','컴퓨터','수','2023','1','25','4','14','55','36'),(671,'56i52e',8,'부자과일','192.168.0.1','컴퓨터','수','2023','1','25','4','14','55','47'),(672,'56i52e',8,'부자과일','192.168.0.1','컴퓨터','수','2023','1','25','4','14','56','13'),(673,'56i52e',8,'부자과일','192.168.0.1','컴퓨터','수','2023','1','25','4','14','56','42'),(674,'56i52e',8,'부자과일','192.168.0.1','컴퓨터','수','2023','1','25','4','14','56','53'),(675,'28a37w',1,'가메수산','192.168.0.1','컴퓨터','수','2023','1','25','4','15','12','1'),(676,'28a37w',1,'가메수산','192.168.0.1','컴퓨터','수','2023','1','25','4','15','12','14'),(677,'28a37w',1,'가메수산','192.168.0.1','컴퓨터','수','2023','1','25','4','15','12','24'),(678,'28a37w',1,'가메수산','192.168.0.1','컴퓨터','수','2023','1','25','4','15','13','31'),(679,'28a37w',1,'가메수산','192.168.0.1','컴퓨터','수','2023','1','25','4','15','33','48'),(680,'28a37w',1,'가메수산','192.168.0.1','컴퓨터','수','2023','1','25','4','15','34','8'),(681,'89a87C',2,'종합식육점','192.168.0.1','컴퓨터','수','2023','1','25','4','16','10','28'),(682,'89a87C',2,'종합식육점','192.168.0.1','컴퓨터','수','2023','1','25','4','16','10','37'),(683,'13B2z',4,'임해식품','192.168.0.1','컴퓨터','수','2023','1','25','4','16','20','4'),(684,'89a87C',2,'종합식육점','192.168.0.1','컴퓨터','수','2023','1','25','4','16','20','6'),(685,'13B2z',4,'임해식품','192.168.0.1','컴퓨터','수','2023','1','25','4','16','20','20'),(686,'28a37w',1,'가메수산','192.168.0.1','컴퓨터','수','2023','1','25','4','16','20','39'),(687,'28a37w',1,'가메수산','192.168.0.1','컴퓨터','수','2023','1','25','4','16','21','0'),(688,'28a37w',1,'가메수산','192.168.0.1','컴퓨터','수','2023','1','25','4','16','21','6'),(689,'28a37w',1,'가메수산','192.168.0.1','컴퓨터','수','2023','1','25','4','16','21','11'),(690,'28a37w',1,'가메수산','192.168.0.1','컴퓨터','수','2023','1','25','4','16','21','22'),(691,'28a37w',1,'가메수산','192.168.0.1','컴퓨터','수','2023','1','25','4','16','21','29'),(692,'28a37w',1,'가메수산','192.168.0.1','컴퓨터','수','2023','1','25','4','16','22','21'),(693,'28a37w',1,'가메수산','192.168.0.1','컴퓨터','수','2023','1','25','4','16','22','27'),(694,'28a37w',1,'가메수산','192.168.0.1','컴퓨터','수','2023','1','25','4','16','23','7'),(695,'28a37w',1,'가메수산','192.168.0.1','컴퓨터','수','2023','1','25','4','16','23','18'),(696,'89a87C',2,'종합식육점','192.168.0.1','컴퓨터','수','2023','1','25','4','16','23','49'),(697,'28a37w',1,'가메수산','192.168.0.1','컴퓨터','수','2023','1','25','4','16','24','14'),(698,'89a87C',2,'종합식육점','192.168.0.1','컴퓨터','수','2023','1','25','4','16','30','48'),(699,'28a37w',1,'가메수산','192.168.0.1','컴퓨터','수','2023','1','25','4','16','40','3'),(700,'28a37w',1,'가메수산','192.168.0.1','컴퓨터','수','2023','1','25','4','16','47','3'),(701,'28a37w',1,'가메수산','192.168.0.1','컴퓨터','수','2023','1','25','4','16','47','26'),(702,'28a37w',1,'가메수산','192.168.0.1','컴퓨터','수','2023','1','25','4','16','48','51'),(703,'28a37w',1,'가메수산','192.168.0.1','컴퓨터','수','2023','1','25','4','16','49','4'),(704,'13B2z',4,'임해식품','192.168.0.1','컴퓨터','수','2023','1','25','4','16','50','27'),(705,'13B2z',4,'임해식품','192.168.0.1','컴퓨터','수','2023','1','25','4','16','54','42'),(706,'13B2z',4,'임해식품','192.168.0.1','컴퓨터','수','2023','1','25','4','16','55','8'),(707,'89a87C',2,'종합식육점','192.168.0.1','컴퓨터','수','2023','1','25','4','16','55','11'),(708,'89a87C',2,'종합식육점','192.168.0.1','컴퓨터','수','2023','1','25','4','16','56','15'),(709,'89a87C',2,'종합식육점','192.168.0.1','컴퓨터','수','2023','1','25','4','16','56','20'),(710,'89a87C',2,'종합식육점','192.168.0.1','컴퓨터','수','2023','1','25','4','16','56','56'),(711,'89a87C',2,'종합식육점','192.168.0.1','컴퓨터','수','2023','1','25','4','16','57','16'),(712,'89a87C',2,'종합식육점','192.168.0.1','컴퓨터','수','2023','1','25','4','16','59','43'),(713,'89a87C',2,'종합식육점','192.168.0.1','컴퓨터','수','2023','1','25','4','17','4','11'),(714,'89a87C',2,'종합식육점','192.168.0.1','컴퓨터','수','2023','1','25','4','17','5','5'),(715,'89a87C',2,'종합식육점','192.168.0.1','컴퓨터','수','2023','1','25','4','17','5','10'),(716,'89a87C',2,'종합식육점','192.168.0.1','컴퓨터','수','2023','1','25','4','17','6','21'),(717,'89a87C',2,'종합식육점','192.168.0.1','컴퓨터','수','2023','1','25','4','17','20','14'),(718,'89a87C',2,'종합식육점','192.168.0.1','컴퓨터','수','2023','1','25','4','17','20','20'),(719,'89a87C',2,'종합식육점','192.168.0.1','컴퓨터','수','2023','1','25','4','17','23','3'),(720,'89a87C',2,'종합식육점','192.168.0.1','컴퓨터','수','2023','1','25','4','17','24','49'),(721,'89a87C',2,'종합식육점','192.168.0.1','컴퓨터','수','2023','1','25','4','17','27','54'),(722,'89a87C',2,'종합식육점','192.168.0.1','컴퓨터','수','2023','1','25','4','17','27','58'),(723,'89a87C',2,'종합식육점','192.168.0.1','컴퓨터','수','2023','1','25','4','17','37','26'),(724,'89a87C',2,'종합식육점','192.168.0.1','컴퓨터','수','2023','1','25','4','17','37','52'),(725,'89a87C',2,'종합식육점','192.168.0.1','컴퓨터','수','2023','1','25','4','17','38','36'),(726,'89a87C',2,'종합식육점','192.168.0.1','컴퓨터','수','2023','1','25','4','17','42','11'),(727,'89a87C',2,'종합식육점','192.168.0.1','컴퓨터','수','2023','1','25','4','17','43','16'),(728,'56i52e',8,'부자과일','192.168.0.1','컴퓨터','목','2023','1','26','4','16','46','29'),(729,'56i52e',8,'부자과일','192.168.0.1','컴퓨터','목','2023','1','26','4','17','15','38'),(730,'13B2z',4,'임해식품','192.168.0.1','컴퓨터','월','2023','1','30','5','14','16','43'),(731,'13B2z',4,'임해식품','192.168.0.1','모바일','월','2023','1','30','5','14','49','7'),(732,'13B2z',4,'임해식품','192.168.0.1','모바일','월','2023','1','30','5','14','49','36'),(733,'13B2z',4,'임해식품','192.168.0.1','모바일','월','2023','1','30','5','14','49','41'),(734,'13B2z',4,'임해식품','192.168.0.1','모바일','월','2023','1','30','5','14','50','7'),(735,'13B2z',4,'임해식품','192.168.0.1','모바일','월','2023','1','30','5','14','50','16'),(736,'13B2z',4,'임해식품','192.168.0.1','모바일','월','2023','1','30','5','14','50','51'),(737,'13B2z',4,'임해식품','192.168.0.1','모바일','월','2023','1','30','5','14','51','7'),(738,'13B2z',4,'임해식품','192.168.0.1','모바일','월','2023','1','30','5','14','51','13'),(739,'13B2z',4,'임해식품','192.168.0.1','모바일','월','2023','1','30','5','14','51','20'),(740,'13B2z',4,'임해식품','192.168.0.1','컴퓨터','월','2023','1','30','5','15','48','30'),(741,'13B2z',4,'임해식품','192.168.0.1','컴퓨터','월','2023','1','30','5','15','51','36'),(742,'13B2z',4,'임해식품','192.168.0.1','컴퓨터','월','2023','1','30','5','15','59','21'),(743,'13B2z',4,'임해식품','175.214.137.246','모바일','월','2023','1','30','5','17','58','22'),(744,'13B2z',4,'임해식품','175.214.137.246','모바일','월','2023','1','30','5','18','0','18'),(745,'13B2z',4,'임해식품','175.214.137.246','모바일','월','2023','1','30','5','18','0','35'),(746,'13B2z',4,'임해식품','175.214.137.246','모바일','월','2023','1','30','5','18','0','46'),(747,'13B2z',4,'임해식품','175.214.137.246','모바일','월','2023','1','30','5','18','1','1'),(748,'13B2z',4,'임해식품','175.214.137.246','모바일','월','2023','1','30','5','18','1','15'),(749,'13B2z',4,'임해식품','175.214.137.246','모바일','월','2023','1','30','5','18','9','28'),(750,'13B2z',4,'임해식품','175.214.137.246','모바일','월','2023','1','30','5','18','11','30'),(751,'13B2z',4,'임해식품','118.235.42.15','모바일','월','2023','1','30','5','18','14','16'),(752,'13B2z',4,'임해식품','118.235.42.15','모바일','월','2023','1','30','5','18','14','26'),(753,'13B2z',4,'임해식품','118.235.42.15','모바일','월','2023','1','30','5','18','39','23'),(754,'13B2z',4,'임해식품','118.235.42.15','모바일','월','2023','1','30','5','18','39','25'),(755,'13B2z',4,'임해식품','118.235.42.15','모바일','월','2023','1','30','5','18','39','29'),(756,'13B2z',4,'임해식품','118.235.42.15','모바일','월','2023','1','30','5','18','39','33'),(757,'13B2z',4,'임해식품','118.235.42.15','모바일','월','2023','1','30','5','18','39','41'),(758,'13B2z',4,'임해식품','118.235.42.15','모바일','월','2023','1','30','5','18','40','35'),(759,'13B2z',4,'임해식품','118.235.42.15','모바일','월','2023','1','30','5','18','43','46'),(760,'13B2z',4,'임해식품','118.235.42.15','모바일','월','2023','1','30','5','18','55','51'),(761,'13B2z',4,'임해식품','118.235.43.234','모바일','월','2023','1','30','5','19','17','51'),(762,'13B2z',4,'임해식품','175.223.14.213','모바일','월','2023','1','30','5','20','13','50'),(763,'13B2z',4,'임해식품','175.223.14.213','모바일','월','2023','1','30','5','20','14','6'),(764,'13B2z',4,'임해식품','112.173.124.222','모바일','화','2023','1','31','5','7','35','1'),(765,'13B2z',4,'임해식품','112.173.124.222','모바일','화','2023','1','31','5','7','35','7'),(766,'13B2z',4,'임해식품','117.111.18.196','모바일','화','2023','1','31','5','9','27','38'),(767,'13B2z',4,'임해식품','117.111.18.196','모바일','화','2023','1','31','5','9','31','47'),(768,'13B2z',4,'임해식품','118.235.43.70','모바일','화','2023','1','31','5','9','52','8'),(769,'13B2z',4,'임해식품','118.235.43.70','모바일','화','2023','1','31','5','9','52','13'),(770,'13B2z',4,'임해식품','211.220.39.38','모바일','화','2023','1','31','5','10','21','40'),(771,'13B2z',4,'임해식품','118.235.43.70','모바일','화','2023','1','31','5','10','48','11'),(772,'13B2z',4,'임해식품','118.235.43.70','모바일','화','2023','1','31','5','10','57','10'),(773,'13B2z',4,'임해식품','118.235.43.70','모바일','화','2023','1','31','5','10','57','28'),(774,'56i52e',8,'부자과일','211.220.39.38','컴퓨터','화','2023','1','31','5','10','59','31'),(775,'13B2z',4,'임해식품','118.235.43.70','모바일','화','2023','1','31','5','11','16','29'),(776,'13B2z',4,'임해식품','118.235.43.70','모바일','화','2023','1','31','5','11','16','48'),(777,'13B2z',4,'임해식품','118.235.43.70','모바일','화','2023','1','31','5','11','17','1'),(778,'13B2z',4,'임해식품','118.235.43.70','모바일','화','2023','1','31','5','11','17','18'),(779,'13B2z',4,'임해식품','118.235.43.70','모바일','화','2023','1','31','5','11','17','26'),(780,'13B2z',4,'임해식품','211.220.39.38','모바일','화','2023','1','31','5','11','25','48'),(781,'13B2z',4,'임해식품','107.191.34.166','모바일','화','2023','1','31','5','11','35','16'),(782,'13B2z',4,'임해식품','45.148.169.239','모바일','화','2023','1','31','5','11','36','11'),(783,'13B2z',4,'임해식품','45.148.169.239','모바일','화','2023','1','31','5','11','36','31'),(784,'13B2z',4,'임해식품','45.148.169.238','모바일','화','2023','1','31','5','11','37','48'),(785,'56i52e',8,'부자과일','211.220.39.38','컴퓨터','화','2023','1','31','5','14','19','36'),(786,'56i52e',8,'부자과일','211.220.39.38','컴퓨터','화','2023','1','31','5','14','32','30'),(787,'13B2z',4,'임해식품','211.220.39.38','모바일','화','2023','1','31','5','17','13','14'),(788,'13B2z',4,'임해식품','211.220.39.38','모바일','화','2023','1','31','5','17','16','55'),(789,'13B2z',4,'임해식품','211.220.39.38','모바일','화','2023','1','31','5','17','17','42'),(790,'13B2z',4,'임해식품','211.220.39.38','모바일','화','2023','1','31','5','17','18','29'),(791,'13B2z',4,'임해식품','211.220.39.38','모바일','화','2023','1','31','5','17','30','30'),(792,'13B2z',4,'임해식품','211.220.39.38','모바일','화','2023','1','31','5','17','37','32'),(793,'13B2z',4,'임해식품','211.220.39.38','모바일','화','2023','1','31','5','17','37','38'),(794,'13B2z',4,'임해식품','211.220.39.38','모바일','화','2023','1','31','5','17','37','44'),(795,'13B2z',4,'임해식품','211.220.39.38','모바일','화','2023','1','31','5','17','37','48'),(796,'13B2z',4,'임해식품','211.220.39.38','모바일','화','2023','1','31','5','17','38','8'),(797,'13B2z',4,'임해식품','211.220.39.38','모바일','화','2023','1','31','5','17','38','16'),(798,'13B2z',4,'임해식품','211.220.39.38','모바일','화','2023','1','31','5','17','41','41'),(799,'13B2z',4,'임해식품','211.220.39.38','모바일','화','2023','1','31','5','17','42','13'),(800,'13B2z',4,'임해식품','211.220.39.38','모바일','화','2023','1','31','5','17','42','24'),(801,'13B2z',4,'임해식품','211.220.39.38','모바일','화','2023','1','31','5','17','46','19'),(802,'13B2z',4,'임해식품','118.235.43.115','모바일','화','2023','1','31','5','18','16','50'),(803,'13B2z',4,'임해식품','118.235.43.115','모바일','화','2023','1','31','5','18','41','18'),(804,'13B2z',4,'임해식품','118.235.43.115','모바일','화','2023','1','31','5','21','43','20'),(805,'13B2z',4,'임해식품','118.235.43.115','모바일','화','2023','1','31','5','22','26','33'),(806,'13B2z',4,'임해식품','118.235.43.115','모바일','수','2023','2','1','5','8','30','52'),(807,'13B2z',4,'임해식품','118.235.43.115','모바일','수','2023','2','1','5','8','33','4'),(808,'13B2z',4,'임해식품','118.235.43.115','모바일','수','2023','2','1','5','9','37','10'),(809,'56i52e',8,'부자과일','211.220.39.38','컴퓨터','수','2023','2','1','5','9','42','49'),(810,'13B2z',4,'임해식품','118.235.43.115','모바일','수','2023','2','1','5','9','43','21'),(811,'13B2z',4,'임해식품','118.235.43.115','모바일','수','2023','2','1','5','9','43','29'),(812,'13B2z',4,'임해식품','118.235.43.115','모바일','수','2023','2','1','5','9','46','50'),(813,'56i52e',8,'부자과일','211.220.39.38','컴퓨터','수','2023','2','1','5','9','49','56'),(814,'13B2z',4,'임해식품','118.235.43.115','모바일','수','2023','2','1','5','9','50','10'),(815,'13B2z',4,'임해식품','211.220.39.38','모바일','수','2023','2','1','5','11','37','55'),(816,'13B2z',4,'임해식품','211.220.39.38','모바일','수','2023','2','1','5','11','42','50'),(817,'13B2z',4,'임해식품','118.235.43.115','모바일','수','2023','2','1','5','11','45','52'),(818,'13B2z',4,'임해식품','118.235.43.115','모바일','수','2023','2','1','5','11','46','13'),(819,'13B2z',4,'임해식품','118.235.43.115','모바일','수','2023','2','1','5','11','46','28'),(820,'13B2z',4,'임해식품','118.235.43.115','모바일','수','2023','2','1','5','16','16','25'),(821,'13B2z',4,'임해식품','118.235.43.115','모바일','수','2023','2','1','5','16','19','22'),(822,'13B2z',4,'임해식품','209.222.0.162','모바일','수','2023','2','1','5','16','20','44'),(823,'56i52e',8,'부자과일','211.220.39.38','컴퓨터','목','2023','2','2','5','9','36','50'),(824,'13B2z',4,'임해식품','118.235.42.146','모바일','목','2023','2','2','5','9','38','1'),(825,'13B2z',4,'임해식품','118.235.42.146','모바일','목','2023','2','2','5','9','38','20'),(826,'13B2z',4,'임해식품','118.235.42.146','모바일','목','2023','2','2','5','9','38','45'),(827,'13B2z',4,'임해식품','118.235.42.146','모바일','목','2023','2','2','5','9','39','4'),(828,'13B2z',4,'임해식품','118.235.42.146','모바일','목','2023','2','2','5','9','39','28'),(829,'13B2z',4,'임해식품','118.235.42.146','모바일','목','2023','2','2','5','9','40','10'),(830,'13B2z',4,'임해식품','118.235.42.146','모바일','목','2023','2','2','5','9','40','32'),(831,'13B2z',4,'임해식품','118.235.42.146','모바일','목','2023','2','2','5','9','40','40'),(832,'13B2z',4,'임해식품','211.220.39.38','모바일','목','2023','2','2','5','9','50','25'),(833,'13B2z',4,'임해식품','211.220.39.38','모바일','목','2023','2','2','5','9','50','54'),(834,'13B2z',4,'임해식품','211.220.39.38','모바일','목','2023','2','2','5','9','53','8'),(835,'13B2z',4,'임해식품','211.220.39.38','모바일','목','2023','2','2','5','10','7','23'),(836,'13B2z',4,'임해식품','211.220.39.38','모바일','목','2023','2','2','5','10','7','46'),(837,'13B2z',4,'임해식품','118.235.42.146','모바일','목','2023','2','2','5','10','10','36'),(838,'13B2z',4,'임해식품','118.235.42.146','모바일','목','2023','2','2','5','10','11','0'),(839,'13B2z',4,'임해식품','118.235.42.146','모바일','목','2023','2','2','5','10','11','12'),(840,'13B2z',4,'임해식품','118.235.42.146','모바일','목','2023','2','2','5','10','13','31'),(841,'13B2z',4,'임해식품','211.220.39.38','모바일','목','2023','2','2','5','10','23','29'),(842,'13B2z',4,'임해식품','211.220.39.38','모바일','목','2023','2','2','5','10','24','1'),(843,'56i52e',8,'부자과일','211.220.39.38','컴퓨터','목','2023','2','2','5','10','34','22'),(844,'13B2z',4,'임해식품','211.220.39.38','모바일','목','2023','2','2','5','10','34','59'),(845,'13B2z',4,'임해식품','118.235.42.146','모바일','목','2023','2','2','5','11','13','16'),(846,'13B2z',4,'임해식품','118.235.42.146','모바일','목','2023','2','2','5','11','14','13'),(847,'13B2z',4,'임해식품','118.235.42.146','모바일','목','2023','2','2','5','11','14','34'),(848,'13B2z',4,'임해식품','118.235.42.146','모바일','목','2023','2','2','5','12','36','53'),(849,'13B2z',4,'임해식품','118.235.42.146','모바일','목','2023','2','2','5','13','22','33'),(850,'13B2z',4,'임해식품','118.235.42.146','모바일','목','2023','2','2','5','13','51','37'),(851,'13B2z',4,'임해식품','118.235.42.146','모바일','목','2023','2','2','5','13','51','42'),(852,'13B2z',4,'임해식품','118.235.42.146','모바일','목','2023','2','2','5','13','51','49'),(853,'13B2z',4,'임해식품','118.235.42.146','모바일','목','2023','2','2','5','13','51','55'),(854,'13B2z',4,'임해식품','118.235.42.146','모바일','목','2023','2','2','5','13','52','28'),(855,'13B2z',4,'임해식품','118.235.42.146','모바일','목','2023','2','2','5','13','52','34'),(856,'13B2z',4,'임해식품','211.220.39.38','컴퓨터','목','2023','2','2','5','13','58','18'),(857,'13B2z',4,'임해식품','211.220.39.38','컴퓨터','목','2023','2','2','5','13','58','18'),(858,'13B2z',4,'임해식품','118.235.42.146','모바일','목','2023','2','2','5','14','29','55'),(859,'13B2z',4,'임해식품','118.235.42.146','모바일','목','2023','2','2','5','14','30','9'),(860,'13B2z',4,'임해식품','118.235.42.146','모바일','목','2023','2','2','5','14','33','17'),(861,'13B2z',4,'임해식품','118.235.42.146','모바일','목','2023','2','2','5','14','35','24'),(862,'13B2z',4,'임해식품','118.235.42.146','모바일','목','2023','2','2','5','14','35','41'),(863,'13B2z',4,'임해식품','211.220.39.38','컴퓨터','목','2023','2','2','5','14','36','8'),(864,'13B2z',4,'임해식품','118.235.42.146','모바일','목','2023','2','2','5','14','36','29'),(865,'13B2z',4,'임해식품','211.220.39.38','컴퓨터','목','2023','2','2','5','14','36','53'),(866,'13B2z',4,'임해식품','118.235.42.146','모바일','목','2023','2','2','5','14','51','26'),(867,'13B2z',4,'임해식품','118.235.42.146','모바일','목','2023','2','2','5','14','51','30'),(868,'13B2z',4,'임해식품','118.235.42.146','모바일','목','2023','2','2','5','14','51','35'),(869,'13B2z',4,'임해식품','118.235.42.146','모바일','목','2023','2','2','5','14','51','46'),(870,'13B2z',4,'임해식품','118.235.42.146','모바일','목','2023','2','2','5','14','51','56'),(871,'13B2z',4,'임해식품','118.235.42.146','모바일','목','2023','2','2','5','14','52','29'),(872,'13B2z',4,'임해식품','118.235.42.146','모바일','목','2023','2','2','5','14','52','33'),(873,'13B2z',4,'임해식품','118.235.42.146','모바일','목','2023','2','2','5','14','52','35'),(874,'13B2z',4,'임해식품','118.235.42.146','모바일','목','2023','2','2','5','14','52','40'),(875,'13B2z',4,'임해식품','118.235.42.146','모바일','목','2023','2','2','5','14','52','50'),(876,'13B2z',4,'임해식품','118.235.42.146','모바일','목','2023','2','2','5','14','52','59'),(877,'13B2z',4,'임해식품','118.235.42.146','모바일','목','2023','2','2','5','14','53','9'),(878,'13B2z',4,'임해식품','211.220.39.38','모바일','목','2023','2','2','5','15','25','13'),(879,'13B2z',4,'임해식품','211.220.39.38','모바일','목','2023','2','2','5','15','29','35'),(880,'13B2z',4,'임해식품','118.235.42.146','모바일','목','2023','2','2','5','16','4','36'),(881,'13B2z',4,'임해식품','118.235.42.146','모바일','목','2023','2','2','5','16','5','7'),(882,'13B2z',4,'임해식품','118.235.42.146','모바일','목','2023','2','2','5','16','5','12'),(883,'13B2z',4,'임해식품','118.235.42.146','모바일','목','2023','2','2','5','16','5','22'),(884,'13B2z',4,'임해식품','118.235.42.146','모바일','목','2023','2','2','5','16','22','2'),(885,'13B2z',4,'임해식품','118.235.42.146','모바일','목','2023','2','2','5','17','3','25'),(886,'13B2z',4,'임해식품','118.235.42.146','모바일','목','2023','2','2','5','17','8','9'),(887,'13B2z',4,'임해식품','118.235.42.146','모바일','목','2023','2','2','5','17','8','14'),(888,'13B2z',4,'임해식품','118.235.42.146','모바일','목','2023','2','2','5','18','23','14'),(889,'13B2z',4,'임해식품','118.235.42.146','모바일','목','2023','2','2','5','18','23','44'),(890,'13B2z',4,'임해식품','118.235.42.146','모바일','목','2023','2','2','5','18','24','0'),(891,'13B2z',4,'임해식품','118.235.42.146','모바일','목','2023','2','2','5','18','24','21'),(892,'13B2z',4,'임해식품','118.235.42.146','모바일','목','2023','2','2','5','18','24','34'),(893,'13B2z',4,'임해식품','118.235.42.146','모바일','목','2023','2','2','5','18','24','49'),(894,'13B2z',4,'임해식품','118.235.42.146','모바일','목','2023','2','2','5','18','25','9'),(895,'13B2z',4,'임해식품','118.235.42.146','모바일','목','2023','2','2','5','18','39','57'),(896,'13B2z',4,'임해식품','118.235.42.146','모바일','목','2023','2','2','5','18','47','48'),(897,'13B2z',4,'임해식품','118.235.42.146','모바일','목','2023','2','2','5','18','47','52'),(898,'13B2z',4,'임해식품','118.235.42.146','모바일','목','2023','2','2','5','19','15','52'),(899,'13B2z',4,'임해식품','118.235.42.146','모바일','목','2023','2','2','5','19','16','1'),(900,'13B2z',4,'임해식품','118.235.42.146','모바일','목','2023','2','2','5','20','21','33'),(901,'13B2z',4,'임해식품','118.235.42.146','모바일','목','2023','2','2','5','20','21','55'),(902,'13B2z',4,'임해식품','118.235.42.146','모바일','금','2023','2','3','5','0','48','29'),(903,'13B2z',4,'임해식품','118.235.42.146','모바일','금','2023','2','3','5','0','48','51'),(904,'13B2z',4,'임해식품','118.235.42.146','모바일','금','2023','2','3','5','0','49','27'),(905,'13B2z',4,'임해식품','118.235.42.146','모바일','금','2023','2','3','5','0','49','49'),(906,'13B2z',4,'임해식품','118.235.42.194','모바일','금','2023','2','3','5','12','5','26'),(907,'13B2z',4,'임해식품','118.235.42.194','모바일','금','2023','2','3','5','12','5','49'),(908,'13B2z',4,'임해식품','118.235.42.194','모바일','금','2023','2','3','5','12','8','7'),(909,'13B2z',4,'임해식품','118.235.42.194','모바일','금','2023','2','3','5','12','8','13'),(910,'13B2z',4,'임해식품','118.235.42.194','모바일','금','2023','2','3','5','20','13','33'),(911,'13B2z',4,'임해식품','118.235.42.194','모바일','금','2023','2','3','5','20','13','41'),(912,'13B2z',4,'임해식품','112.173.124.222','모바일','금','2023','2','3','5','23','18','31'),(913,'13B2z',4,'임해식품','112.173.124.222','모바일','토','2023','2','4','5','18','23','20'),(914,'13B2z',4,'임해식품','118.235.41.7','모바일','월','2023','2','6','6','12','48','11'),(915,'13B2z',4,'임해식품','118.235.41.7','모바일','월','2023','2','6','6','12','48','22'),(916,'13B2z',4,'임해식품','118.235.41.7','모바일','월','2023','2','6','6','12','48','28'),(917,'13B2z',4,'임해식품','211.220.39.38','모바일','월','2023','2','6','6','14','11','30'),(918,'13B2z',4,'임해식품','211.220.39.38','모바일','월','2023','2','6','6','14','11','52'),(919,'13B2z',4,'임해식품','211.220.39.38','모바일','월','2023','2','6','6','14','12','3'),(920,'13B2z',4,'임해식품','211.220.39.38','모바일','월','2023','2','6','6','14','12','9'),(921,'13B2z',4,'임해식품','211.220.39.38','모바일','월','2023','2','6','6','14','12','33'),(922,'13B2z',4,'임해식품','211.220.39.38','모바일','월','2023','2','6','6','14','12','42'),(923,'13B2z',4,'임해식품','118.235.41.7','모바일','월','2023','2','6','6','14','28','24'),(924,'13B2z',4,'임해식품','118.235.41.7','모바일','월','2023','2','6','6','14','28','30'),(925,'13B2z',4,'임해식품','211.220.39.38','모바일','월','2023','2','6','6','14','34','3'),(926,'13B2z',4,'임해식품','211.220.39.38','모바일','월','2023','2','6','6','14','34','14'),(927,'13B2z',4,'임해식품','211.220.39.38','모바일','월','2023','2','6','6','14','36','47'),(928,'13B2z',4,'임해식품','211.220.39.38','모바일','월','2023','2','6','6','14','38','52'),(929,'13B2z',4,'임해식품','211.220.39.38','모바일','월','2023','2','6','6','14','39','23'),(930,'13B2z',4,'임해식품','211.220.39.38','모바일','월','2023','2','6','6','14','39','32'),(931,'13B2z',4,'임해식품','211.220.39.38','모바일','월','2023','2','6','6','14','39','38'),(932,'13B2z',4,'임해식품','211.220.39.38','모바일','월','2023','2','6','6','14','39','47'),(933,'13B2z',4,'임해식품','211.220.39.38','모바일','월','2023','2','6','6','14','41','50'),(934,'13B2z',4,'임해식품','211.220.39.38','모바일','월','2023','2','6','6','14','42','3'),(935,'13B2z',4,'임해식품','211.220.39.38','모바일','월','2023','2','6','6','14','42','18'),(936,'13B2z',4,'임해식품','118.235.41.7','모바일','월','2023','2','6','6','14','42','22'),(937,'13B2z',4,'임해식품','118.235.41.7','모바일','월','2023','2','6','6','14','42','35'),(938,'13B2z',4,'임해식품','211.220.39.38','모바일','월','2023','2','6','6','14','45','15'),(939,'13B2z',4,'임해식품','118.235.41.7','모바일','월','2023','2','6','6','14','46','21'),(940,'13B2z',4,'임해식품','118.235.41.7','모바일','월','2023','2','6','6','14','46','35'),(941,'13B2z',4,'임해식품','211.220.39.38','모바일','월','2023','2','6','6','14','50','56'),(942,'13B2z',4,'임해식품','211.220.39.38','모바일','월','2023','2','6','6','14','51','19'),(943,'13B2z',4,'임해식품','211.220.39.38','모바일','월','2023','2','6','6','14','51','37'),(944,'13B2z',4,'임해식품','118.235.41.7','모바일','월','2023','2','6','6','14','54','1'),(945,'13B2z',4,'임해식품','118.235.41.7','모바일','월','2023','2','6','6','14','54','12'),(946,'13B2z',4,'임해식품','118.235.41.7','모바일','월','2023','2','6','6','14','54','19'),(947,'13B2z',4,'임해식품','211.220.39.38','모바일','월','2023','2','6','6','14','58','35'),(948,'13B2z',4,'임해식품','211.220.39.38','모바일','월','2023','2','6','6','14','59','2'),(949,'13B2z',4,'임해식품','211.220.39.38','모바일','월','2023','2','6','6','14','59','10'),(950,'13B2z',4,'임해식품','211.220.39.38','모바일','월','2023','2','6','6','14','59','19'),(951,'13B2z',4,'임해식품','118.235.41.7','모바일','월','2023','2','6','6','15','4','30'),(952,'13B2z',4,'임해식품','118.235.41.7','모바일','월','2023','2','6','6','15','8','39'),(953,'13B2z',4,'임해식품','118.235.41.7','모바일','월','2023','2','6','6','15','8','57'),(954,'13B2z',4,'임해식품','118.235.41.7','모바일','월','2023','2','6','6','15','9','45'),(955,'13B2z',4,'임해식품','118.235.41.7','모바일','월','2023','2','6','6','15','9','54'),(956,'13B2z',4,'임해식품','118.235.41.7','모바일','월','2023','2','6','6','15','10','9'),(957,'13B2z',4,'임해식품','118.235.41.7','모바일','월','2023','2','6','6','15','10','10'),(958,'13B2z',4,'임해식품','118.235.41.7','모바일','월','2023','2','6','6','15','10','15'),(959,'13B2z',4,'임해식품','118.235.41.7','모바일','월','2023','2','6','6','15','10','17'),(960,'13B2z',4,'임해식품','118.235.41.7','모바일','월','2023','2','6','6','15','10','41'),(961,'13B2z',4,'임해식품','118.235.41.7','모바일','월','2023','2','6','6','15','10','49'),(962,'13B2z',4,'임해식품','211.220.39.38','컴퓨터','월','2023','2','6','6','15','11','4'),(963,'13B2z',4,'임해식품','211.220.39.38','컴퓨터','월','2023','2','6','6','15','11','11'),(964,'13B2z',4,'임해식품','211.220.39.38','컴퓨터','월','2023','2','6','6','15','11','12'),(965,'13B2z',4,'임해식품','211.220.39.38','컴퓨터','월','2023','2','6','6','15','11','12'),(966,'13B2z',4,'임해식품','211.220.39.38','컴퓨터','월','2023','2','6','6','15','11','12'),(967,'13B2z',4,'임해식품','211.220.39.38','컴퓨터','월','2023','2','6','6','15','11','12'),(968,'13B2z',4,'임해식품','211.220.39.38','컴퓨터','월','2023','2','6','6','15','11','13'),(969,'13B2z',4,'임해식품','211.220.39.38','컴퓨터','월','2023','2','6','6','15','11','13'),(970,'13B2z',4,'임해식품','211.220.39.38','컴퓨터','월','2023','2','6','6','15','11','13'),(971,'13B2z',4,'임해식품','211.220.39.38','컴퓨터','월','2023','2','6','6','15','11','14'),(972,'13B2z',4,'임해식품','211.220.39.38','컴퓨터','월','2023','2','6','6','15','11','14'),(973,'13B2z',4,'임해식품','211.220.39.38','컴퓨터','월','2023','2','6','6','15','11','14'),(974,'13B2z',4,'임해식품','118.235.41.7','모바일','월','2023','2','6','6','15','11','26'),(975,'13B2z',4,'임해식품','118.235.41.7','모바일','월','2023','2','6','6','15','18','54'),(976,'13B2z',4,'임해식품','118.235.41.7','모바일','월','2023','2','6','6','15','18','57'),(977,'13B2z',4,'임해식품','211.220.39.38','모바일','월','2023','2','6','6','15','25','11'),(978,'13B2z',4,'임해식품','211.220.39.38','모바일','월','2023','2','6','6','15','25','51'),(979,'13B2z',4,'임해식품','157.52.144.4','모바일','월','2023','2','6','6','15','25','59'),(980,'13B2z',4,'임해식품','211.220.39.38','모바일','월','2023','2','6','6','15','27','10'),(981,'13B2z',4,'임해식품','211.220.39.38','모바일','월','2023','2','6','6','15','27','10'),(982,'13B2z',4,'임해식품','209.222.0.170','모바일','월','2023','2','6','6','15','28','30'),(983,'13B2z',4,'임해식품','23.228.81.11','모바일','월','2023','2','6','6','15','31','6'),(984,'13B2z',4,'임해식품','45.148.169.238','모바일','월','2023','2','6','6','15','39','22'),(985,'13B2z',4,'임해식품','118.235.41.7','모바일','월','2023','2','6','6','15','45','44'),(986,'13B2z',4,'임해식품','118.235.41.7','모바일','월','2023','2','6','6','15','46','12'),(987,'13B2z',4,'임해식품','23.228.81.11','모바일','월','2023','2','6','6','15','46','44'),(988,'13B2z',4,'임해식품','211.220.39.38','컴퓨터','월','2023','2','6','6','15','50','56'),(989,'13B2z',4,'임해식품','118.235.41.7','모바일','월','2023','2','6','6','15','52','51'),(990,'13B2z',4,'임해식품','157.52.144.4','모바일','월','2023','2','6','6','15','55','43'),(991,'13B2z',4,'임해식품','118.235.41.7','모바일','월','2023','2','6','6','15','58','22'),(992,'13B2z',4,'임해식품','118.235.41.7','모바일','월','2023','2','6','6','15','58','59'),(993,'13B2z',4,'임해식품','118.235.41.7','모바일','월','2023','2','6','6','16','6','26'),(994,'13B2z',4,'임해식품','118.235.41.7','모바일','월','2023','2','6','6','16','8','14'),(995,'13B2z',4,'임해식품','185.200.100.188','모바일','월','2023','2','6','6','16','12','7'),(996,'13B2z',4,'임해식품','211.220.39.38','모바일','월','2023','2','6','6','16','14','0'),(997,'13B2z',4,'임해식품','211.220.39.38','모바일','월','2023','2','6','6','16','15','11'),(998,'13B2z',4,'임해식품','211.220.39.38','모바일','월','2023','2','6','6','16','17','59'),(999,'13B2z',4,'임해식품','211.220.39.38','모바일','월','2023','2','6','6','16','18','29'),(1000,'13B2z',4,'임해식품','211.220.39.38','모바일','월','2023','2','6','6','16','18','56'),(1001,'13B2z',4,'임해식품','211.220.39.38','모바일','월','2023','2','6','6','16','19','45'),(1002,'13B2z',4,'임해식품','211.220.39.38','모바일','월','2023','2','6','6','16','23','17'),(1003,'13B2z',4,'임해식품','211.220.39.38','모바일','월','2023','2','6','6','16','23','29'),(1004,'13B2z',4,'임해식품','211.220.39.38','모바일','월','2023','2','6','6','16','24','17'),(1005,'13B2z',4,'임해식품','211.220.39.38','모바일','월','2023','2','6','6','16','25','12'),(1006,'13B2z',4,'임해식품','211.220.39.38','모바일','월','2023','2','6','6','16','25','43'),(1007,'13B2z',4,'임해식품','211.220.39.38','모바일','월','2023','2','6','6','16','26','4'),(1008,'13B2z',4,'임해식품','211.220.39.38','모바일','월','2023','2','6','6','16','28','9'),(1009,'13B2z',4,'임해식품','211.220.39.38','모바일','월','2023','2','6','6','16','28','32'),(1010,'13B2z',4,'임해식품','211.220.39.38','모바일','월','2023','2','6','6','16','29','10'),(1011,'13B2z',4,'임해식품','211.220.39.38','모바일','월','2023','2','6','6','16','30','16'),(1012,'13B2z',4,'임해식품','211.220.39.38','모바일','월','2023','2','6','6','16','31','1'),(1013,'13B2z',4,'임해식품','118.235.41.7','모바일','월','2023','2','6','6','16','42','15'),(1014,'13B2z',4,'임해식품','118.235.41.7','모바일','월','2023','2','6','6','16','42','31'),(1015,'13B2z',4,'임해식품','118.235.41.7','모바일','월','2023','2','6','6','16','43','31'),(1016,'13B2z',4,'임해식품','118.235.41.7','모바일','월','2023','2','6','6','16','43','42'),(1017,'13B2z',4,'임해식품','211.220.39.38','모바일','월','2023','2','6','6','16','49','59'),(1018,'13B2z',4,'임해식품','157.52.144.4','모바일','월','2023','2','6','6','16','51','27'),(1019,'13B2z',4,'임해식품','211.220.39.38','모바일','월','2023','2','6','6','16','57','16'),(1020,'13B2z',4,'임해식품','211.220.39.38','모바일','월','2023','2','6','6','16','59','55'),(1021,'13B2z',4,'임해식품','118.235.41.7','모바일','월','2023','2','6','6','17','6','3'),(1022,'13B2z',4,'임해식품','211.220.39.38','모바일','월','2023','2','6','6','17','6','30'),(1023,'13B2z',4,'임해식품','211.220.39.38','모바일','월','2023','2','6','6','17','16','4'),(1024,'13B2z',4,'임해식품','211.220.39.38','모바일','월','2023','2','6','6','17','22','22'),(1025,'13B2z',4,'임해식품','211.220.39.38','모바일','월','2023','2','6','6','17','23','7'),(1026,'13B2z',4,'임해식품','211.220.39.38','모바일','월','2023','2','6','6','17','23','32'),(1027,'13B2z',4,'임해식품','118.235.41.7','모바일','월','2023','2','6','6','17','30','41'),(1028,'13B2z',4,'임해식품','118.235.41.7','모바일','월','2023','2','6','6','17','30','51'),(1029,'13B2z',4,'임해식품','118.235.41.7','모바일','월','2023','2','6','6','17','31','48'),(1030,'13B2z',4,'임해식품','118.235.41.7','모바일','월','2023','2','6','6','17','32','6'),(1031,'13B2z',4,'임해식품','118.235.41.7','모바일','월','2023','2','6','6','17','39','40'),(1032,'13B2z',4,'임해식품','118.235.41.7','모바일','월','2023','2','6','6','17','39','52'),(1033,'13B2z',4,'임해식품','118.235.41.7','모바일','월','2023','2','6','6','17','40','14'),(1034,'13B2z',4,'임해식품','118.235.41.7','모바일','월','2023','2','6','6','17','40','42'),(1035,'13B2z',4,'임해식품','211.220.39.38','모바일','월','2023','2','6','6','17','49','8'),(1036,'13B2z',4,'임해식품','118.235.41.7','모바일','월','2023','2','6','6','17','51','9'),(1037,'13B2z',4,'임해식품','118.235.41.7','모바일','월','2023','2','6','6','17','51','22'),(1038,'13B2z',4,'임해식품','118.235.41.7','모바일','월','2023','2','6','6','17','51','25'),(1039,'13B2z',4,'임해식품','118.235.41.7','모바일','월','2023','2','6','6','17','51','57'),(1040,'13B2z',4,'임해식품','118.235.41.7','모바일','월','2023','2','6','6','18','5','24'),(1041,'13B2z',4,'임해식품','118.235.41.7','모바일','월','2023','2','6','6','19','4','8'),(1042,'13B2z',4,'임해식품','118.235.41.7','모바일','월','2023','2','6','6','20','40','35'),(1043,'13B2z',4,'임해식품','118.235.41.7','모바일','월','2023','2','6','6','21','44','35'),(1044,'13B2z',4,'임해식품','211.220.39.38','모바일','화','2023','2','7','6','9','11','57'),(1045,'13B2z',4,'임해식품','211.220.39.38','모바일','화','2023','2','7','6','9','16','33'),(1046,'13B2z',4,'임해식품','211.220.39.38','모바일','화','2023','2','7','6','9','25','16'),(1047,'13B2z',4,'임해식품','211.220.39.38','모바일','화','2023','2','7','6','9','35','54'),(1048,'13B2z',4,'임해식품','211.220.39.38','모바일','화','2023','2','7','6','9','40','40'),(1049,'13B2z',4,'임해식품','211.220.39.38','모바일','화','2023','2','7','6','9','41','4'),(1050,'13B2z',4,'임해식품','211.220.39.38','모바일','화','2023','2','7','6','9','41','38'),(1051,'13B2z',4,'임해식품','211.220.39.38','모바일','화','2023','2','7','6','9','41','43'),(1052,'13B2z',4,'임해식품','211.220.39.38','모바일','화','2023','2','7','6','9','42','56'),(1053,'13B2z',4,'임해식품','211.220.39.38','모바일','화','2023','2','7','6','9','43','10'),(1054,'13B2z',4,'임해식품','211.220.39.38','모바일','화','2023','2','7','6','9','44','49'),(1055,'13B2z',4,'임해식품','211.220.39.38','모바일','화','2023','2','7','6','9','45','28'),(1056,'13B2z',4,'임해식품','211.220.39.38','모바일','화','2023','2','7','6','9','46','43'),(1057,'13B2z',4,'임해식품','211.220.39.38','모바일','화','2023','2','7','6','9','48','27'),(1058,'13B2z',4,'임해식품','211.220.39.38','모바일','화','2023','2','7','6','9','48','44'),(1059,'13B2z',4,'임해식품','211.220.39.38','모바일','화','2023','2','7','6','9','57','24'),(1060,'13B2z',4,'임해식품','118.235.41.102','모바일','화','2023','2','7','6','9','58','42'),(1061,'13B2z',4,'임해식품','118.235.41.102','모바일','화','2023','2','7','6','10','10','23'),(1062,'13B2z',4,'임해식품','23.228.81.11','모바일','화','2023','2','7','6','10','15','19'),(1063,'13B2z',4,'임해식품','23.228.81.11','모바일','화','2023','2','7','6','10','16','37'),(1064,'13B2z',4,'임해식품','118.235.41.102','모바일','화','2023','2','7','6','10','18','57'),(1065,'13B2z',4,'임해식품','118.235.41.102','모바일','화','2023','2','7','6','10','19','22'),(1066,'13B2z',4,'임해식품','118.235.41.102','모바일','화','2023','2','7','6','10','20','40'),(1067,'13B2z',4,'임해식품','118.235.41.102','모바일','화','2023','2','7','6','10','21','14'),(1068,'13B2z',4,'임해식품','118.235.41.102','모바일','화','2023','2','7','6','10','21','36'),(1069,'13B2z',4,'임해식품','118.235.41.102','모바일','화','2023','2','7','6','10','21','54'),(1070,'13B2z',4,'임해식품','118.235.41.102','모바일','화','2023','2','7','6','10','22','19'),(1071,'13B2z',4,'임해식품','118.235.41.102','모바일','화','2023','2','7','6','10','22','55'),(1072,'13B2z',4,'임해식품','118.235.41.102','모바일','화','2023','2','7','6','10','23','22'),(1073,'13B2z',4,'임해식품','211.220.39.38','모바일','화','2023','2','7','6','10','23','52'),(1074,'13B2z',4,'임해식품','118.235.41.102','모바일','화','2023','2','7','6','11','11','58'),(1075,'13B2z',4,'임해식품','118.235.41.102','모바일','화','2023','2','7','6','11','12','37'),(1076,'13B2z',4,'임해식품','118.235.41.102','모바일','화','2023','2','7','6','11','12','51'),(1077,'13B2z',4,'임해식품','118.235.41.102','모바일','화','2023','2','7','6','11','13','13'),(1078,'13B2z',4,'임해식품','118.235.41.102','모바일','화','2023','2','7','6','11','18','6'),(1079,'13B2z',4,'임해식품','211.220.39.38','모바일','화','2023','2','7','6','11','20','39'),(1080,'13B2z',4,'임해식품','211.220.39.38','모바일','화','2023','2','7','6','11','30','57'),(1081,'13B2z',4,'임해식품','211.220.39.38','모바일','화','2023','2','7','6','11','31','45'),(1082,'13B2z',4,'임해식품','211.220.39.38','모바일','화','2023','2','7','6','11','41','39'),(1083,'13B2z',4,'임해식품','211.220.39.38','모바일','화','2023','2','7','6','11','41','41'),(1084,'13B2z',4,'임해식품','211.220.39.38','모바일','화','2023','2','7','6','11','41','43'),(1085,'13B2z',4,'임해식품','211.220.39.38','모바일','화','2023','2','7','6','11','41','43'),(1086,'13B2z',4,'임해식품','211.220.39.38','모바일','화','2023','2','7','6','11','41','44'),(1087,'13B2z',4,'임해식품','211.220.39.38','모바일','화','2023','2','7','6','11','41','46'),(1088,'13B2z',4,'임해식품','211.220.39.38','모바일','화','2023','2','7','6','11','41','50'),(1089,'13B2z',4,'임해식품','211.220.39.38','모바일','화','2023','2','7','6','11','41','57'),(1090,'13B2z',4,'임해식품','211.220.39.38','모바일','화','2023','2','7','6','11','42','10'),(1091,'13B2z',4,'임해식품','211.220.39.38','모바일','화','2023','2','7','6','11','44','25'),(1092,'13B2z',4,'임해식품','211.220.39.38','모바일','화','2023','2','7','6','11','49','38'),(1093,'13B2z',4,'임해식품','211.220.39.38','모바일','화','2023','2','7','6','11','49','41'),(1094,'13B2z',4,'임해식품','211.220.39.38','모바일','화','2023','2','7','6','11','49','48'),(1095,'13B2z',4,'임해식품','211.220.39.38','모바일','화','2023','2','7','6','11','51','0'),(1096,'13B2z',4,'임해식품','211.220.39.38','모바일','화','2023','2','7','6','11','54','9'),(1097,'13B2z',4,'임해식품','211.220.39.38','모바일','화','2023','2','7','6','12','4','47'),(1098,'13B2z',4,'임해식품','211.220.39.38','모바일','화','2023','2','7','6','12','5','0'),(1099,'13B2z',4,'임해식품','211.220.39.38','모바일','화','2023','2','7','6','12','7','10'),(1100,'13B2z',4,'임해식품','118.235.41.102','모바일','화','2023','2','7','6','12','12','26'),(1101,'13B2z',4,'임해식품','211.220.39.38','모바일','화','2023','2','7','6','12','23','8'),(1102,'13B2z',4,'임해식품','211.220.39.38','모바일','화','2023','2','7','6','12','26','0'),(1103,'13B2z',4,'임해식품','211.220.39.38','모바일','화','2023','2','7','6','12','26','32'),(1104,'13B2z',4,'임해식품','211.220.39.38','모바일','화','2023','2','7','6','12','29','41'),(1105,'13B2z',4,'임해식품','118.235.41.102','모바일','화','2023','2','7','6','12','32','46'),(1106,'13B2z',4,'임해식품','118.235.41.102','모바일','화','2023','2','7','6','12','47','42'),(1107,'13B2z',4,'임해식품','118.235.41.102','모바일','화','2023','2','7','6','12','47','48'),(1108,'13B2z',4,'임해식품','118.235.41.102','모바일','화','2023','2','7','6','12','47','53'),(1109,'13B2z',4,'임해식품','211.220.39.38','모바일','화','2023','2','7','6','13','29','5'),(1110,'13B2z',4,'임해식품','118.235.41.102','모바일','화','2023','2','7','6','13','51','52'),(1111,'13B2z',4,'임해식품','118.235.41.102','모바일','화','2023','2','7','6','13','52','24'),(1112,'13B2z',4,'임해식품','118.235.41.102','모바일','화','2023','2','7','6','13','52','52'),(1113,'13B2z',4,'임해식품','118.235.41.102','모바일','화','2023','2','7','6','13','53','4'),(1114,'13B2z',4,'임해식품','45.148.169.236','모바일','화','2023','2','7','6','13','55','1'),(1115,'13B2z',4,'임해식품','118.235.41.102','모바일','화','2023','2','7','6','13','59','6'),(1116,'13B2z',4,'임해식품','118.235.41.102','모바일','화','2023','2','7','6','13','59','43'),(1117,'13B2z',4,'임해식품','157.52.144.4','모바일','화','2023','2','7','6','14','1','17'),(1118,'13B2z',4,'임해식품','157.52.144.4','모바일','화','2023','2','7','6','14','7','49'),(1119,'13B2z',4,'임해식품','211.220.39.38','모바일','화','2023','2','7','6','14','14','17'),(1120,'13B2z',4,'임해식품','211.220.39.38','모바일','화','2023','2','7','6','14','17','0'),(1121,'13B2z',4,'임해식품','118.235.41.102','모바일','화','2023','2','7','6','14','20','21'),(1122,'13B2z',4,'임해식품','118.235.41.102','모바일','화','2023','2','7','6','14','20','36'),(1123,'13B2z',4,'임해식품','118.235.41.102','모바일','화','2023','2','7','6','14','20','50'),(1124,'13B2z',4,'임해식품','118.235.41.102','모바일','화','2023','2','7','6','14','21','20'),(1125,'13B2z',4,'임해식품','157.52.144.4','모바일','화','2023','2','7','6','14','26','14'),(1126,'13B2z',4,'임해식품','45.148.169.234','모바일','화','2023','2','7','6','14','28','39'),(1127,'13B2z',4,'임해식품','211.220.39.38','모바일','화','2023','2','7','6','14','29','1'),(1128,'13B2z',4,'임해식품','211.220.39.38','모바일','화','2023','2','7','6','14','30','58'),(1129,'13B2z',4,'임해식품','211.220.39.38','모바일','화','2023','2','7','6','14','31','26'),(1130,'13B2z',4,'임해식품','211.220.39.38','모바일','화','2023','2','7','6','14','33','34'),(1131,'13B2z',4,'임해식품','23.228.81.10','모바일','화','2023','2','7','6','14','35','11'),(1132,'13B2z',4,'임해식품','211.220.39.38','모바일','화','2023','2','7','6','14','37','50'),(1133,'13B2z',4,'임해식품','211.220.39.38','모바일','화','2023','2','7','6','14','43','6'),(1134,'13B2z',4,'임해식품','211.220.39.38','모바일','화','2023','2','7','6','14','43','9'),(1135,'13B2z',4,'임해식품','211.220.39.38','모바일','화','2023','2','7','6','14','43','27'),(1136,'13B2z',4,'임해식품','211.220.39.38','모바일','화','2023','2','7','6','14','43','39'),(1137,'13B2z',4,'임해식품','211.220.39.38','모바일','화','2023','2','7','6','14','43','42'),(1138,'13B2z',4,'임해식품','211.220.39.38','모바일','화','2023','2','7','6','14','43','59'),(1139,'13B2z',4,'임해식품','185.200.100.181','모바일','화','2023','2','7','6','14','46','48'),(1140,'13B2z',4,'임해식품','211.220.39.38','모바일','화','2023','2','7','6','14','48','12'),(1141,'13B2z',4,'임해식품','45.148.169.236','모바일','화','2023','2','7','6','14','49','25'),(1142,'13B2z',4,'임해식품','211.220.39.38','모바일','화','2023','2','7','6','14','50','37'),(1143,'13B2z',4,'임해식품','211.220.39.38','모바일','화','2023','2','7','6','14','52','15'),(1144,'13B2z',4,'임해식품','211.220.39.38','모바일','화','2023','2','7','6','14','52','47'),(1145,'13B2z',4,'임해식품','211.220.39.38','모바일','화','2023','2','7','6','14','54','3'),(1146,'13B2z',4,'임해식품','211.220.39.38','모바일','화','2023','2','7','6','14','54','4'),(1147,'13B2z',4,'임해식품','211.220.39.38','모바일','화','2023','2','7','6','14','58','37'),(1148,'13B2z',4,'임해식품','211.220.39.38','모바일','화','2023','2','7','6','15','2','48'),(1149,'13B2z',4,'임해식품','211.220.39.38','모바일','화','2023','2','7','6','15','4','37'),(1150,'13B2z',4,'임해식품','211.220.39.38','모바일','화','2023','2','7','6','15','4','53'),(1151,'13B2z',4,'임해식품','211.220.39.38','모바일','화','2023','2','7','6','15','4','53'),(1152,'13B2z',4,'임해식품','211.220.39.38','모바일','화','2023','2','7','6','15','5','17'),(1153,'13B2z',4,'임해식품','45.148.169.236','모바일','화','2023','2','7','6','15','9','27'),(1154,'13B2z',4,'임해식품','118.235.42.13','모바일','화','2023','2','7','6','15','15','10'),(1155,'13B2z',4,'임해식품','118.235.42.13','모바일','화','2023','2','7','6','15','56','35'),(1156,'13B2z',4,'임해식품','118.235.42.13','모바일','화','2023','2','7','6','15','56','47'),(1157,'13B2z',4,'임해식품','118.235.42.13','모바일','화','2023','2','7','6','15','56','52'),(1158,'13B2z',4,'임해식품','118.235.42.13','모바일','화','2023','2','7','6','16','31','17'),(1159,'13B2z',4,'임해식품','118.235.42.13','모바일','화','2023','2','7','6','16','31','29'),(1160,'13B2z',4,'임해식품','118.235.42.13','모바일','화','2023','2','7','6','16','31','44'),(1161,'13B2z',4,'임해식품','118.235.42.13','모바일','화','2023','2','7','6','16','31','57'),(1162,'13B2z',4,'임해식품','118.235.42.13','모바일','화','2023','2','7','6','16','32','4'),(1163,'13B2z',4,'임해식품','118.235.42.13','모바일','화','2023','2','7','6','16','32','9'),(1164,'13B2z',4,'임해식품','185.200.100.178','모바일','화','2023','2','7','6','16','36','58'),(1165,'13B2z',4,'임해식품','118.235.42.13','모바일','화','2023','2','7','6','16','37','53'),(1166,'13B2z',4,'임해식품','23.228.81.11','모바일','화','2023','2','7','6','16','38','45'),(1167,'13B2z',4,'임해식품','45.148.169.236','모바일','화','2023','2','7','6','16','41','24'),(1168,'13B2z',4,'임해식품','118.235.42.13','모바일','화','2023','2','7','6','16','47','52'),(1169,'13B2z',4,'임해식품','118.235.42.13','모바일','화','2023','2','7','6','16','48','22'),(1170,'13B2z',4,'임해식품','95.141.37.58','모바일','화','2023','2','7','6','16','49','41'),(1171,'13B2z',4,'임해식품','185.200.100.196','모바일','화','2023','2','7','6','16','50','53'),(1172,'13B2z',4,'임해식품','118.235.42.13','모바일','화','2023','2','7','6','16','53','52'),(1173,'13B2z',4,'임해식품','118.235.42.13','모바일','화','2023','2','7','6','16','54','33'),(1174,'13B2z',4,'임해식품','118.235.42.13','모바일','화','2023','2','7','6','16','56','6'),(1175,'13B2z',4,'임해식품','118.235.42.13','모바일','화','2023','2','7','6','16','56','38'),(1176,'13B2z',4,'임해식품','118.235.42.13','모바일','화','2023','2','7','6','16','57','15'),(1177,'13B2z',4,'임해식품','118.235.42.13','모바일','화','2023','2','7','6','16','57','25'),(1178,'13B2z',4,'임해식품','45.148.169.238','모바일','화','2023','2','7','6','16','57','45'),(1179,'13B2z',4,'임해식품','118.235.42.13','모바일','화','2023','2','7','6','17','11','45'),(1180,'13B2z',4,'임해식품','118.235.42.13','모바일','화','2023','2','7','6','17','11','51'),(1181,'13B2z',4,'임해식품','118.235.42.13','모바일','화','2023','2','7','6','17','12','7'),(1182,'13B2z',4,'임해식품','118.235.42.13','모바일','화','2023','2','7','6','17','12','52'),(1183,'13B2z',4,'임해식품','118.235.42.13','모바일','화','2023','2','7','6','17','12','57'),(1184,'13B2z',4,'임해식품','118.235.42.13','모바일','화','2023','2','7','6','17','13','17'),(1185,'13B2z',4,'임해식품','118.235.42.13','모바일','화','2023','2','7','6','17','13','26'),(1186,'13B2z',4,'임해식품','118.235.42.13','모바일','화','2023','2','7','6','17','25','17'),(1187,'13B2z',4,'임해식품','118.235.42.13','모바일','화','2023','2','7','6','17','25','28'),(1188,'13B2z',4,'임해식품','118.235.42.13','모바일','화','2023','2','7','6','17','25','31'),(1189,'13B2z',4,'임해식품','118.235.42.13','모바일','화','2023','2','7','6','17','25','33'),(1190,'13B2z',4,'임해식품','118.235.42.13','모바일','화','2023','2','7','6','17','25','47'),(1191,'13B2z',4,'임해식품','118.235.42.13','모바일','화','2023','2','7','6','17','25','58'),(1192,'13B2z',4,'임해식품','118.235.42.13','모바일','화','2023','2','7','6','17','26','8'),(1193,'13B2z',4,'임해식품','118.235.42.13','모바일','화','2023','2','7','6','17','26','25'),(1194,'13B2z',4,'임해식품','118.235.42.13','모바일','화','2023','2','7','6','17','30','49'),(1195,'13B2z',4,'임해식품','118.235.42.13','모바일','화','2023','2','7','6','17','31','6'),(1196,'13B2z',4,'임해식품','118.235.42.13','모바일','화','2023','2','7','6','17','43','34'),(1197,'13B2z',4,'임해식품','175.214.137.246','모바일','화','2023','2','7','6','18','3','37'),(1198,'13B2z',4,'임해식품','118.235.42.13','모바일','화','2023','2','7','6','18','4','49'),(1199,'13B2z',4,'임해식품','118.235.42.13','모바일','화','2023','2','7','6','18','5','55'),(1200,'13B2z',4,'임해식품','118.235.42.13','모바일','화','2023','2','7','6','18','20','39'),(1201,'13B2z',4,'임해식품','118.235.42.13','모바일','화','2023','2','7','6','18','20','48'),(1202,'13B2z',4,'임해식품','118.235.42.13','모바일','화','2023','2','7','6','18','38','54'),(1203,'13B2z',4,'임해식품','118.235.42.13','모바일','화','2023','2','7','6','18','38','58'),(1204,'13B2z',4,'임해식품','118.235.42.13','모바일','화','2023','2','7','6','19','7','4'),(1205,'13B2z',4,'임해식품','118.235.42.13','모바일','화','2023','2','7','6','19','7','17'),(1206,'13B2z',4,'임해식품','118.235.42.13','모바일','화','2023','2','7','6','19','9','48'),(1207,'13B2z',4,'임해식품','118.235.42.13','모바일','화','2023','2','7','6','19','30','27'),(1208,'13B2z',4,'임해식품','112.173.124.222','모바일','수','2023','2','8','6','0','6','49'),(1209,'13B2z',4,'임해식품','112.173.124.222','모바일','수','2023','2','8','6','0','7','4'),(1210,'13B2z',4,'임해식품','211.220.39.38','모바일','수','2023','2','8','6','9','44','54'),(1211,'13B2z',4,'임해식품','211.220.39.38','모바일','수','2023','2','8','6','9','46','21'),(1212,'13B2z',4,'임해식품','95.141.36.35','모바일','수','2023','2','8','6','10','4','23'),(1213,'13B2z',4,'임해식품','45.148.169.234','모바일','수','2023','2','8','6','10','4','54'),(1214,'13B2z',4,'임해식품','95.141.36.35','모바일','수','2023','2','8','6','10','5','44'),(1215,'13B2z',4,'임해식품','95.141.36.35','모바일','수','2023','2','8','6','10','5','46'),(1216,'13B2z',4,'임해식품','209.222.0.162','모바일','수','2023','2','8','6','10','6','16'),(1217,'13B2z',4,'임해식품','211.220.39.38','모바일','수','2023','2','8','6','10','6','41'),(1218,'13B2z',4,'임해식품','211.220.39.38','모바일','수','2023','2','8','6','10','7','39'),(1219,'13B2z',4,'임해식품','211.220.39.38','모바일','수','2023','2','8','6','10','7','57'),(1220,'13B2z',4,'임해식품','211.220.39.38','모바일','수','2023','2','8','6','10','8','7'),(1221,'13B2z',4,'임해식품','211.220.39.38','모바일','수','2023','2','8','6','10','8','11'),(1222,'13B2z',4,'임해식품','185.200.100.188','모바일','수','2023','2','8','6','10','8','29'),(1223,'13B2z',4,'임해식품','211.220.39.38','모바일','수','2023','2','8','6','10','8','56'),(1224,'13B2z',4,'임해식품','185.200.100.188','모바일','수','2023','2','8','6','10','8','58'),(1225,'13B2z',4,'임해식품','211.220.39.38','모바일','수','2023','2','8','6','10','9','1'),(1226,'13B2z',4,'임해식품','185.200.100.188','모바일','수','2023','2','8','6','10','9','2'),(1227,'13B2z',4,'임해식품','211.220.39.38','모바일','수','2023','2','8','6','10','9','28'),(1228,'13B2z',4,'임해식품','107.179.89.36','모바일','수','2023','2','8','6','10','15','56'),(1229,'13B2z',4,'임해식품','211.220.39.38','모바일','수','2023','2','8','6','10','16','15'),(1230,'13B2z',4,'임해식품','211.220.39.38','모바일','수','2023','2','8','6','10','16','27'),(1231,'13B2z',4,'임해식품','211.220.39.38','모바일','수','2023','2','8','6','10','19','18'),(1232,'13B2z',4,'임해식품','211.220.39.38','모바일','수','2023','2','8','6','10','19','26'),(1233,'13B2z',4,'임해식품','157.52.144.3','모바일','수','2023','2','8','6','10','21','5'),(1234,'13B2z',4,'임해식품','211.220.39.38','모바일','수','2023','2','8','6','10','25','36'),(1235,'13B2z',4,'임해식품','211.220.39.38','모바일','수','2023','2','8','6','10','25','47'),(1236,'13B2z',4,'임해식품','211.220.39.38','모바일','수','2023','2','8','6','10','26','34'),(1237,'13B2z',4,'임해식품','107.179.89.36','모바일','수','2023','2','8','6','10','27','59'),(1238,'13B2z',4,'임해식품','211.220.39.38','모바일','수','2023','2','8','6','10','38','21'),(1239,'13B2z',4,'임해식품','95.141.37.58','모바일','수','2023','2','8','6','10','41','2'),(1240,'13B2z',4,'임해식품','211.220.39.38','모바일','수','2023','2','8','6','10','42','10'),(1241,'13B2z',4,'임해식품','211.220.39.38','모바일','수','2023','2','8','6','10','42','18'),(1242,'13B2z',4,'임해식품','211.220.39.38','모바일','수','2023','2','8','6','10','42','43'),(1243,'13B2z',4,'임해식품','157.52.144.4','모바일','수','2023','2','8','6','10','46','25'),(1244,'13B2z',4,'임해식품','211.220.39.38','모바일','수','2023','2','8','6','10','46','35'),(1245,'13B2z',4,'임해식품','211.220.39.38','모바일','수','2023','2','8','6','10','46','54'),(1246,'13B2z',4,'임해식품','211.220.39.38','모바일','수','2023','2','8','6','11','7','25'),(1247,'13B2z',4,'임해식품','185.200.100.196','모바일','수','2023','2','8','6','11','9','12'),(1248,'13B2z',4,'임해식품','211.220.39.38','모바일','수','2023','2','8','6','11','9','42'),(1249,'13B2z',4,'임해식품','211.220.39.38','모바일','수','2023','2','8','6','11','47','32'),(1250,'13B2z',4,'임해식품','211.220.39.38','모바일','수','2023','2','8','6','11','47','44'),(1251,'13B2z',4,'임해식품','211.220.39.38','모바일','수','2023','2','8','6','11','47','51'),(1252,'13B2z',4,'임해식품','211.220.39.38','모바일','수','2023','2','8','6','11','50','50'),(1253,'13B2z',4,'임해식품','211.220.39.38','모바일','수','2023','2','8','6','11','51','10'),(1254,'13B2z',4,'임해식품','211.220.39.38','모바일','수','2023','2','8','6','11','51','20'),(1255,'13B2z',4,'임해식품','211.220.39.38','모바일','수','2023','2','8','6','11','51','30'),(1256,'13B2z',4,'임해식품','211.220.39.38','모바일','수','2023','2','8','6','11','52','6'),(1257,'13B2z',4,'임해식품','211.220.39.38','모바일','수','2023','2','8','6','12','15','53'),(1258,'13B2z',4,'임해식품','211.220.39.38','모바일','수','2023','2','8','6','12','16','50'),(1259,'13B2z',4,'임해식품','211.220.39.38','모바일','수','2023','2','8','6','12','16','56'),(1260,'13B2z',4,'임해식품','211.220.39.38','모바일','수','2023','2','8','6','15','17','1'),(1261,'13B2z',4,'임해식품','211.220.39.38','모바일','수','2023','2','8','6','16','2','54'),(1262,'13B2z',4,'임해식품','211.220.39.38','모바일','수','2023','2','8','6','16','16','31'),(1263,'13B2z',4,'임해식품','118.235.42.248','모바일','수','2023','2','8','6','18','14','16'),(1264,'13B2z',4,'임해식품','211.220.39.38','모바일','목','2023','2','9','6','16','25','29'),(1265,'13B2z',4,'임해식품','211.220.39.38','모바일','금','2023','2','10','6','12','14','48'),(1266,'13B2z',4,'임해식품','118.235.42.17','모바일','금','2023','2','10','6','13','56','54'),(1267,'13B2z',4,'임해식품','118.235.42.17','모바일','금','2023','2','10','6','13','57','19'),(1268,'13B2z',4,'임해식품','118.235.44.250','모바일','토','2023','2','11','6','13','30','11'),(1269,'13B2z',4,'임해식품','118.235.44.250','모바일','토','2023','2','11','6','18','36','10'),(1270,'13B2z',4,'임해식품','118.235.44.250','모바일','토','2023','2','11','6','18','36','33'),(1271,'13B2z',4,'임해식품','122.36.94.120','모바일','월','2023','2','13','7','7','3','19'),(1272,'13B2z',4,'임해식품','211.220.39.38','모바일','월','2023','2','13','7','10','52','36'),(1273,'13B2z',4,'임해식품','118.235.43.101','모바일','월','2023','2','13','7','19','9','16'),(1274,'13B2z',4,'임해식품','118.235.43.101','모바일','월','2023','2','13','7','19','9','27'),(1275,'13B2z',4,'임해식품','118.235.43.101','모바일','월','2023','2','13','7','19','10','8'),(1276,'13B2z',4,'임해식품','112.173.124.222','모바일','화','2023','2','14','7','18','4','7'),(1277,'13B2z',4,'임해식품','127.0.0.1','컴퓨터','월','2023','2','20','8','16','14','33');
/*!40000 ALTER TABLE `visit` ENABLE KEYS */;
UNLOCK TABLES;
/*!40103 SET TIME_ZONE=@OLD_TIME_ZONE */;

/*!40101 SET SQL_MODE=@OLD_SQL_MODE */;
/*!40014 SET FOREIGN_KEY_CHECKS=@OLD_FOREIGN_KEY_CHECKS */;
/*!40014 SET UNIQUE_CHECKS=@OLD_UNIQUE_CHECKS */;
/*!40101 SET CHARACTER_SET_CLIENT=@OLD_CHARACTER_SET_CLIENT */;
/*!40101 SET CHARACTER_SET_RESULTS=@OLD_CHARACTER_SET_RESULTS */;
/*!40101 SET COLLATION_CONNECTION=@OLD_COLLATION_CONNECTION */;
/*!40111 SET SQL_NOTES=@OLD_SQL_NOTES */;

-- Dump completed on 2023-02-24 21:02:01
